--------- beginning of main
09-18 07:27:14.279 12066 16952 D RISH    : exited with 0
09-18 07:27:14.279 12066 16951 W RISH    : client dead, kill forked process
09-18 07:27:14.280 16939 16954 I RISH    : remote exit
09-18 07:27:14.282 16939 16939 I rish    : System.exit called, status: 0
09-18 07:27:14.282 16939 16939 I AndroidRuntime: VM exiting with result code 0.
09-18 07:27:14.306 16957 16957 W bash    : type=1400 audit(0.0:101563): avc:  granted  { execute } for  name="rish" dev="dm-55" ino=2401523 scontext=u:r:untrusted_app_27:s0:c139,c257,c512,c768 tcontext=u:object_r:app_data_file:s0:c139,c257,c512,c768 tclass=file app=com.termux.tasker
09-18 07:27:14.314 16957 16957 W sh      : type=1400 audit(0.0:101564): avc:  granted  { execute } for  path="/data/data/com.termux/files/usr/lib/libtermux-exec-ld-preload.so" dev="dm-55" ino=2367477 scontext=u:r:untrusted_app_27:s0:c139,c257,c512,c768 tcontext=u:object_r:app_data_file:s0:c139,c257,c512,c768 tclass=file app=com.termux.tasker
09-18 07:27:14.318 16958 16958 W sh      : type=1400 audit(0.0:101565): avc:  granted  { execute } for  name="coreutils" dev="dm-55" ino=2364226 scontext=u:r:untrusted_app_27:s0:c139,c257,c512,c768 tcontext=u:object_r:app_data_file:s0:c139,c257,c512,c768 tclass=file app=com.termux.tasker
09-18 07:27:14.318 16958 16958 W sh      : type=1400 audit(0.0:101566): avc:  granted  { execute } for  name="coreutils" dev="dm-55" ino=2364226 scontext=u:r:untrusted_app_27:s0:c139,c257,c512,c768 tcontext=u:object_r:app_data_file:s0:c139,c257,c512,c768 tclass=file app=com.termux.tasker
09-18 07:27:14.318 16958 16958 W sh      : type=1400 audit(0.0:101567): avc:  granted  { execute } for  name="coreutils" dev="dm-55" ino=2364226 scontext=u:r:untrusted_app_27:s0:c139,c257,c512,c768 tcontext=u:object_r:app_data_file:s0:c139,c257,c512,c768 tclass=file app=com.termux.tasker
09-18 07:27:14.457 16960 16960 D AndroidRuntime: >>>>>> START com.android.internal.os.RuntimeInit uid 10395 <<<<<<
09-18 07:27:14.462 16960 16960 I rish    : MMAP_TRYLOCK is supported in uffd errno:2 addr:0x742e333000 size:4096
09-18 07:27:14.464 16960 16960 I AndroidRuntime: Using default boot image
09-18 07:27:14.464 16960 16960 I AndroidRuntime: Leaving lock profiling enabled
09-18 07:27:14.464 16960 16960 W libc    : Access denied finding property "odsign.verification.success"
09-18 07:27:14.468 16960 16960 W rish    : ART APEX data files are untrusted.
09-18 07:27:14.468 16960 16960 I rish    : Using CollectorTypeCMC GC.
09-18 07:27:14.469 16960 16960 E rish    : Error reading named image component header for /system/framework/boot.art, error: Image header from "/system/framework/arm64/boot.art" is invalid
09-18 07:27:14.469 16960 16960 E rish    : Could not create image space with image file '/system/framework/boot.art!/apex/com.android.art/etc/boot-image.prof!/system/etc/boot-image.prof:/system/framework/boot-framework-adservices.art'. Attempting to fall back to imageless running. Error was: Image header from "/system/framework/arm64/boot.art" is invalid
09-18 07:27:14.518  2581  2581 D wpa_supplicant: wlan0: Control interface command 'ASSOCFREQ'
09-18 07:27:14.518  2581  2581 D wpa_supplicant: wlan0: ASSOCFREQ reply=5180,len=4
09-18 07:27:14.519  2581  2581 D wpa_supplicant: wlan0: Control interface command 'DRIVER SETTXPOWER 8'
09-18 07:27:14.705 15273 15273 D BoundBrokerSvc: onUnbind: Intent { act=com.google.android.gms.feedback.internal.IFeedbackService dat=chimera-action:/... cmp=com.google.android.gms/.chimera.GmsBoundBrokerService }
09-18 07:27:14.967 16960 16960 D nativeloader: InitDefaultPublicLibraries for_preload=1: libandroid.so:libaaudio.so:libamidi.so:libbinder_ndk.so:libc.so:libcamera2ndk.so:libdl.so:libEGL.so:libGLESv1_CM.so:libGLESv2.so:libGLESv3.so:libicu.so:libicui18n.so:libicuuc.so:libjnigraphics.so:liblog.so:libmediandk.so:libm.so:libnativehelper.so:libnativewindow.so:libOpenMAXAL.so:libOpenSLES.so:libRS.so:libstdc++.so:libsync.so:libvulkan.so:libwebviewchromium_plat_support.so:libz.so
09-18 07:27:14.984 16960 16960 D nativeloader: Load libicu_jni.so using APEX ns com_android_art for caller /apex/com.android.art/javalib/core-oj.jar: ok
09-18 07:27:14.985 16960 16960 D rish    : Time zone APEX ICU file found: /apex/com.android.tzdata/etc/icu/icu_tzdata.dat
09-18 07:27:14.985 16960 16960 D rish    : I18n APEX ICU file found: /apex/com.android.i18n/etc/icu/icudt72l.dat
09-18 07:27:14.986 16960 16960 D nativeloader: Load libjavacore.so using APEX ns com_android_art for caller /apex/com.android.art/javalib/core-oj.jar: ok
09-18 07:27:14.988 16960 16960 D nativeloader: Load libopenjdk.so using APEX ns com_android_art for caller /apex/com.android.art/javalib/core-oj.jar: ok
09-18 07:27:15.023  2581  2581 D wpa_supplicant: wlan0: Control interface command 'ASSOCFREQ'
09-18 07:27:15.023  2581  2581 D wpa_supplicant: wlan0: ASSOCFREQ reply=5180,len=4
09-18 07:27:15.024  2581  2581 D wpa_supplicant: wlan0: Control interface command 'DRIVER SETTXPOWER 8'
09-18 07:27:15.027 16960 16960 I rish    : Priority-to-niceness mapping: 19, 16, 13, 10, 0, -2, -4, -5, -6, -8
09-18 07:27:15.089 16960 16960 W libc    : Access denied finding property "ro.product.name_for_attestation"
09-18 07:27:15.090 16960 16960 W libc    : Access denied finding property "ro.product.brand_for_attestation"
09-18 07:27:15.090 16960 16960 W libc    : Access denied finding property "ro.product.model_for_attestation"
09-18 07:27:15.311 16960 16960 D nativeloader: Load libframework-connectivity-tiramisu-jni.so using APEX ns com_android_tethering for caller /apex/com.android.tethering/javalib/framework-connectivity-t.jar: ok
09-18 07:27:15.312 16960 16960 D AndroidRuntime: Calling main entry rikka.shizuku.shell.ShizukuShellLoader
09-18 07:27:15.364 16960 16960 W rish    : Unsupported class loader: java.lang.Class<dalvik.system.BaseDexClassLoader>
09-18 07:27:15.365 12066 22650 V BinderSender: Uid 10594 already starts
09-18 07:27:15.384 16960 16960 W rish    : Unsupported class loader: java.lang.Class<dalvik.system.BaseDexClassLoader>
09-18 07:27:15.411 16960 16960 D nativeloader: InitApexLibraries:
09-18 07:27:15.411 16960 16960 D nativeloader:   com_android_art: libnativehelper.so
09-18 07:27:15.411 16960 16960 D nativeloader:   com_android_i18n: libicui18n.so:libicuuc.so:libicu.so
09-18 07:27:15.411 16960 16960 D nativeloader:   com_android_neuralnetworks: libneuralnetworks.so
09-18 07:27:15.411 16960 16960 D nativeloader: InitDefaultPublicLibraries for_preload=0: libandroid.so:libaaudio.so:libamidi.so:libbinder_ndk.so:libc.so:libcamera2ndk.so:libclang_rt.hwasan-aarch64-android.so:libdl.so:libEGL.so:libGLESv1_CM.so:libGLESv2.so:libGLESv3.so:libjnigraphics.so:liblog.so:libmediandk.so:libm.so:libnativewindow.so:libOpenMAXAL.so:libOpenSLES.so:libRS.so:libstdc++.so:libsync.so:libvulkan.so:libwebviewchromium_plat_support.so:libz.so
09-18 07:27:15.411 16960 16960 D nativeloader: Configuring clns-1 for other apk . target_sdk_version=0, uses_libraries=ALL, library_path=/data/app/~~Dv4T6BEpk_s45bmUYlyQbA==/moe.shizuku.privileged.api-rTGD72UrVmX7eUpLfWFR4w==/lib/arm64:/system/lib64:/system_ext/lib64, permitted_path=/data:/mnt/expand
09-18 07:27:15.412 16960 16960 D nativeloader: InitExtendedPublicLibraries: libbinauralrenderer_wrapper.qti.so:libhoaeffects.qti.so:libQOC.qti.so:libimgTuner_jni.motoimagetuner.so:libparamupdater_jni.motoparamupdater.so:libupdateprof.qti.so:libQOC.qti.so:libdiag_system.qti.so:libqape.qti.so:libqesdk_ndk_platform.qti.so:liblistenjni.qti.so
09-18 07:27:15.412 16960 16960 D nativeloader: Extending system_exposed_libraries: libbinauralrenderer_wrapper.qti.so:libhoaeffects.qti.so:libQOC.qti.so:libimgTuner_jni.motoimagetuner.so:libparamupdater_jni.motoparamupdater.so:libupdateprof.qti.so:libQOC.qti.so:libdiag_system.qti.so:libqape.qti.so:libqesdk_ndk_platform.qti.so:liblistenjni.qti.so
09-18 07:27:15.413 16960 16960 D nativeloader: InitApexLibraries:
09-18 07:27:15.413 16960 16960 D nativeloader:   
09-18 07:27:15.413 16960 16960 D nativeloader: InitVendorPublicLibraries: libportrait_repair_ppl3_ocl.so:libqti-perfd-client.so:libadsprpc.so:libcdsprpc.so:libsdsprpc.so:libfastcvopt.so:libOpenCL.so:libqmi_cci.so:libqmi_common_so.so:libqmiservices.so:libqmimotext.so:libiqi_bridge.so
09-18 07:27:15.413 16960 16960 D nativeloader: InitProductPublicLibraries: 
09-18 07:27:15.413 16960 16960 D nativeloader: Load /data/app/~~Dv4T6BEpk_s45bmUYlyQbA==/moe.shizuku.privileged.api-rTGD72UrVmX7eUpLfWFR4w==/lib/arm64/librish.so using isolated ns clns-1 (caller=/data/app/~~Dv4T6BEpk_s45bmUYlyQbA==/moe.shizuku.privileged.api-rTGD72UrVmX7eUpLfWFR4w==/base.apk): ok
09-18 07:27:15.422 16960 16960 I ShizukuApplication: attachApplication
09-18 07:27:15.427 16960 16960 D RISH    : istty stdin 1 stdout 1 stderr 1
09-18 07:27:15.429 12066 22650 D RISH    : ptmx 65
09-18 07:27:15.429 12066 22650 D RISH    : istty stdin 1 stdout 1 stderr 1
09-18 07:27:15.429 12066 22650 D RISH    : arg0=/system/bin/sh
09-18 07:27:15.429 12066 22650 D RISH    : arg1=-c
09-18 07:27:15.429 12066 22650 D RISH    : arg2=am start -W -n com.bkawrapper/.MainActivity
09-18 07:27:15.429 12066 22650 D RISH    : arg3=(null)
09-18 07:27:15.441 16970 16970 D RISH    : attempt to chdir /data/data/com.termux/files/home/b-k-aarch64
09-18 07:27:15.441 16970 16970 E RISH    : access /data/data/com.termux/files/home/b-k-aarch64 failed with 13: Permission denied
09-18 07:27:15.441 16970 16970 D RISH    : pts 52
09-18 07:27:15.441 16970 16970 D RISH    : pts -> in
09-18 07:27:15.441 16970 16970 D RISH    : pts -> out
09-18 07:27:15.441 16970 16970 D RISH    : pts -> err
09-18 07:27:15.442 16970 16970 D RISH    : istty stdin 1 stdout 1 stderr 1
09-18 07:27:15.455 12066 22650 D RISH    : setWindowSize 28 44 704 840
--------- beginning of system
09-18 07:27:15.557  2153  3233 W ActivityTaskManager: callingPackage for (uid=2000, pid=16977) has no WPC
09-18 07:27:15.565  2153  3233 I SettingsAccessControlPolicy: isDeviceSettingsChangeDisabled: value -> false
09-18 07:27:15.572  2153  3233 D CompatibilityChangeReporter: Compat change id reported: 265464455; UID 10699; state: DISABLED
09-18 07:27:15.572  2153  3233 D CompatibilityChangeReporter: Compat change id reported: 265452344; UID 10699; state: DISABLED
09-18 07:27:15.573  2153  3233 D CompatibilityChangeReporter: Compat change id reported: 266124927; UID 10699; state: DISABLED
09-18 07:27:15.573  2153  3233 D CompatibilityChangeReporter: Compat change id reported: 265451093; UID 10699; state: DISABLED
09-18 07:27:15.574  2153  3233 D CompatibilityChangeReporter: Compat change id reported: 265456536; UID 10699; state: DISABLED
09-18 07:27:15.574  2153  3233 D CompatibilityChangeReporter: Compat change id reported: 255940284; UID 10699; state: DISABLED
09-18 07:27:15.575  2153  3233 D CompatibilityChangeReporter: Compat change id reported: 236283604; UID 10699; state: DISABLED
09-18 07:27:15.575  2153  3233 D CompatibilityChangeReporter: Compat change id reported: 263959004; UID 10699; state: DISABLED
09-18 07:27:15.576  2153  3233 D CompatibilityChangeReporter: Compat change id reported: 264304459; UID 10699; state: DISABLED
09-18 07:27:15.577  2153  3233 D CompatibilityChangeReporter: Compat change id reported: 264301586; UID 10699; state: DISABLED
09-18 07:27:15.578  2153  3233 D CompatibilityChangeReporter: Compat change id reported: 254631730; UID 10699; state: DISABLED
09-18 07:27:15.579  2153  3233 D CompatibilityChangeReporter: Compat change id reported: 273509367; UID 10699; state: DISABLED
09-18 07:27:15.579  2153  3233 D CompatibilityChangeReporter: Compat change id reported: 263259275; UID 10699; state: DISABLED
09-18 07:27:15.580  2153  3233 D CompatibilityChangeReporter: Compat change id reported: 174042980; UID 10699; state: DISABLED
09-18 07:27:15.580  2153  3233 D CompatibilityChangeReporter: Compat change id reported: 174042936; UID 10699; state: DISABLED
09-18 07:27:15.581  2153  3233 D CompatibilityChangeReporter: Compat change id reported: 181136395; UID 10699; state: DISABLED
09-18 07:27:15.594  2153  3233 D CompatibilityChangeReporter: Compat change id reported: 194480991; UID 10699; state: ENABLED
09-18 07:27:15.598  2153  3233 D ActivityTaskManager: getPreferredLaunchDisplay userset_displayid false user set display id -1, current focus display 0
09-18 07:27:15.601  2153  3233 D ActivityTaskManager: getPreferredLaunchDisplay userset_displayid false user set display id -1, current focus display 0
09-18 07:27:15.611  2153  3233 D ActivityTaskManager: getPreferredLaunchDisplay userset_displayid false user set display id -1, current focus display 0
09-18 07:27:15.612  2153  3233 D ActivityTaskManager: getPreferredLaunchDisplay userset_displayid false user set display id -1, current focus display 0
09-18 07:27:15.629  1103  1167 E ANDR-PERF-RESOURCEQS: ANDR-PERF-RESOURCEQS: AddAndApply() 131: Resource value ffffffff is not supported
09-18 07:27:15.633  2153  3233 D ActivityTaskManager: getPreferredLaunchDisplay userset_displayid false user set display id 0, current focus display 0
09-18 07:27:15.633  2153  3233 D ActivityTaskManager: getPreferredLaunchDisplay userset_displayid false user set display id 0, current focus display 0
09-18 07:27:15.635  2153  3233 D CompatibilityChangeReporter: Compat change id reported: 184838306; UID 10699; state: DISABLED
09-18 07:27:15.636  2153  3233 D CompatibilityChangeReporter: Compat change id reported: 185004937; UID 10699; state: DISABLED
09-18 07:27:15.638  2153  3233 D CompatibilityChangeReporter: Compat change id reported: 197654537; UID 10699; state: ENABLED
09-18 07:27:15.645  2153  3233 D PowerManagerService: nativeSetPowerMode ret:false mode:5 enabled:true duration ms: 0
09-18 07:27:15.647  2153  3233 D CompatibilityChangeReporter: Compat change id reported: 205907456; UID 10699; state: ENABLED
09-18 07:27:15.648  2153  3233 D ActivityTrigger: ActivityTrigger activityPauseTrigger 
09-18 07:27:15.649  2153  3233 D PowerManagerService: nativeAcquireSuspendBlocker name:PowerManagerService.WakeLocks duration ms: 1
09-18 07:27:15.651  2153  3233 I ActivityTaskManager: START u0 {flg=0x10000000 cmp=com.bkawrapper/.MainActivity} with LAUNCH_MULTIPLE from uid 2000 (startActivityAndWait) (BAL_ALLOW_PERMISSION) result code=0
09-18 07:27:15.658  2598  2677 V WindowManagerShell: Transition requested: android.os.BinderProxy@aa302b7 TransitionRequestInfo { type = 1, triggerTask = TaskInfo{userId=0 taskId=7135 displayId=0 isRunning=true baseIntent=Intent { flg=0x10000000 cmp=com.bkawrapper/.MainActivity } baseActivity=ComponentInfo{com.bkawrapper/com.bkawrapper.MainActivity} topActivity=ComponentInfo{com.bkawrapper/com.bkawrapper.MainActivity} origActivity=null realActivity=ComponentInfo{com.bkawrapper/com.bkawrapper.MainActivity} numActivities=1 lastActiveTime=130595761 supportsMultiWindow=true supportsGlobalFreeform=true resizeMode=1 isResizeable=true isAppLocked=false canKillAndRestart=false isShowDecorCaptionWindowRequest=false minWidth=-1 minHeight=-1 defaultMinSize=200 token=WCT{android.window.IWindowContainerToken$Stub$Proxy@2c61a24} topActivityType=1 pictureInPictureParams=null shouldDockBigOverlays=false launchIntoPipHostTaskId=-1 lastParentTaskIdBeforePip=-1 displayCutoutSafeInsets=Rect(0, 80 - 0, 0) topActivityInfo=ActivityInfo{628498d com.bkawrapper.MainActivity} launchCookies=[] positionInParent=Point(0, 0) parentTaskId=-1 isFocused=false isVisible=false isVisibleRequested=false isSleeping=false topActivityInSizeCompat=false topActivityEligibleForLetterboxEducation= false topActivityLetterboxed= false isFromDoubleTap= false topActivityLetterboxVerticalPosition= -1 topActivityLetterboxHorizontalPosition= -1 topActivityLetterboxWidth=-1 topActivityLetterboxHeight=-1 locusId=null displayAreaFeatureId=1 cameraCompatControlState=hidden}, remoteTransition = null, displayChange = null, flags = 0 }
09-18 07:27:15.665  2153  2210 D CompatibilityChangeReporter: Compat change id reported: 135634846; UID 10699; state: DISABLED
09-18 07:27:15.666  2153  2218 D CompatibilityChangeReporter: Compat change id reported: 143937733; UID 10699; state: ENABLED
09-18 07:27:15.674 12066 22650 V BinderSender: Uid 10699 starts
09-18 07:27:15.674  2153  2490 D WifiStaIfaceHidlImpl: getCachedScanData is not implemented by HIDL
09-18 07:27:15.678  2153  2490 D WifiClientModeImpl[101413:wlan0]: updateLinkLayerStatsRssiSpeedFrequencyCapabilities rssi=-39 TxLinkspeed=433 freq=5180 RxLinkSpeed=433
09-18 07:27:15.678  2153  2382 D CompatibilityChangeReporter: Compat change id reported: 265195908; UID 10699; state: ENABLED
09-18 07:27:15.678  2153  2490 D WifiDataStall: tx tput in kbps: 407628
09-18 07:27:15.678  2153  2490 D WifiDataStall: rx tput in kbps: 407628
09-18 07:27:15.678  2153  2490 V WifiConfigManager: Updating scan detail cache freq=5180 BSSID=e8:2c:6d:c8:6a:84 RSSI=-39 for "XCI-6a83-5G"WPA_PSK
09-18 07:27:15.679  2153  2490 D WifiDataStall:  ccaLevel = 15
09-18 07:27:15.679  2153  2490 D WifiDataStall: L2 txTputKbps: 387247, rxTputKbps: 407628, L3 txTputKbps: 0, rxTputKbps: 0, TxTrafficHigh: false, RxTrafficHigh: false, Throughput Sufficient: true
09-18 07:27:15.679  2153  2490 D WifiThroughputPredictor:  utilization (LLS) 15 isBluetoothConnected: false final utilization: 15
09-18 07:27:15.679  2153  2490 D WifiThroughputPredictor:  BW: 2 RSSI: -39 Nss: 1 Mode: 5 symDur: 3600 snrDb 35 bitPerTone: 6667 rate: 433 throughput: 407
09-18 07:27:15.679  2153  2490 D WifiThroughputPredictor:  utilization (LLS) 15 isBluetoothConnected: false final utilization: 15
09-18 07:27:15.679  2153  2490 D WifiThroughputPredictor:  BW: 2 RSSI: -39 Nss: 1 Mode: 5 symDur: 3600 snrDb 35 bitPerTone: 6667 rate: 433 throughput: 407
09-18 07:27:15.689  2153  6487 I MotoWifiScorer: onWifiUsabilityStats, seqNum: 10723, isSameBssidAndFreq: true, RSSI: -39, isThroughputSufficient: true, LinkSpeed: 433 Mbps, RxLinkSpeed: 433 Mbps
09-18 07:27:15.689  2153  6487 I MotoWifiScorer: updateWifiUsabilityStats, seqNum: 10723, RSSI: -39, isThroughputSufficient: true, LinkSpeed: 433 Mbps, RxLinkSpeed: 433 Mbps
09-18 07:27:15.689  2153  6487 I MotoWifiScorer: updateWifiUsabilityStats, Duration: 3029, Rx Good: 0, Tx Good: 1, Tx Bad: 0 ( 0 % ), Tx Retry: 0 ( 0 % )
09-18 07:27:15.689  2153  2490 D WifiScoreCard: BSSID update SIGNAL_POLL ID: 1360832325 SSID: "XCI-6a83-5G", BSSID: e8:2c:6d:c8:6a:84, MAC: 76:bf:1f:15:dd:10, IP: /192.168.229.9, Security type: 2, Supplicant state: COMPLETED, Wi-Fi standard: 11ac, RSSI: -39, Link speed: 433Mbps, Tx Link speed: 433Mbps, Max Supported Tx Link speed: 433Mbps, Rx Link speed: 433Mbps, Max Supported Rx Link speed: 433Mbps, Frequency: 5180MHz, Net ID: 8, Metered hint: false, score: 60, isUsable: true, CarrierMerged: false, SubscriptionId: -1, IsPrimary: 1, Trusted: true, Restricted: false, Ephemeral: false, OEM paid: false, OEM private: false, OSU AP: false, FQDN: <none>, Provider friendly name: <none>, Requesting package name: <none>"XCI-6a83-5G"wpa2-pskMLO Information: , Is TID-To-Link negotiation supported by the AP: false, AP MLD Address: <none>, AP MLO Link Id: <none>, AP MLO Affiliated links: <none>, Vendor Data: <none>
09-18 07:27:15.689  2153  2490 D WifiScoreCard: txRate: 3 txSpeed: 433
09-18 07:27:15.689  2153  2490 D WifiScoreCard: network update SIGNAL_POLL "XCI-6a83-5G" ID: 1628180958 RSSI -39 txSpeed -1
09-18 07:27:15.689  2153  6487 I WifiService: getCurrentNetwork uid=1000
09-18 07:27:15.690  2598  3262 V WifiManager: TrafficStateCallbackProxy: onStateChanged state=2
09-18 07:27:15.690  2598  2750 V WifiManager: TrafficStateCallbackProxy: onStateChanged state=2
09-18 07:27:15.691  2153  2490 D WifiClientModeImpl[101413:wlan0]:  ClientModeImpl$L2ConnectedState screen=on 131 0 "XCI-6a83-5G" e8:2c:6d:c8:6a:84 rssi=-39 f=5180 sc=60 link=433 tx=2.0, 0.0, 0.0 rx=1.9 bcn=804576 [on:56 tx:0 rx:0 period:3030] from screen [on:167512 period:742121] score=60
09-18 07:27:15.691  2598  2685 D ViewRootImpl: update {(0,0)(fillxfill) ty=APPLICATION_STARTING fmt=TRANSLUCENT wanim=0x10302fe
09-18 07:27:15.691  2598  2685 D ViewRootImpl:   fl=NOT_FOCUSABLE NOT_TOUCHABLE LAYOUT_IN_SCREEN LAYOUT_INSET_DECOR ALT_FOCUSABLE_IM HARDWARE_ACCELERATED DRAWS_SYSTEM_BAR_BACKGROUNDS
09-18 07:27:15.691  2598  2685 D ViewRootImpl:   pfl=SHOW_FOR_ALL_USERS FIT_INSETS_CONTROLLED
09-18 07:27:15.691  2598  2685 D ViewRootImpl:   bhv=DEFAULT
09-18 07:27:15.691  2598  2685 D ViewRootImpl:   fitSides=} by setView
09-18 07:27:15.692  2153  6487 I MotoWifiScorer: onWifiUsabilityStats, FinalScore: 60, RssiBasedScore: 60, LinkBonus: 0, TcpBonus: 0
09-18 07:27:15.695  2153  6487 I MotoWifiScorer: onWifiUsabilityStats, WiFi Usable: true
09-18 07:27:15.686   977   977 D Zygote  : Forked child process 16985
09-18 07:27:15.697 16985 16985 I libc    : SetHeapTaggingLevel: tag level set to 0
09-18 07:27:15.698  2153  2218 I ActivityManager: Start proc 16985:com.bkawrapper/u0a699 for next-top-activity {com.bkawrapper/com.bkawrapper.MainActivity}
09-18 07:27:15.700  2153  2497 D ConnectivityService: NetReassign [no changes] [c 0] [a 1] [i 3]
09-18 07:27:15.708 16985 16985 I com.bkawrapper: Late-enabling -Xcheck:jni
09-18 07:27:15.715  2598  2598 D StatusBarIconController: ignoring old pipeline callback because the new wifi icon is enabled
09-18 07:27:15.738  2153  2453 D CoreBackPreview: Window{77089c0 u0 Splash Screen com.bkawrapper}: Setting back callback OnBackInvokedCallbackInfo{mCallback=android.window.IOnBackInvokedCallback$Stub$Proxy@fa8af16, mPriority=0, mIsAnimationCallback=false}
09-18 07:27:15.750  2598  2709 E OpenGLRenderer: Unable to match the desired swap behavior.
09-18 07:27:15.755 16985 16985 I com.bkawrapper: Using CollectorTypeCMC GC.
09-18 07:27:15.772  1186  3041 D SurfaceFlinger: setDesiredDisplayModeSpecs: by process 2153
09-18 07:27:15.773  1186  1186 D RefreshRateSelector: constructAvailableRefreshRates: {defaultModeId=0, allowGroupSwitching=false, primaryRanges={physical=[60.00 Hz, inf Hz], render=[60.00 Hz, 90.00 Hz]}, appRequestRanges={physical=[0.00 Hz, inf Hz], render=[0.00 Hz, 90.00 Hz]}} 
09-18 07:27:15.773  1186  1186 D RefreshRateSelector: primary render rates: 60.00 Hz (60.00 Hz) 90.00 Hz (90.00 Hz) 
09-18 07:27:15.773  1186  1186 D RefreshRateSelector: app request render rates: 20.00 Hz (60.00 Hz) 22.50 Hz (90.00 Hz) 30.00 Hz (60.00 Hz) 45.00 Hz (90.00 Hz) 60.00 Hz (60.00 Hz) 90.00 Hz (90.00 Hz) 
09-18 07:27:15.773  1186  1186 I RefreshRateSelector: constructAvailableRefreshRates: Found m60HzRefreshRateModeOpt at index 0
09-18 07:27:15.773  1186  1186 D RefreshRateSelector: Special render rates: 
09-18 07:27:15.774  1186  1186 D RefreshRateSelector: [-218041700:0:0]: mTouchBoostRefreshRateAvailable=0, mScrollBoostRefreshRateAvailable=0
09-18 07:27:15.774  1186  1186 I RefreshRateSelector: Display 4630946747577212033 policy changed
09-18 07:27:15.774  1186  1186 I RefreshRateSelector: Previous: {defaultModeId=0, allowGroupSwitching=false, primaryRanges={physical=[60.00 Hz, inf Hz], render=[60.00 Hz, 60.00 Hz]}, appRequestRanges={physical=[0.00 Hz, inf Hz], render=[0.00 Hz, 90.00 Hz]}}
09-18 07:27:15.774  1186  1186 I RefreshRateSelector: Current:  DisplayManagerPolicy{defaultModeId=0, allowGroupSwitching=false, primaryRanges={physical=[60.00 Hz, inf Hz], render=[60.00 Hz, 90.00 Hz]}, appRequestRanges={physical=[0.00 Hz, inf Hz], render=[0.00 Hz, 90.00 Hz]}}
09-18 07:27:15.774  1186  1186 I RefreshRateSelector: 1 mode changes were performed under the previous policy
09-18 07:27:15.774  1186  1186 D SurfaceFlinger: Setting desired display mode specs: {defaultModeId=0, allowGroupSwitching=false, primaryRanges={physical=[60.00 Hz, inf Hz], render=[60.00 Hz, 90.00 Hz]}, appRequestRanges={physical=[0.00 Hz, inf Hz], render=[0.00 Hz, 90.00 Hz]}} for display 4630946747577212033
09-18 07:27:15.774  1186  1186 I SurfaceFlinger: Switching to Scheduler preferred mode 1 (90.00 Hz)
09-18 07:27:15.774  1186  1186 W ComposerExtn: DisplayExtnImpl::SetActiveConfig: HWC Display 0 is not registered!
09-18 07:27:15.779  1186  1186 I BpBinder: onLastStrongRef automatically unlinking death recipients: 
09-18 07:27:15.779  1186  1186 I SurfaceFlinger: setActiveModeInHwcIfNeeded changing active mode to 1(90.00 Hz) for display 4630946747577212033
09-18 07:27:15.782  1092  1201 W SDM     : HWDeviceDRM::GetSupportedBitClkRate: Requested rate not supported: 0
09-18 07:27:15.783  1092  1201 I SDM     : HWDeviceDRM::UpdateMixerAttributes: Mixer WxH 720x1600-0 for Peripheral
09-18 07:27:15.783  1092  1201 I SDM     : HWCDisplay::SubmitDisplayConfig: Active configuration changed to: 1
09-18 07:27:15.788 16985 16985 D nativeloader: Load libframework-connectivity-tiramisu-jni.so using APEX ns com_android_tethering for caller /apex/com.android.tethering/javalib/framework-connectivity-t.jar: ok
09-18 07:27:15.789  1842  1860 I adbd    : jdwp connection from 16985
09-18 07:27:15.792  1092  1201 I SDM     : HWDeviceDRM::SetDisplaySwitchMode: Mode 1 already set
09-18 07:27:15.796  2153  2210 I DisplayDeviceRepository: Display device changed: DisplayDeviceInfo{"Built-in Screen": uniqueId="local:4630946747577212033", 720 x 1600, modeId 2, renderFrameRate 90.0, defaultModeId 1, supportedModes [{id=1, width=720, height=1600, fps=60.000004, alternativeRefreshRates=[90.0], supportedHdrTypes=[]}, {id=2, width=720, height=1600, fps=90.0, alternativeRefreshRates=[60.000004], supportedHdrTypes=[]}], supportedReadyForModes [], colorMode 0, supportedColorModes [0, 7], hdrCapabilities HdrCapabilities{mSupportedHdrTypes=[], mMaxLuminance=500.0, mMaxAverageLuminance=500.0, mMinLuminance=0.0}, allmSupported false, gameContentTypeSupported false, density 280, 261.257 x 260.512 dpi, appVsyncOff 1000000, presDeadline 17111111, cutout DisplayCutout{insets=Rect(0, 80 - 0, 0) waterfall=Insets{left=0, top=0, right=0, bottom=0} boundingRect={Bounds=[Rect(0, 0 - 0, 0), Rect(325, 0 - 395, 80), Rect(0, 0 - 0, 0), Rect(0, 0 - 0, 0)]} cutoutPathParserInfo={CutoutPathParserInfo{displayWidth=720 displayHeight=1600 physicalDisplayWidth=720 physicalDisplayHeight=1600 density={1.75} cutoutSpec={M -35,0 L 35,0 L 35,80 L -35,80 Z} rotation={0} scale={1.0} physicalPixelDisplaySizeRatio={1.0}}}}, touch INTERNAL, rotation 0, type INTERNAL, address {port=129, model=0x40446d87f7171c}, deviceProductInfo DeviceProductInfo{name=, manufacturerPnpId=QCM, productId=1, modelYear=null, manufactureDate=ManufactureDate{week=27, year=2006}, connectionToSinkType=0}, state ON, committedState ON, frameRateOverride , brightnessMinimum 0.0, brightnessMaximum 1.0, brightnessDefault 0.4509804, hdrSdrRatio 1.0000783, roundedCorners RoundedCorners{[RoundedCorner{position=TopLeft, radius=36, center=Point(36, 36)}, RoundedCorner{position=TopRight, radius=36, center=Point(684, 36)}, RoundedCorner{position=BottomRight, radius=36, center=Point(684, 1564)}, RoundedCorner{position=BottomLeft, radius=36, center=Point(36, 1564)}]}, FLAG_ALLOWED_TO_BE_DEFAULT_DISPLAY, FLAG_ROTATES_WITH_CONTENT, FLAG_SECURE, FLAG_SUPPORTS_PROTECTED_BUFFERS, FLAG_TRUSTED, installOrientation 0, displayShape DisplayShape{ spec=2134893525 displayWidth=720 displayHeight=1600 physicalPixelDisplaySizeRatio=1.0 rotation=0 offsetX=0 offsetY=0 scale=1.0}}
09-18 07:27:15.797  1186  1186 I SurfaceFlinger: setActiveModeInHwcIfNeeded changing active mode to 1(90.00 Hz) for display 4630946747577212033
09-18 07:27:15.802  2153  2210 D DisplayManagerService: Ignore redundant display event 0/2 to 10649/24828
09-18 07:27:15.802  2153  2210 D DisplayManagerService: Ignore redundant display event 0/2 to 10394/28817
09-18 07:27:15.810  2153  2207 V WindowManager: Sent Transition #2676 createdAt=09-18 07:27:15.595 via request=TransitionRequestInfo { type = 1, triggerTask = TaskInfo{userId=0 taskId=7135 displayId=0 isRunning=true baseIntent=Intent { flg=0x10000000 cmp=com.bkawrapper/.MainActivity } baseActivity=ComponentInfo{com.bkawrapper/com.bkawrapper.MainActivity} topActivity=ComponentInfo{com.bkawrapper/com.bkawrapper.MainActivity} origActivity=null realActivity=ComponentInfo{com.bkawrapper/com.bkawrapper.MainActivity} numActivities=1 lastActiveTime=130595761 supportsMultiWindow=true supportsGlobalFreeform=true resizeMode=1 isResizeable=true isAppLocked=false canKillAndRestart=true isShowDecorCaptionWindowRequest=false minWidth=-1 minHeight=-1 defaultMinSize=200 token=WCT{RemoteToken{d434b9b Task{bed94d7 #7135 type=standard A=10699:com.bkawrapper}}} topActivityType=1 pictureInPictureParams=null shouldDockBigOverlays=false launchIntoPipHostTaskId=-1 lastParentTaskIdBeforePip=-1 displayCutoutSafeInsets=Rect(0, 80 - 0, 0) topActivityInfo=ActivityInfo{b929b38 com.bkawrapper.MainActivity} launchCookies=[] positionInParent=Point(0, 0) parentTaskId=-1 isFocused=false isVisible=false isVisibleRequested=false isSleeping=false topActivityInSizeCompat=false topActivityEligibleForLetterboxEducation= false topActivityLetterboxed= false isFromDoubleTap= false topActivityLetterboxVerticalPosition= -1 topActivityLetterboxHorizontalPosition= -1 topActivityLetterboxWidth=-1 topActivityLetterboxHeight=-1 locusId=null displayAreaFeatureId=1 cameraCompatControlState=hidden}, remoteTransition = null, displayChange = null, flags = 0 }
09-18 07:27:15.810  2153  2207 V WindowManager:     startWCT=WindowContainerTransaction { changes = {} hops = [] errorCallbackToken=null taskFragmentOrganizer=null }
09-18 07:27:15.810  2153  2207 V WindowManager:     info={id=2676 t=OPEN f=0x0 trk=0 r=[0@Point(0, 0)] c=[{WCT{RemoteToken{d434b9b Task{bed94d7 #7135 type=standard A=10699:com.bkawrapper}}} m=OPEN f=NONE pTaskId=-1 leash=Surface(name=Task=7135)/@0x17ec67f sb=Rect(0, 0 - 720, 1600) eb=Rect(0, 0 - 720, 1600) d=0},{WCT{RemoteToken{d2644e6 Task{14a6efe #6989 type=standard A=10395:com.termux}}} m=TO_BACK f=NONE pTaskId=-1 leash=Surface(name=Task=6989)/@0x645767b sb=Rect(0, 0 - 720, 1600) eb=Rect(0, 0 - 720, 1600) d=0}]}
09-18 07:27:15.811  2598  2677 V WindowManagerShell: onTransitionReady android.os.BinderProxy@aa302b7: {id=2676 t=OPEN f=0x0 trk=0 r=[0@Point(0, 0)] c=[{WCT{android.window.IWindowContainerToken$Stub$Proxy@7f14716} m=OPEN f=NONE pTaskId=-1 leash=Surface(name=Task=7135)/@0x1e68bbb sb=Rect(0, 0 - 720, 1600) eb=Rect(0, 0 - 720, 1600) d=0},{WCT{android.window.IWindowContainerToken$Stub$Proxy@6682897} m=TO_BACK f=NONE pTaskId=-1 leash=Surface(name=Task=6989)/@0xb5ea8d8 sb=Rect(0, 0 - 720, 1600) eb=Rect(0, 0 - 720, 1600) d=0}]}
09-18 07:27:15.814  2598  2677 V WindowManagerShell: Playing animation for (#2676)android.os.BinderProxy@aa302b7@0
09-18 07:27:15.814  2598  2677 V WindowManagerShell:  try handler com.android.wm.shell.transition.DefaultMixedHandler@b485ff3
09-18 07:27:15.815  2598  2677 V WindowManagerShell:  try handler com.android.wm.shell.keyguard.KeyguardTransitionHandler@3ff14b0
09-18 07:27:15.815  2598  2677 V WindowManagerShell:  try handler com.android.wm.shell.activityembedding.ActivityEmbeddingController@c099f29
09-18 07:27:15.815  2598  2677 V WindowManagerShell:  try handler com.android.wm.shell.recents.RecentsTransitionHandler@14d72ae
09-18 07:27:15.816  2598  2677 V ShellRecents: RecentsTransitionHandler.startAnimation: no controller found
09-18 07:27:15.816  2598  2677 V WindowManagerShell:  try handler com.android.wm.shell.pip.PipTransition@77f084f
09-18 07:27:15.816  2598  2677 V WindowManagerShell:  try handler com.android.wm.shell.splitscreen.StageCoordinator@1b8cbdc
09-18 07:27:15.817  2598  2677 D ShellSplitScreen: startAnimation: transition=2676 isSplitActive=false
09-18 07:27:15.817  2598  2677 V WindowManagerShell:  try handler com.android.wm.shell.transition.RemoteTransitionHandler@1f404e5
09-18 07:27:15.817  2598  2677 V WindowManagerShell: Transition doesn't have explicit remote, search filters for match for {id=2676 t=OPEN f=0x0 trk=0 r=[0@Point(0, 0)] c=[{WCT{android.window.IWindowContainerToken$Stub$Proxy@7f14716} m=OPEN f=NONE pTaskId=-1 leash=Surface(name=Task=7135)/@0x1e68bbb sb=Rect(0, 0 - 720, 1600) eb=Rect(0, 0 - 720, 1600) d=0},{WCT{android.window.IWindowContainerToken$Stub$Proxy@6682897} m=TO_BACK f=NONE pTaskId=-1 leash=Surface(name=Task=6989)/@0xb5ea8d8 sb=Rect(0, 0 - 720, 1600) eb=Rect(0, 0 - 720, 1600) d=0}]}
09-18 07:27:15.817  2598  2677 V WindowManagerShell:  Checking filter Pair{{types=[] flags=0x0] notFlags=0x100 checks=[{atype=home independent=true modes=[OPEN,TO_FRONT] flags=NONE mustBeTask=false order=TOP topActivity=ComponentInfo{com.motorola.launcher3/com.android.launcher3.uioverrides.QuickstepLauncher}},{atype=standard independent=true modes=[CLOSE,TO_BACK] flags=NONE mustBeTask=false order=ANY topActivity=null}]} RemoteTransition { remoteTransition = android.window.IRemoteTransition$Stub$Proxy@98cf640, appThread = android.app.IApplicationThread$Stub$Proxy@98c8979, debugName = QuickstepLaunchHome }}
09-18 07:27:15.817  2598  2677 V WindowManagerShell:  Delegate animation for #2676 to null
09-18 07:27:15.817  2598  2677 V WindowManagerShell:  try handler com.android.wm.shell.transition.DefaultTransitionHandler@c820bba
09-18 07:27:15.817  2598  2677 V WindowManagerShell: start default transition animation, info = {id=2676 t=OPEN f=0x0 trk=0 r=[0@Point(0, 0)] c=[{WCT{android.window.IWindowContainerToken$Stub$Proxy@7f14716} m=OPEN f=NONE pTaskId=-1 leash=Surface(name=Task=7135)/@0x1e68bbb sb=Rect(0, 0 - 720, 1600) eb=Rect(0, 0 - 720, 1600) d=0},{WCT{android.window.IWindowContainerToken$Stub$Proxy@6682897} m=TO_BACK f=NONE pTaskId=-1 leash=Surface(name=Task=6989)/@0xb5ea8d8 sb=Rect(0, 0 - 720, 1600) eb=Rect(0, 0 - 720, 1600) d=0}]}
09-18 07:27:15.821  2598  2677 V WindowManagerShell: loadAnimation: anim=android.view.animation.AnimationSet@4fcb733 animAttr=0x9 type=OPEN isEntrance=false
09-18 07:27:15.829  2598  2677 V WindowManagerShell: loadAnimation: anim=android.view.animation.AnimationSet@5917ffa animAttr=0x8 type=OPEN isEntrance=true
09-18 07:27:15.833  2598  2677 V WindowManagerShell:  animated by com.android.wm.shell.transition.DefaultTransitionHandler@c820bba
09-18 07:27:15.870 16985 16985 D CompatibilityChangeReporter: Compat change id reported: 171979766; UID 10699; state: ENABLED
09-18 07:27:15.871 16985 16985 D CompatibilityChangeReporter: Compat change id reported: 242716250; UID 10699; state: ENABLED
09-18 07:27:15.879  2153  4339 D CompatibilityChangeReporter: Compat change id reported: 170503758; UID 10699; state: ENABLED
09-18 07:27:15.894  1186  3047 D SurfaceFlinger: setDesiredDisplayModeSpecs: by process 2153
09-18 07:27:15.896 12066 24440 V BinderSender: Uid 10699 already starts
09-18 07:27:15.897  1186  1186 D RefreshRateSelector: constructAvailableRefreshRates: {defaultModeId=0, allowGroupSwitching=false, primaryRanges={physical=[60.00 Hz, inf Hz], render=[60.00 Hz, 60.00 Hz]}, appRequestRanges={physical=[0.00 Hz, inf Hz], render=[0.00 Hz, 90.00 Hz]}} 
09-18 07:27:15.897  1186  1186 D RefreshRateSelector: primary render rates: 60.00 Hz (60.00 Hz) 
09-18 07:27:15.897  1186  1186 D RefreshRateSelector: app request render rates: 20.00 Hz (60.00 Hz) 22.50 Hz (90.00 Hz) 30.00 Hz (60.00 Hz) 45.00 Hz (90.00 Hz) 60.00 Hz (60.00 Hz) 90.00 Hz (90.00 Hz) 
09-18 07:27:15.897  1186  1186 I RefreshRateSelector: constructAvailableRefreshRates: Found m60HzRefreshRateModeOpt at index 0
09-18 07:27:15.897  1186  1186 D RefreshRateSelector: Special render rates: 
09-18 07:27:15.897  1186  1186 D RefreshRateSelector: [-218041700:0:0]: mTouchBoostRefreshRateAvailable=0, mScrollBoostRefreshRateAvailable=0
09-18 07:27:15.897  1186  1186 I RefreshRateSelector: Display 4630946747577212033 policy changed
09-18 07:27:15.897  1186  1186 I RefreshRateSelector: Previous: {defaultModeId=0, allowGroupSwitching=false, primaryRanges={physical=[60.00 Hz, inf Hz], render=[60.00 Hz, 90.00 Hz]}, appRequestRanges={physical=[0.00 Hz, inf Hz], render=[0.00 Hz, 90.00 Hz]}}
09-18 07:27:15.897  1186  1186 I RefreshRateSelector: Current:  DisplayManagerPolicy{defaultModeId=0, allowGroupSwitching=false, primaryRanges={physical=[60.00 Hz, inf Hz], render=[60.00 Hz, 60.00 Hz]}, appRequestRanges={physical=[0.00 Hz, inf Hz], render=[0.00 Hz, 90.00 Hz]}}
09-18 07:27:15.897  1186  1186 I RefreshRateSelector: 1 mode changes were performed under the previous policy
09-18 07:27:15.897  1186  1186 D SurfaceFlinger: Setting desired display mode specs: {defaultModeId=0, allowGroupSwitching=false, primaryRanges={physical=[60.00 Hz, inf Hz], render=[60.00 Hz, 60.00 Hz]}, appRequestRanges={physical=[0.00 Hz, inf Hz], render=[0.00 Hz, 90.00 Hz]}} for display 4630946747577212033
09-18 07:27:15.897  1186  1186 I SurfaceFlinger: Switching to Scheduler preferred mode 0 (60.00 Hz)
09-18 07:27:15.897  1186  1186 W ComposerExtn: DisplayExtnImpl::SetActiveConfig: HWC Display 0 is not registered!
09-18 07:27:15.897 12066 19181 V BinderSender: Uid 10699 already starts
09-18 07:27:15.901  1186  1186 I SurfaceFlinger: setActiveModeInHwcIfNeeded changing active mode to 0(60.00 Hz) for display 4630946747577212033
09-18 07:27:15.905  1092  1201 W SDM     : HWDeviceDRM::GetSupportedBitClkRate: Requested rate not supported: 0
09-18 07:27:15.905  1092  1201 I SDM     : HWDeviceDRM::UpdateMixerAttributes: Mixer WxH 720x1600-0 for Peripheral
09-18 07:27:15.905  1092  1201 I SDM     : HWCDisplay::SubmitDisplayConfig: Active configuration changed to: 0
09-18 07:27:15.912  1092  1201 I SDM     : HWDeviceDRM::SetDisplaySwitchMode: Mode 0 already set
09-18 07:27:15.914  2153  2382 D CompatibilityChangeReporter: Compat change id reported: 271850009; UID 10244; state: ENABLED
09-18 07:27:15.916  2153  2210 I DisplayDeviceRepository: Display device changed: DisplayDeviceInfo{"Built-in Screen": uniqueId="local:4630946747577212033", 720 x 1600, modeId 1, renderFrameRate 60.000004, defaultModeId 1, supportedModes [{id=1, width=720, height=1600, fps=60.000004, alternativeRefreshRates=[90.0], supportedHdrTypes=[]}, {id=2, width=720, height=1600, fps=90.0, alternativeRefreshRates=[60.000004], supportedHdrTypes=[]}], supportedReadyForModes [], colorMode 0, supportedColorModes [0, 7], hdrCapabilities HdrCapabilities{mSupportedHdrTypes=[], mMaxLuminance=500.0, mMaxAverageLuminance=500.0, mMinLuminance=0.0}, allmSupported false, gameContentTypeSupported false, density 280, 261.257 x 260.512 dpi, appVsyncOff 1000000, presDeadline 16666666, cutout DisplayCutout{insets=Rect(0, 80 - 0, 0) waterfall=Insets{left=0, top=0, right=0, bottom=0} boundingRect={Bounds=[Rect(0, 0 - 0, 0), Rect(325, 0 - 395, 80), Rect(0, 0 - 0, 0), Rect(0, 0 - 0, 0)]} cutoutPathParserInfo={CutoutPathParserInfo{displayWidth=720 displayHeight=1600 physicalDisplayWidth=720 physicalDisplayHeight=1600 density={1.75} cutoutSpec={M -35,0 L 35,0 L 35,80 L -35,80 Z} rotation={0} scale={1.0} physicalPixelDisplaySizeRatio={1.0}}}}, touch INTERNAL, rotation 0, type INTERNAL, address {port=129, model=0x40446d87f7171c}, deviceProductInfo DeviceProductInfo{name=, manufacturerPnpId=QCM, productId=1, modelYear=null, manufactureDate=ManufactureDate{week=27, year=2006}, connectionToSinkType=0}, state ON, committedState ON, frameRateOverride , brightnessMinimum 0.0, brightnessMaximum 1.0, brightnessDefault 0.4509804, hdrSdrRatio 1.0000783, roundedCorners RoundedCorners{[RoundedCorner{position=TopLeft, radius=36, center=Point(36, 36)}, RoundedCorner{position=TopRight, radius=36, center=Point(684, 36)}, RoundedCorner{position=BottomRight, radius=36, center=Point(684, 1564)}, RoundedCorner{position=BottomLeft, radius=36, center=Point(36, 1564)}]}, FLAG_ALLOWED_TO_BE_DEFAULT_DISPLAY, FLAG_ROTATES_WITH_CONTENT, FLAG_SECURE, FLAG_SUPPORTS_PROTECTED_BUFFERS, FLAG_TRUSTED, installOrientation 0, displayShape DisplayShape{ spec=2134893525 displayWidth=720 displayHeight=1600 physicalPixelDisplaySizeRatio=1.0 rotation=0 offsetX=0 offsetY=0 scale=1.0}}
09-18 07:27:15.916  1186  1186 I SurfaceFlinger: setActiveModeInHwcIfNeeded changing active mode to 0(60.00 Hz) for display 4630946747577212033
09-18 07:27:15.918  2153  2210 D DisplayManagerService: Ignore redundant display event 0/2 to 10278/12683
09-18 07:27:15.919  2153  2210 D DisplayManagerService: Ignore redundant display event 0/2 to 10278/12753
09-18 07:27:15.919  2153  2210 D DisplayManagerService: Ignore redundant display event 0/2 to 10649/24828
09-18 07:27:15.919  2153  2210 D DisplayManagerService: Ignore redundant display event 0/2 to 10394/28817
09-18 07:27:15.936 10964 10964 I Finsky  : [2] SCH: job service start with id 9814.
09-18 07:27:15.942 10964 15821 I Finsky  : [848] SCH: Satisfied jobs for 9814 are: 12-1
09-18 07:27:15.944 10964 15948 I Finsky  : [856] SCH: Job 12-1 starting
09-18 07:27:15.945 10964 10964 I Finsky  : [2] WM::SCH: Logging work start for 12-1
09-18 07:27:15.945 10964 10964 I Finsky  : [2] [ContentSync] job started
09-18 07:27:15.965  2153  2802 I DataStallMonitor: TcpDataFromSnmp:0,0,0,0
09-18 07:27:15.967  2153  2216 D IntervalStats: Unable to parse usage stats packages: [2951, 2955, 2956, 2961, 2962, 2963, 2964, 2965, 2969, 2970, 2971, 2972, 2977, 2979]
09-18 07:27:16.005 16862 17003 D ProfileInstaller: Installing profile for com.motorola.aiservices
09-18 07:27:16.060  2153  2216 D IntervalStats: Unable to parse usage stats packages: [2981, 2986, 2987, 2988, 2989, 2991, 2993, 2995, 2996, 2997]
09-18 07:27:16.102 16985 16985 D nativeloader: Configuring clns-4 for other apk /data/app/~~iYYQstar8y-Euwn37pCjSQ==/com.bkawrapper-rswxm77XmwWq7Tmq9pw0vQ==/base.apk. target_sdk_version=34, uses_libraries=, library_path=/data/app/~~iYYQstar8y-Euwn37pCjSQ==/com.bkawrapper-rswxm77XmwWq7Tmq9pw0vQ==/lib/arm64:/data/app/~~iYYQstar8y-Euwn37pCjSQ==/com.bkawrapper-rswxm77XmwWq7Tmq9pw0vQ==/base.apk!/lib/arm64-v8a, permitted_path=/data:/mnt/expand:/data/user/0/com.bkawrapper
09-18 07:27:16.111  2153  2490 D WifiConfigStore: Writing to stores completed in 10 ms.
09-18 07:27:16.131 16985 16985 D nativeloader: Load libframework-connectivity-jni.so using APEX ns com_android_tethering for caller /apex/com.android.tethering/javalib/framework-connectivity.jar: ok
09-18 07:27:16.136  2153  2216 D IntervalStats: Unable to parse usage stats packages: [2998, 3002, 3005, 3006]
09-18 07:27:16.139 16985 16985 V GraphicsEnvironment: Currently set values for:
09-18 07:27:16.139 16985 16985 V GraphicsEnvironment:   angle_gl_driver_selection_pkgs=[]
09-18 07:27:16.139 16985 16985 V GraphicsEnvironment:   angle_gl_driver_selection_values=[]
09-18 07:27:16.140 16985 16985 V GraphicsEnvironment: ANGLE GameManagerService for com.bkawrapper: false
09-18 07:27:16.141 16985 16985 V GraphicsEnvironment: com.bkawrapper is not listed in per-application setting
09-18 07:27:16.141 16985 16985 V GraphicsEnvironment: Neither updatable production driver nor prerelease driver is supported.
09-18 07:27:16.163  2153  2216 D IntervalStats: Unable to parse usage stats packages: [3009, 3010, 3011, 3014]
09-18 07:27:16.183 16985 16985 I Typeface: updateThemeFont new=RobotoSlab-Regular;old=sans-serif;new=RobotoSlab-Stacked;old=
09-18 07:27:16.185  2153  5187 I ActivityManager: Flag disabled. Ignoring finishAttachApplication from uid: 10699. pid: 16985
09-18 07:27:16.198  2153  2184 I system_server: Background young concurrent mark compact GC freed 22MB AllocSpace bytes, 7(140KB) LOS objects, 18% free, 73MB/90MB, paused 10.655ms,11.780ms total 233.314ms
09-18 07:27:16.201  2153  2186 W System  : A resource failed to call release. 
09-18 07:27:16.202  2153  2186 W System  : A resource failed to call HardwareBuffer.close. 
09-18 07:27:16.207  2153  2216 D IntervalStats: Unable to parse usage stats packages: [3016, 3023, 3026, 3031]
09-18 07:27:16.237  2153  2216 D IntervalStats: Unable to parse usage stats packages: [3032, 3042, 3044]
09-18 07:27:16.274  2153  2216 D IntervalStats: Unable to parse usage stats packages: [3048, 3058, 3063, 3064, 3065]
09-18 07:27:16.277 16985 16985 D nativeloader: Load /data/app/~~iYYQstar8y-Euwn37pCjSQ==/com.bkawrapper-rswxm77XmwWq7Tmq9pw0vQ==/base.apk!/lib/arm64-v8a/libbkawrapper.so using class loader ns clns-4 (caller=/data/app/~~iYYQstar8y-Euwn37pCjSQ==/com.bkawrapper-rswxm77XmwWq7Tmq9pw0vQ==/base.apk!classes3.dex): ok
09-18 07:27:16.278 16985 16985 I NativeBridge: NativeBridge: JNI Link established securely.
09-18 07:27:16.303 16985 16985 D AppCompatDelegate: Checking for metadata for AppLocalesMetadataHolderService : Service not found
09-18 07:27:16.339 16985 16985 I BKA-MainActivity: Auto-load ROM detected: /data/user/0/com.bkawrapper/files/auto_rom.z64
09-18 07:27:16.341  2153  5187 I ActivityManager: Background started FGS: Allowed [callingPackage: com.bkawrapper; callingUid: 10699; uidState: TOP ; uidBFSL: [BFSL]; intent: Intent { cmp=com.bkawrapper/.OtrService (has extras) }; code:PROC_STATE_TOP; tempAllowListReason:<null>; targetSdkVersion:34; callerTargetSdkVersion:34; startForegroundCount:0; bindFromPackage:null: isBindService:false]
09-18 07:27:16.355  2598  2677 V WindowManagerShell: Transition animation finished (aborted=false), notifying core (#2676)android.os.BinderProxy@aa302b7@0
09-18 07:27:16.358  2153  2207 V WindowManager: Finish Transition #2676: created at 09-18 07:27:15.595 collect-started=1.562ms request-sent=54.639ms started=71.1ms ready=184.896ms sent=210.273ms finished=761.415ms
09-18 07:27:16.361  2598  2677 V WindowManagerShell: Track 0 became idle
09-18 07:27:16.361  2598  2677 V WindowManagerShell: All active transition animations finished
09-18 07:27:16.386 11459 11545 D Surface : Surface::disconnect
09-18 07:27:16.386 11459 11545 D BufferQueueProducer: [VRI[TermuxActivity]#3066(BLAST Consumer)3066](id:2cc300000bfa,api:1,p:11459,c:11459) disconnect: api 1
09-18 07:27:16.408 16985 16985 I com.bkawrapper: hiddenapi: Accessing hidden method Landroid/view/View;->computeFitSystemWindows(Landroid/graphics/Rect;Landroid/graphics/Rect;)Z (runtime_flags=0, domain=platform, api=unsupported) from Landroidx/appcompat/widget/ViewUtils; (domain=app, TargetSdkVersion=34) using reflection: allowed
09-18 07:27:16.408 16985 16985 I com.bkawrapper: hiddenapi: Accessing hidden method Landroid/view/ViewGroup;->makeOptionalFitsSystemWindows()V (runtime_flags=0, domain=platform, api=unsupported) from Landroidx/appcompat/widget/ViewUtils; (domain=app, TargetSdkVersion=34) using reflection: allowed
09-18 07:27:16.420 10964 10968 I android.vending: Background concurrent mark compact GC freed 29MB AllocSpace bytes, 27(19MB) LOS objects, 49% free, 19MB/39MB, paused 898us,4.188ms total 145.802ms
09-18 07:27:16.421 16985 16985 D CompatibilityChangeReporter: Compat change id reported: 237531167; UID 10699; state: DISABLED
09-18 07:27:16.425 10964 10970 W android.vending: ApkAssets: Deleting an ApkAssets object '<empty> and /data/app/~~jxJ6kfreUDHEL8XHOd0_mA==/com.android.chrome-Jyzp2XkI8AuWvtjGD3T3nw==/base.apk' with 1 weak references
09-18 07:27:16.425 10964 10970 W android.vending: ApkAssets: Deleting an ApkAssets object '<empty> and /data/app/~~jxJ6kfreUDHEL8XHOd0_mA==/com.android.chrome-Jyzp2XkI8AuWvtjGD3T3nw==/split_chrome.apk' with 1 weak references
09-18 07:27:16.425 10964 10970 W android.vending: ApkAssets: Deleting an ApkAssets object '<empty> and /data/app/~~jxJ6kfreUDHEL8XHOd0_mA==/com.android.chrome-Jyzp2XkI8AuWvtjGD3T3nw==/split_config.en.apk' with 1 weak references
09-18 07:27:16.425 10964 10970 W android.vending: ApkAssets: Deleting an ApkAssets object '<empty> and /data/app/~~jxJ6kfreUDHEL8XHOd0_mA==/com.android.chrome-Jyzp2XkI8AuWvtjGD3T3nw==/split_dev_ui.apk' with 1 weak references
09-18 07:27:16.425 10964 10970 W android.vending: ApkAssets: Deleting an ApkAssets object '<empty> and /data/app/~~jxJ6kfreUDHEL8XHOd0_mA==/com.android.chrome-Jyzp2XkI8AuWvtjGD3T3nw==/split_on_demand.apk' with 1 weak references
09-18 07:27:16.426 10964 10970 W android.vending: ApkAssets: Deleting an ApkAssets object '<empty> and /data/app/~~jxJ6kfreUDHEL8XHOd0_mA==/com.android.chrome-Jyzp2XkI8AuWvtjGD3T3nw==/split_stack_unwinder.apk' with 1 weak references
09-18 07:27:16.426 10964 10970 W android.vending: ApkAssets: Deleting an ApkAssets object '<empty> and /system_ext/priv-app/Settings/Settings.apk' with 1 weak references
09-18 07:27:16.428 10964 10970 W android.vending: ApkAssets: Deleting an ApkAssets object '/product/overlay/Settings__auto_generated_rro_product.apk' with 1 weak references
09-18 07:27:16.428 10964 10970 W android.vending: ApkAssets: Deleting an ApkAssets object '/product/overlay/MotoSettingsGlobalOverlay.apk' with 1 weak references
09-18 07:27:16.428 10964 10970 W android.vending: ApkAssets: Deleting an ApkAssets object '/product/overlay/MotoSettingsFPSSideOverlay.apk' with 1 weak references
09-18 07:27:16.428 10964 10970 W android.vending: ApkAssets: Deleting an ApkAssets object '/product/overlay/MotoSettingsPowerBottomOverlay.apk' with 1 weak references
09-18 07:27:16.429 10964 10970 W android.vending: ApkAssets: Deleting an ApkAssets object '<empty> and /data/app/~~rbxZKRrSAFHd9KLqA4y0tw==/com.google.android.apps.docs-HhlJ6fe2qhPsdQ5x6AHjAg==/base.apk' with 1 weak references
09-18 07:27:16.429 10964 10970 W android.vending: ApkAssets: Deleting an ApkAssets object '<empty> and /data/app/~~rbxZKRrSAFHd9KLqA4y0tw==/com.google.android.apps.docs-HhlJ6fe2qhPsdQ5x6AHjAg==/split_config.arm64_v8a.apk' with 1 weak references
09-18 07:27:16.430 10964 10970 W android.vending: ApkAssets: Deleting an ApkAssets object '<empty> and /data/app/~~rbxZKRrSAFHd9KLqA4y0tw==/com.google.android.apps.docs-HhlJ6fe2qhPsdQ5x6AHjAg==/split_config.en.apk' with 1 weak references
09-18 07:27:16.430 10964 10970 W android.vending: ApkAssets: Deleting an ApkAssets object '<empty> and /data/app/~~rbxZKRrSAFHd9KLqA4y0tw==/com.google.android.apps.docs-HhlJ6fe2qhPsdQ5x6AHjAg==/split_config.xhdpi.apk' with 1 weak references
09-18 07:27:16.430 10964 10970 W android.vending: ApkAssets: Deleting an ApkAssets object '<empty> and /data/app/~~NMVkkVsop85dNo3lUvLhLg==/com.google.android.apps.maps-DjcgNe-7WssdMsh4URKMuw==/base.apk' with 1 weak references
09-18 07:27:16.430 10964 10970 W android.vending: ApkAssets: Deleting an ApkAssets object '<empty> and /data/app/~~NMVkkVsop85dNo3lUvLhLg==/com.google.android.apps.maps-DjcgNe-7WssdMsh4URKMuw==/split_config.arm64_v8a.apk' with 1 weak references
09-18 07:27:16.430 10964 10970 W android.vending: ApkAssets: Deleting an ApkAssets object '<empty> and /data/app/~~NMVkkVsop85dNo3lUvLhLg==/com.google.android.apps.maps-DjcgNe-7WssdMsh4URKMuw==/split_config.en.apk' with 1 weak references
09-18 07:27:16.430 10964 10970 W android.vending: ApkAssets: Deleting an ApkAssets object '<empty> and /data/app/~~NMVkkVsop85dNo3lUvLhLg==/com.google.android.apps.maps-DjcgNe-7WssdMsh4URKMuw==/split_config.xhdpi.apk' with 1 weak references
09-18 07:27:16.430 10964 10970 W android.vending: ApkAssets: Deleting an ApkAssets object '<empty> and /data/app/~~yO3PtyTpImXZAouP9hiTNg==/com.google.android.apps.messaging-lTanBT3PiCz0ar0ruv-7Ng==/base.apk' with 1 weak references
09-18 07:27:16.430 10964 10970 W android.vending: ApkAssets: Deleting an ApkAssets object '<empty> and /data/app/~~yO3PtyTpImXZAouP9hiTNg==/com.google.android.apps.messaging-lTanBT3PiCz0ar0ruv-7Ng==/split_config.arm64_v8a.apk' with 1 weak references
09-18 07:27:16.431 10964 10970 W android.vending: ApkAssets: Deleting an ApkAssets object '<empty> and /data/app/~~yO3PtyTpImXZAouP9hiTNg==/com.google.android.apps.messaging-lTanBT3PiCz0ar0ruv-7Ng==/split_config.en.apk' with 1 weak references
09-18 07:27:16.431 10964 10970 W android.vending: ApkAssets: Deleting an ApkAssets object '<empty> and /data/app/~~yO3PtyTpImXZAouP9hiTNg==/com.google.android.apps.messaging-lTanBT3PiCz0ar0ruv-7Ng==/split_config.xhdpi.apk' with 1 weak references
09-18 07:27:16.431 10964 10970 W android.vending: ApkAssets: Deleting an ApkAssets object '<empty> and /data/app/~~5efhjORQPhd2AtLb4LWyIA==/com.google.android.apps.photos-0w8_eQLH5TDy20eWwqylEA==/base.apk' with 1 weak references
09-18 07:27:16.431 10964 10970 W android.vending: ApkAssets: Deleting an ApkAssets object '<empty> and /data/app/~~5efhjORQPhd2AtLb4LWyIA==/com.google.android.apps.photos-0w8_eQLH5TDy20eWwqylEA==/split_config.arm64_v8a.apk' with 1 weak references
09-18 07:27:16.431 10964 10970 W android.vending: ApkAssets: Deleting an ApkAssets object '<empty> and /data/app/~~5efhjORQPhd2AtLb4LWyIA==/com.google.android.apps.photos-0w8_eQLH5TDy20eWwqylEA==/split_config.en.apk' with 1 weak references
09-18 07:27:16.431 10964 10970 W android.vending: ApkAssets: Deleting an ApkAssets object '<empty> and /data/app/~~5efhjORQPhd2AtLb4LWyIA==/com.google.android.apps.photos-0w8_eQLH5TDy20eWwqylEA==/split_config.xhdpi.apk' with 1 weak references
09-18 07:27:16.431 10964 10970 W android.vending: ApkAssets: Deleting an ApkAssets object '<empty> and /data/app/~~OeW21hOR2F97jwQna99uaA==/com.google.android.calculator-csb1wR8_5XQ3Gc5H-eQ_bA==/base.apk' with 1 weak references
09-18 07:27:16.431 10964 10970 W android.vending: ApkAssets: Deleting an ApkAssets object '<empty> and /data/app/~~OeW21hOR2F97jwQna99uaA==/com.google.android.calculator-csb1wR8_5XQ3Gc5H-eQ_bA==/split_config.xhdpi.apk' with 1 weak references
09-18 07:27:16.432 10964 10970 W android.vending: ApkAssets: Deleting an ApkAssets object '<empty> and /data/app/~~pANqr_n_7q1pk9VjyvRjbA==/com.google.android.calendar-pl_7NxyWMBhO_k-SI_qpIA==/base.apk' with 1 weak references
09-18 07:27:16.432 10964 10970 W android.vending: ApkAssets: Deleting an ApkAssets object '<empty> and /data/app/~~pANqr_n_7q1pk9VjyvRjbA==/com.google.android.calendar-pl_7NxyWMBhO_k-SI_qpIA==/split_config.arm64_v8a.apk' with 1 weak references
09-18 07:27:16.432 10964 10970 W android.vending: ApkAssets: Deleting an ApkAssets object '<empty> and /data/app/~~pANqr_n_7q1pk9VjyvRjbA==/com.google.android.calendar-pl_7NxyWMBhO_k-SI_qpIA==/split_config.en.apk' with 1 weak references
09-18 07:27:16.432 10964 10970 W android.vending: ApkAssets: Deleting an ApkAssets object '<empty> and /data/app/~~pANqr_n_7q1pk9VjyvRjbA==/com.google.android.calendar-pl_7NxyWMBhO_k-SI_qpIA==/split_config.xhdpi.apk' with 1 weak references
09-18 07:27:16.432 10964 10970 W android.vending: ApkAssets: Deleting an ApkAssets object '<empty> and /data/app/~~-eDoioxiOhD2zDAL1OWWhQ==/com.google.android.contacts-AN4E9M24sXk4MwgAHB-8pw==/base.apk' with 1 weak references
09-18 07:27:16.432 10964 10970 W android.vending: ApkAssets: Deleting an ApkAssets object '<empty> and /data/app/~~-eDoioxiOhD2zDAL1OWWhQ==/com.google.android.contacts-AN4E9M24sXk4MwgAHB-8pw==/split_config.arm64_v8a.apk' with 1 weak references
09-18 07:27:16.432 10964 10970 W android.vending: ApkAssets: Deleting an ApkAssets object '<empty> and /data/app/~~-eDoioxiOhD2zDAL1OWWhQ==/com.google.android.contacts-AN4E9M24sXk4MwgAHB-8pw==/split_config.en.apk' with 1 weak references
09-18 07:27:16.432 10964 10970 W android.vending: ApkAssets: Deleting an ApkAssets object '<empty> and /data/app/~~-eDoioxiOhD2zDAL1OWWhQ==/com.google.android.contacts-AN4E9M24sXk4MwgAHB-8pw==/split_config.xhdpi.apk' with 1 weak references
09-18 07:27:16.434 10964 10970 W android.vending: ApkAssets: Deleting an ApkAssets object '<empty> and /data/app/~~zcLrRE8O9u6CRnJXEwUBFQ==/com.google.android.deskclock-Smtniu4lttTwhdolGF7ZJg==/base.apk' with 1 weak references
09-18 07:27:16.434 10964 10970 W android.vending: ApkAssets: Deleting an ApkAssets object '<empty> and /data/app/~~zcLrRE8O9u6CRnJXEwUBFQ==/com.google.android.deskclock-Smtniu4lttTwhdolGF7ZJg==/split_config.xhdpi.apk' with 1 weak references
09-18 07:27:16.434 10964 10970 W android.vending: ApkAssets: Deleting an ApkAssets object '<empty> and /data/app/~~xasAennH96SaNYSrqqMWDA==/com.google.android.dialer-LLNXu5n2QOz-XDzJDUrT8Q==/base.apk' with 1 weak references
09-18 07:27:16.435 10964 10970 W android.vending: ApkAssets: Deleting an ApkAssets object '<empty> and /data/app/~~na8ZiacJwLODVBNnZRxQbA==/com.google.android.gm-yIp9D9pnkrGbnyLMUFhQSQ==/base.apk' with 1 weak references
09-18 07:27:16.436 16985 16985 D ViewRootImpl: update {(0,0)(fillxfill) sim={forwardNavigation} ty=BASE_APPLICATION wanim=0x10302fe
09-18 07:27:16.436 16985 16985 D ViewRootImpl:   fl=LAYOUT_IN_SCREEN LAYOUT_INSET_DECOR SPLIT_TOUCH HARDWARE_ACCELERATED DRAWS_SYSTEM_BAR_BACKGROUNDS
09-18 07:27:16.436 16985 16985 D ViewRootImpl:   pfl=NO_MOVE_ANIMATION FORCE_DRAW_STATUS_BAR_BACKGROUND FIT_INSETS_CONTROLLED
09-18 07:27:16.436 16985 16985 D ViewRootImpl:   bhv=DEFAULT
09-18 07:27:16.436 16985 16985 D ViewRootImpl:   fitSides=} by setView
09-18 07:27:16.437 10964 10970 W android.vending: ApkAssets: Deleting an ApkAssets object '<empty> and /data/app/~~na8ZiacJwLODVBNnZRxQbA==/com.google.android.gm-yIp9D9pnkrGbnyLMUFhQSQ==/split_config.arm64_v8a.apk' with 1 weak references
09-18 07:27:16.437 10964 10970 W android.vending: ApkAssets: Deleting an ApkAssets object '<empty> and /data/app/~~na8ZiacJwLODVBNnZRxQbA==/com.google.android.gm-yIp9D9pnkrGbnyLMUFhQSQ==/split_config.en.apk' with 1 weak references
09-18 07:27:16.437 10964 10970 W android.vending: ApkAssets: Deleting an ApkAssets object '<empty> and /data/app/~~na8ZiacJwLODVBNnZRxQbA==/com.google.android.gm-yIp9D9pnkrGbnyLMUFhQSQ==/split_config.xhdpi.apk' with 1 weak references
09-18 07:27:16.437 10964 10970 W android.vending: ApkAssets: Deleting an ApkAssets object '<empty> and /data/app/~~wOZM5qxr1ohDGbkVI8qmxg==/com.google.android.videos-MlqCjmsO_tIA99Dl9SEA2A==/base.apk' with 1 weak references
09-18 07:27:16.438 10964 10970 W android.vending: ApkAssets: Deleting an ApkAssets object '<empty> and /data/app/~~wOZM5qxr1ohDGbkVI8qmxg==/com.google.android.videos-MlqCjmsO_tIA99Dl9SEA2A==/split_config.arm64_v8a.apk' with 1 weak references
09-18 07:27:16.438 16985 16985 W OpenGLRenderer: Unknown dataspace 0
09-18 07:27:16.438 10964 10970 W android.vending: ApkAssets: Deleting an ApkAssets object '<empty> and /data/app/~~wOZM5qxr1ohDGbkVI8qmxg==/com.google.android.videos-MlqCjmsO_tIA99Dl9SEA2A==/split_config.en.apk' with 1 weak references
09-18 07:27:16.438 10964 10970 W android.vending: ApkAssets: Deleting an ApkAssets object '<empty> and /data/app/~~wOZM5qxr1ohDGbkVI8qmxg==/com.google.android.videos-MlqCjmsO_tIA99Dl9SEA2A==/split_config.xhdpi.apk' with 1 weak references
09-18 07:27:16.438 10964 10970 W android.vending: ApkAssets: Deleting an ApkAssets object '<empty> and /data/app/~~EVgUpX_jVee6rNnTZtMDpQ==/com.google.android.youtube-t8KVbA24Tay9oW5bOmxalA==/base.apk' with 1 weak references
09-18 07:27:16.438 10964 10970 W android.vending: ApkAssets: Deleting an ApkAssets object '<empty> and /data/app/~~EVgUpX_jVee6rNnTZtMDpQ==/com.google.android.youtube-t8KVbA24Tay9oW5bOmxalA==/split_config.arm64_v8a.apk' with 1 weak references
09-18 07:27:16.438 10964 10970 W android.vending: ApkAssets: Deleting an ApkAssets object '<empty> and /data/app/~~EVgUpX_jVee6rNnTZtMDpQ==/com.google.android.youtube-t8KVbA24Tay9oW5bOmxalA==/split_config.en.apk' with 1 weak references
09-18 07:27:16.439 10964 10970 W android.vending: ApkAssets: Deleting an ApkAssets object '<empty> and /data/app/~~EVgUpX_jVee6rNnTZtMDpQ==/com.google.android.youtube-t8KVbA24Tay9oW5bOmxalA==/split_config.xhdpi.apk' with 1 weak references
09-18 07:27:16.439 10964 10970 W android.vending: ApkAssets: Deleting an ApkAssets object '<empty> and /product/priv-app/MotCamera4/MotCamera4.apk' with 1 weak references
09-18 07:27:16.439 10964 10970 W android.vending: ApkAssets: Deleting an ApkAssets object '<empty> and /data/app/~~5jj7aCaoeuPy80Y4DLKpJQ==/com.motorola.securityhub-GqiZhmic76102Q9eEg_UJA==/base.apk' with 1 weak references
09-18 07:27:16.439 10964 10970 W android.vending: ApkAssets: Deleting an ApkAssets object '<empty> and /data/app/~~5jj7aCaoeuPy80Y4DLKpJQ==/com.motorola.securityhub-GqiZhmic76102Q9eEg_UJA==/split_config.arm64_v8a.apk' with 1 weak references
09-18 07:27:16.439 10964 10970 W android.vending: ApkAssets: Deleting an ApkAssets object '<empty> and /data/app/~~5jj7aCaoeuPy80Y4DLKpJQ==/com.motorola.securityhub-GqiZhmic76102Q9eEg_UJA==/split_config.en.apk' with 1 weak references
09-18 07:27:16.440 10964 10970 W android.vending: ApkAssets: Deleting an ApkAssets object '<empty> and /data/app/~~5jj7aCaoeuPy80Y4DLKpJQ==/com.motorola.securityhub-GqiZhmic76102Q9eEg_UJA==/split_config.xhdpi.apk' with 1 weak references
09-18 07:27:16.440 10964 10970 W android.vending: ApkAssets: Deleting an ApkAssets object '<empty> and /data/app/~~a3VwZ6Ld2oyLwOTe2uW6sg==/co.mona.android-mnkhYYUGJYdbVa00rFY8YQ==/base.apk' with 1 weak references
09-18 07:27:16.441 10964 10970 W android.vending: ApkAssets: Deleting an ApkAssets object '<empty> and /data/app/~~a3VwZ6Ld2oyLwOTe2uW6sg==/co.mona.android-mnkhYYUGJYdbVa00rFY8YQ==/split_assets_install.apk' with 1 weak references
09-18 07:27:16.441 10964 10970 W android.vending: ApkAssets: Deleting an ApkAssets object '<empty> and /data/app/~~a3VwZ6Ld2oyLwOTe2uW6sg==/co.mona.android-mnkhYYUGJYdbVa00rFY8YQ==/split_config.arm64_v8a.apk' with 1 weak references
09-18 07:27:16.441 10964 10970 W android.vending: ApkAssets: Deleting an ApkAssets object '<empty> and /data/app/~~a3VwZ6Ld2oyLwOTe2uW6sg==/co.mona.android-mnkhYYUGJYdbVa00rFY8YQ==/split_config.xhdpi.apk' with 1 weak references
09-18 07:27:16.441 10964 10970 W android.vending: ApkAssets: Deleting an ApkAssets object '<empty> and /data/app/~~a3VwZ6Ld2oyLwOTe2uW6sg==/co.mona.android-mnkhYYUGJYdbVa00rFY8YQ==/split_dynamic_features_impls.apk' with 1 weak references
09-18 07:27:16.441 10964 10970 W android.vending: ApkAssets: Deleting an ApkAssets object '<empty> and /data/app/~~a3VwZ6Ld2oyLwOTe2uW6sg==/co.mona.android-mnkhYYUGJYdbVa00rFY8YQ==/split_dynamic_features_impls.config.arm64_v8a.apk' with 1 weak references
09-18 07:27:16.441 10964 10970 W android.vending: ApkAssets: Deleting an ApkAssets object '<empty> and /data/app/~~a3VwZ6Ld2oyLwOTe2uW6sg==/co.mona.android-mnkhYYUGJYdbVa00rFY8YQ==/split_dynamic_features_impls.config.xhdpi.apk' with 1 weak references
09-18 07:27:16.441 10964 10970 W android.vending: ApkAssets: Deleting an ApkAssets object '<empty> and /data/app/~~ablN2teba1nuYXqYLHW9Ww==/com.kickstarter.kickstarter-8LXip7Sym2_Xq8F1xnhqQw==/base.apk' with 1 weak references
09-18 07:27:16.442 10964 10970 W android.vending: ApkAssets: Deleting an ApkAssets object '<empty> and /data/app/~~fHJyMAb4E7Tj5tYqyegodg==/com.snapchat.android-bYyriDIMsoRlHAjYGMt6LA==/base.apk' with 1 weak references
09-18 07:27:16.442 10964 10970 W android.vending: ApkAssets: Deleting an ApkAssets object '<empty> and /data/app/~~fHJyMAb4E7Tj5tYqyegodg==/com.snapchat.android-bYyriDIMsoRlHAjYGMt6LA==/split_bloops_dynamic_sdk.apk' with 1 weak references
09-18 07:27:16.442 10964 10970 W android.vending: ApkAssets: Deleting an ApkAssets object '<empty> and /data/app/~~fHJyMAb4E7Tj5tYqyegodg==/com.snapchat.android-bYyriDIMsoRlHAjYGMt6LA==/split_bloops_dynamic_sdk.config.arm64_v8a.apk' with 1 weak references
09-18 07:27:16.442 10964 10970 W android.vending: ApkAssets: Deleting an ApkAssets object '<empty> and /data/app/~~fHJyMAb4E7Tj5tYqyegodg==/com.snapchat.android-bYyriDIMsoRlHAjYGMt6LA==/split_config.arm64_v8a.apk' with 1 weak references
09-18 07:27:16.442 10964 10970 W android.vending: ApkAssets: Deleting an ApkAssets object '<empty> and /data/app/~~fHJyMAb4E7Tj5tYqyegodg==/com.snapchat.android-bYyriDIMsoRlHAjYGMt6LA==/split_config.en.apk' with 1 weak references
09-18 07:27:16.442 10964 10970 W android.vending: ApkAssets: Deleting an ApkAssets object '<empty> and /data/app/~~fHJyMAb4E7Tj5tYqyegodg==/com.snapchat.android-bYyriDIMsoRlHAjYGMt6LA==/split_config.xhdpi.apk' with 1 weak references
09-18 07:27:16.442 10964 10970 W android.vending: ApkAssets: Deleting an ApkAssets object '<empty> and /data/app/~~ByuTUzsZN10SxevD6NqIYA==/io.github.muntashirakon.AppManager-BV13v7lixtI94vHiJat8Pw==/base.apk' with 1 weak references
09-18 07:27:16.443 10964 10970 W android.vending: ApkAssets: Deleting an ApkAssets object '<empty> and /data/app/~~xipjx25KY89ffIQNN6we2A==/nextapp.fx-IPx_9P_aomt04zdtQV4-wg==/base.apk' with 1 weak references
09-18 07:27:16.443 10964 10970 W android.vending: ApkAssets: Deleting an ApkAssets object '<empty> and /data/app/~~h3V9I6748KMDUMwlFa720w==/com.google.android.apps.googleassistant-ieS-nLDMvedKaJs6H7aprA==/base.apk' with 1 weak references
09-18 07:27:16.443 10964 10970 W android.vending: ApkAssets: Deleting an ApkAssets object '<empty> and /data/app/~~-UlQDL_-4ABfFT7ZczAkEA==/com.google.android.apps.nbu.files-7AoOiwGyNjRHfSn4FB6cmQ==/base.apk' with 1 weak references
09-18 07:27:16.443 10964 10970 W android.vending: ApkAssets: Deleting an ApkAssets object '<empty> and /data/app/~~-UlQDL_-4ABfFT7ZczAkEA==/com.google.android.apps.nbu.files-7AoOiwGyNjRHfSn4FB6cmQ==/split_config.arm64_v8a.apk' with 1 weak references
09-18 07:27:16.443 10964 10970 W android.vending: ApkAssets: Deleting an ApkAssets object '<empty> and /data/app/~~-UlQDL_-4ABfFT7ZczAkEA==/com.google.android.apps.nbu.files-7AoOiwGyNjRHfSn4FB6cmQ==/split_config.en.apk' with 1 weak references
09-18 07:27:16.443 10964 10970 W android.vending: ApkAssets: Deleting an ApkAssets object '<empty> and /data/app/~~-UlQDL_-4ABfFT7ZczAkEA==/com.google.android.apps.nbu.files-7AoOiwGyNjRHfSn4FB6cmQ==/split_config.xhdpi.apk' with 1 weak references
09-18 07:27:16.443 10964 10970 W android.vending: ApkAssets: Deleting an ApkAssets object '<empty> and /data/app/~~dS94IqMPr_tgwJdOT76QBQ==/com.google.android.googlequicksearchbox-n6PUxQ2ozt5iywZ3biTT7A==/base.apk' with 1 weak references
09-18 07:27:16.444 10964 10970 W android.vending: ApkAssets: Deleting an ApkAssets object '<empty> and /data/app/~~dS94IqMPr_tgwJdOT76QBQ==/com.google.android.googlequicksearchbox-n6PUxQ2ozt5iywZ3biTT7A==/split_config.xhdpi.apk' with 1 weak references
09-18 07:27:16.444 10964 10970 W android.vending: ApkAssets: Deleting an ApkAssets object '<empty> and /data/app/~~dS94IqMPr_tgwJdOT76QBQ==/com.google.android.googlequicksearchbox-n6PUxQ2ozt5iywZ3biTT7A==/split_lens_ondevice_engine_feature_module.apk' with 1 weak references
09-18 07:27:16.444 10964 10970 W android.vending: ApkAssets: Deleting an ApkAssets object '<empty> and /data/app/~~dS94IqMPr_tgwJdOT76QBQ==/com.google.android.googlequicksearchbox-n6PUxQ2ozt5iywZ3biTT7A==/split_lens_ondevice_engine_play_ml_module.apk' with 1 weak references
09-18 07:27:16.444 10964 10970 W android.vending: ApkAssets: Deleting an ApkAssets object '<empty> and /data/app/~~CZJz8CVsYMEoCbrsZw1eKg==/com.motorola.audiorecorder-aK4U5chhizM8IdxfIdrqjw==/base.apk' with 1 weak references
09-18 07:27:16.444 10964 10970 W android.vending: ApkAssets: Deleting an ApkAssets object '<empty> and /data/app/~~CZJz8CVsYMEoCbrsZw1eKg==/com.motorola.audiorecorder-aK4U5chhizM8IdxfIdrqjw==/split_config.arm64_v8a.apk' with 1 weak references
09-18 07:27:16.444 10964 10970 W android.vending: ApkAssets: Deleting an ApkAssets object '<empty> and /data/app/~~CZJz8CVsYMEoCbrsZw1eKg==/com.motorola.audiorecorder-aK4U5chhizM8IdxfIdrqjw==/split_config.en.apk' with 1 weak references
09-18 07:27:16.444 10964 10970 W android.vending: ApkAssets: Deleting an ApkAssets object '<empty> and /data/app/~~CZJz8CVsYMEoCbrsZw1eKg==/com.motorola.audiorecorder-aK4U5chhizM8IdxfIdrqjw==/split_config.xhdpi.apk' with 1 weak references
09-18 07:27:16.445 10964 10970 W android.vending: ApkAssets: Deleting an ApkAssets object '<empty> and /data/app/~~EqBXHTarmMLnuyzoOa7ifw==/com.motorola.ccc.notification-_1uFNYeuQrL4MKNfTe7QzQ==/base.apk' with 1 weak references
09-18 07:27:16.445 10964 10970 W android.vending: ApkAssets: Deleting an ApkAssets object '<empty> and /system/app/MotoDolbyDax3/MotoDolbyDax3.apk' with 1 weak references
09-18 07:27:16.445 10964 10970 W android.vending: ApkAssets: Deleting an ApkAssets object '<empty> and /data/app/~~MmJP0mJboxn01aOCuyZtkw==/com.motorola.fmplayer-zzR3sX58mlHx-gsjtlHevQ==/base.apk' with 1 weak references
09-18 07:27:16.445 10964 10970 W android.vending: ApkAssets: Deleting an ApkAssets object '<empty> and /data/app/~~L1PPXsrDUdxQkA1_Lx2x0Q==/com.motorola.gamemode-s1NTXyUNiFpuJJA4sfSrbQ==/base.apk' with 1 weak references
09-18 07:27:16.445 10964 10970 W android.vending: ApkAssets: Deleting an ApkAssets object '<empty> and /data/app/~~L1PPXsrDUdxQkA1_Lx2x0Q==/com.motorola.gamemode-s1NTXyUNiFpuJJA4sfSrbQ==/split_config.arm64_v8a.apk' with 1 weak references
09-18 07:27:16.446 10964 10970 W android.vending: ApkAssets: Deleting an ApkAssets object '<empty> and /data/app/~~80av9TRxH2jdoFbHVsZV8w==/com.motorola.genie-xvStVkFPfm0-k5k4m1jS6g==/base.apk' with 1 weak references
09-18 07:27:16.446 10964 10970 W android.vending: ApkAssets: Deleting an ApkAssets object '<empty> and /data/app/~~HNrD2Ksu0bSVXUj0ljYkdg==/com.motorola.moto-T2StRnpjTx4E6spOPs4SwQ==/base.apk' with 1 weak references
09-18 07:27:16.446 10964 10970 W android.vending: ApkAssets: Deleting an ApkAssets object '<empty> and /data/app/~~HNrD2Ksu0bSVXUj0ljYkdg==/com.motorola.moto-T2StRnpjTx4E6spOPs4SwQ==/split_config.arm64_v8a.apk' with 1 weak references
09-18 07:27:16.447 10964 10970 W android.vending: ApkAssets: Deleting an ApkAssets object '<empty> and /data/app/~~HNrD2Ksu0bSVXUj0ljYkdg==/com.motorola.moto-T2StRnpjTx4E6spOPs4SwQ==/split_config.en.apk' with 1 weak references
09-18 07:27:16.447 10964 10970 W android.vending: ApkAssets: Deleting an ApkAssets object '<empty> and /data/app/~~HNrD2Ksu0bSVXUj0ljYkdg==/com.motorola.moto-T2StRnpjTx4E6spOPs4SwQ==/split_config.xhdpi.apk' with 1 weak references
09-18 07:27:16.447 10964 10970 W android.vending: ApkAssets: Deleting an ApkAssets object '<empty> and /data/app/~~dmMoFFXjE4651ssYVfBe_Q==/com.motorola.om-CFQT4GkG4bD2QBfQA3_RaQ==/base.apk' with 1 weak references
09-18 07:27:16.447 10964 10970 W android.vending: ApkAssets: Deleting an ApkAssets object '<empty> and /data/app/~~dmMoFFXjE4651ssYVfBe_Q==/com.motorola.om-CFQT4GkG4bD2QBfQA3_RaQ==/split_config.arm64_v8a.apk' with 1 weak references
09-18 07:27:16.447 10964 10970 W android.vending: ApkAssets: Deleting an ApkAssets object '<empty> and /data/app/~~dmMoFFXjE4651ssYVfBe_Q==/com.motorola.om-CFQT4GkG4bD2QBfQA3_RaQ==/split_config.en.apk' with 1 weak references
09-18 07:27:16.447 10964 10970 W android.vending: ApkAssets: Deleting an ApkAssets object '<empty> and /data/app/~~dmMoFFXjE4651ssYVfBe_Q==/com.motorola.om-CFQT4GkG4bD2QBfQA3_RaQ==/split_config.xhdpi.apk' with 1 weak references
09-18 07:27:16.447 10964 10970 W android.vending: ApkAssets: Deleting an ApkAssets object '<empty> and /data/app/~~ojsbC4eG82a5Vz310tPf4g==/com.motorola.spaces-TdXhvFVhXZ_TKYxUcTBf7A==/base.apk' with 1 weak references
09-18 07:27:16.447 10964 10970 W android.vending: ApkAssets: Deleting an ApkAssets object '<empty> and /data/app/~~ojsbC4eG82a5Vz310tPf4g==/com.motorola.spaces-TdXhvFVhXZ_TKYxUcTBf7A==/split_config.arm64_v8a.apk' with 1 weak references
09-18 07:27:16.447 10964 10970 W android.vending: ApkAssets: Deleting an ApkAssets object '<empty> and /data/app/~~ojsbC4eG82a5Vz310tPf4g==/com.motorola.spaces-TdXhvFVhXZ_TKYxUcTBf7A==/split_config.en.apk' with 1 weak references
09-18 07:27:16.447 10964 10970 W android.vending: ApkAssets: Deleting an ApkAssets object '<empty> and /data/app/~~ojsbC4eG82a5Vz310tPf4g==/com.motorola.spaces-TdXhvFVhXZ_TKYxUcTBf7A==/split_config.xhdpi.apk' with 1 weak references
09-18 07:27:16.447 10964 10970 W android.vending: ApkAssets: Deleting an ApkAssets object '<empty> and /data/app/~~MarOfxCl7ssiV-tLxTAscw==/com.motorola.timeweatherwidget-tG9LHp60uEPCirK5BpbMzQ==/base.apk' with 1 weak references
09-18 07:27:16.448 10964 10970 W android.vending: ApkAssets: Deleting an ApkAssets object '<empty> and /data/app/~~qIjsDGwDHt_fEMHIOlnnbw==/ai.mistral.chat-vL_I9Z4ITJ5B3GV2cREu3A==/base.apk' with 1 weak references
09-18 07:27:16.448 10964 10970 W android.vending: ApkAssets: Deleting an ApkAssets object '<empty> and /data/app/~~qIjsDGwDHt_fEMHIOlnnbw==/ai.mistral.chat-vL_I9Z4ITJ5B3GV2cREu3A==/split_config.arm64_v8a.apk' with 1 weak references
09-18 07:27:16.448 10964 10970 W android.vending: ApkAssets: Deleting an ApkAssets object '<empty> and /data/app/~~qIjsDGwDHt_fEMHIOlnnbw==/ai.mistral.chat-vL_I9Z4ITJ5B3GV2cREu3A==/split_config.xhdpi.apk' with 1 weak references
09-18 07:27:16.448 10964 10970 W android.vending: ApkAssets: Deleting an ApkAssets object '<empty> and /data/app/~~ryR-S8DluFoQ5hs16503yw==/com.SpikeChunsoft.ShirenTheWanderer6Plus.ww-rFGW03EYwKLNzpvq9It5tg==/base.apk' with 1 weak references
09-18 07:27:16.448 10964 10970 W android.vending: ApkAssets: Deleting an ApkAssets object '<empty> and /data/app/~~ryR-S8DluFoQ5hs16503yw==/com.SpikeChunsoft.ShirenTheWanderer6Plus.ww-rFGW03EYwKLNzpvq9It5tg==/split_UnityDataAssetPack.apk' with 1 weak references
09-18 07:27:16.448 10964 10970 W android.vending: ApkAssets: Deleting an ApkAssets object '<empty> and /data/app/~~ryR-S8DluFoQ5hs16503yw==/com.SpikeChunsoft.ShirenTheWanderer6Plus.ww-rFGW03EYwKLNzpvq9It5tg==/split_config.arm64_v8a.apk' with 1 weak references
09-18 07:27:16.449 10964 10970 W android.vending: ApkAssets: Deleting an ApkAssets object '<empty> and /data/app/~~cLB0I1ffO1BDW5NjfQNv4g==/com.adsk.sketchbook-1wOJEmY9-ia05-ngcJwCYA==/base.apk' with 1 weak references
09-18 07:27:16.449 10964 10970 W android.vending: ApkAssets: Deleting an ApkAssets object '<empty> and /data/app/~~cLB0I1ffO1BDW5NjfQNv4g==/com.adsk.sketchbook-1wOJEmY9-ia05-ngcJwCYA==/split_config.arm64_v8a.apk' with 1 weak references
09-18 07:27:16.449 10964 10970 W android.vending: ApkAssets: Deleting an ApkAssets object '<empty> and /data/app/~~cLB0I1ffO1BDW5NjfQNv4g==/com.adsk.sketchbook-1wOJEmY9-ia05-ngcJwCYA==/split_config.en.apk' with 1 weak references
09-18 07:27:16.449 10964 10970 W android.vending: ApkAssets: Deleting an ApkAssets object '<empty> and /data/app/~~cLB0I1ffO1BDW5NjfQNv4g==/com.adsk.sketchbook-1wOJEmY9-ia05-ngcJwCYA==/split_config.xhdpi.apk' with 1 weak references
09-18 07:27:16.449 10964 10970 W android.vending: ApkAssets: Deleting an ApkAssets object '<empty> and /data/app/~~z_Irwxk7zMhtLwxJBA-Sfw==/com.allakore.brainchat-b5inDQ1QjQzfE43d-qbPYQ==/base.apk' with 1 weak references
09-18 07:27:16.449 10964 10970 W android.vending: ApkAssets: Deleting an ApkAssets object '<empty> and /data/app/~~z_Irwxk7zMhtLwxJBA-Sfw==/com.allakore.brainchat-b5inDQ1QjQzfE43d-qbPYQ==/split_config.arm64_v8a.apk' with 1 weak references
09-18 07:27:16.449 10964 10970 W android.vending: ApkAssets: Deleting an ApkAssets object '<empty> and /data/app/~~z_Irwxk7zMhtLwxJBA-Sfw==/com.allakore.brainchat-b5inDQ1QjQzfE43d-qbPYQ==/split_config.en.apk' with 1 weak references
09-18 07:27:16.449 10964 10970 W android.vending: ApkAssets: Deleting an ApkAssets object '<empty> and /data/app/~~z_Irwxk7zMhtLwxJBA-Sfw==/com.allakore.brainchat-b5inDQ1QjQzfE43d-qbPYQ==/split_config.xhdpi.apk' with 1 weak references
09-18 07:27:16.449 10964 10970 W android.vending: ApkAssets: Deleting an ApkAssets object '<empty> and /data/app/~~Ib6IzXiadtUdX6UR43y45w==/com.allakore.swapnoroot-sWj2Cy7XnG2tAdCEf4OjGA==/base.apk' with 1 weak references
09-18 07:27:16.449 10964 10970 W android.vending: ApkAssets: Deleting an ApkAssets object '<empty> and /data/app/~~Ib6IzXiadtUdX6UR43y45w==/com.allakore.swapnoroot-sWj2Cy7XnG2tAdCEf4OjGA==/split_config.arm64_v8a.apk' with 1 weak references
09-18 07:27:16.449 10964 10970 W android.vending: ApkAssets: Deleting an ApkAssets object '<empty> and /data/app/~~Ib6IzXiadtUdX6UR43y45w==/com.allakore.swapnoroot-sWj2Cy7XnG2tAdCEf4OjGA==/split_config.en.apk' with 1 weak references
09-18 07:27:16.450 10964 10970 W android.vending: ApkAssets: Deleting an ApkAssets object '<empty> and /data/app/~~Ib6IzXiadtUdX6UR43y45w==/com.allakore.swapnoroot-sWj2Cy7XnG2tAdCEf4OjGA==/split_config.fr.apk' with 1 weak references
09-18 07:27:16.450 10964 10970 W android.vending: ApkAssets: Deleting an ApkAssets object '<empty> and /data/app/~~Ib6IzXiadtUdX6UR43y45w==/com.allakore.swapnoroot-sWj2Cy7XnG2tAdCEf4OjGA==/split_config.xhdpi.apk' with 1 weak references
09-18 07:27:16.450 10964 10970 W android.vending: ApkAssets: Deleting an ApkAssets object '<empty> and /data/app/~~HiQBIxUKDkSms5eA3JBCgw==/com.amazon.clouddrive.photos-aFkUbCkCqg0uHcoh8qnsKQ==/base.apk' with 1 weak references
09-18 07:27:16.450 10964 10970 W android.vending: ApkAssets: Deleting an ApkAssets object '<empty> and /data/app/~~HVnU0qoz7qFrXdnkFNmwUQ==/com.amazon.mShop.android.shopping-pNl8uGzIXipwtbejAIvxwA==/base.apk' with 1 weak references
09-18 07:27:16.451 10964 10970 W android.vending: ApkAssets: Deleting an ApkAssets object '<empty> and /data/app/~~HVnU0qoz7qFrXdnkFNmwUQ==/com.amazon.mShop.android.shopping-pNl8uGzIXipwtbejAIvxwA==/split_config.arm64_v8a.apk' with 1 weak references
09-18 07:27:16.451 10964 10970 W android.vending: ApkAssets: Deleting an ApkAssets object '<empty> and /data/app/~~HVnU0qoz7qFrXdnkFNmwUQ==/com.amazon.mShop.android.shopping-pNl8uGzIXipwtbejAIvxwA==/split_config.xhdpi.apk' with 1 weak references
09-18 07:27:16.451 10964 10970 W android.vending: ApkAssets: Deleting an ApkAssets object '<empty> and /data/app/~~eH44wSSvKvmH2-1R2AUiPg==/com.anthropic.claude-34PT8gLBAsKVCTgHzz4FyA==/base.apk' with 1 weak references
09-18 07:27:16.451 10964 10970 W android.vending: ApkAssets: Deleting an ApkAssets object '<empty> and /data/app/~~eH44wSSvKvmH2-1R2AUiPg==/com.anthropic.claude-34PT8gLBAsKVCTgHzz4FyA==/split_config.arm64_v8a.apk' with 1 weak references
09-18 07:27:16.451 10964 10970 W android.vending: ApkAssets: Deleting an ApkAssets object '<empty> and /data/app/~~eH44wSSvKvmH2-1R2AUiPg==/com.anthropic.claude-34PT8gLBAsKVCTgHzz4FyA==/split_config.en.apk' with 1 weak references
09-18 07:27:16.451 10964 10970 W android.vending: ApkAssets: Deleting an ApkAssets object '<empty> and /data/app/~~eH44wSSvKvmH2-1R2AUiPg==/com.anthropic.claude-34PT8gLBAsKVCTgHzz4FyA==/split_config.xhdpi.apk' with 1 weak references
09-18 07:27:16.451 10964 10970 W android.vending: ApkAssets: Deleting an ApkAssets object '<empty> and /data/app/~~1BiU2qv-O44xMnqBvKmzpQ==/com.app.speedwallet-YQvYjmcBe8Lj26cPmhBI2Q==/base.apk' with 1 weak references
09-18 07:27:16.451 10964 10970 W android.vending: ApkAssets: Deleting an ApkAssets object '<empty> and /data/app/~~1BiU2qv-O44xMnqBvKmzpQ==/com.app.speedwallet-YQvYjmcBe8Lj26cPmhBI2Q==/split_config.arm64_v8a.apk' with 1 weak references
09-18 07:27:16.458  2153  4339 D CoreBackPreview: Window{69be26e u0 com.bkawrapper/com.bkawrapper.MainActivity}: Setting back callback OnBackInvokedCallbackInfo{mCallback=android.window.IOnBackInvokedCallback$Stub$Proxy@a39bb88, mPriority=0, mIsAnimationCallback=false}
09-18 07:27:16.459 10964 10970 W android.vending: ApkAssets: Deleting an ApkAssets object '<empty> and /data/app/~~1BiU2qv-O44xMnqBvKmzpQ==/com.app.speedwallet-YQvYjmcBe8Lj26cPmhBI2Q==/split_config.xhdpi.apk' with 1 weak references
09-18 07:27:16.459 10964 10970 W android.vending: ApkAssets: Deleting an ApkAssets object '<empty> and /data/app/~~JUU1YunRzTbmTPp4EKj2YQ==/com.authy.authy-1uhyAih-OUGMVHh04HZZKA==/base.apk' with 1 weak references
09-18 07:27:16.459 10964 10970 W android.vending: ApkAssets: Deleting an ApkAssets object '<empty> and /data/app/~~Wiy5pWc2XdIjoAWBdGc7Hg==/com.canadapost.android-FQ8UYY2YcgWMSUReZW5VEg==/base.apk' with 1 weak references
09-18 07:27:16.460 10964 10970 W android.vending: ApkAssets: Deleting an ApkAssets object '<empty> and /data/app/~~Wiy5pWc2XdIjoAWBdGc7Hg==/com.canadapost.android-FQ8UYY2YcgWMSUReZW5VEg==/split_config.arm64_v8a.apk' with 1 weak references
09-18 07:27:16.460 10964 10970 W android.vending: ApkAssets: Deleting an ApkAssets object '<empty> and /data/app/~~Wiy5pWc2XdIjoAWBdGc7Hg==/com.canadapost.android-FQ8UYY2YcgWMSUReZW5VEg==/split_config.xhdpi.apk' with 1 weak references
09-18 07:27:16.460 10964 10970 W android.vending: ApkAssets: Deleting an ApkAssets object '<empty> and /data/app/~~fGeq3wgtfV84u1GdQwlFcw==/com.deepseek.chat-NoSDMadhC-LyeQhrBCnqrg==/base.apk' with 1 weak references
09-18 07:27:16.460 10964 10970 W android.vending: ApkAssets: Deleting an ApkAssets object '<empty> and /data/app/~~fGeq3wgtfV84u1GdQwlFcw==/com.deepseek.chat-NoSDMadhC-LyeQhrBCnqrg==/split_config.arm64_v8a.apk' with 1 weak references
09-18 07:27:16.460 10964 10970 W android.vending: ApkAssets: Deleting an ApkAssets object '<empty> and /data/app/~~fGeq3wgtfV84u1GdQwlFcw==/com.deepseek.chat-NoSDMadhC-LyeQhrBCnqrg==/split_config.xhdpi.apk' with 1 weak references
09-18 07:27:16.460 10964 10970 W android.vending: ApkAssets: Deleting an ApkAssets object '<empty> and /data/app/~~umf4tgd1wraeJM4OI0TBEA==/com.discord-mx0R8Z-SaIqIVRkOsbYnNQ==/base.apk' with 1 weak references
09-18 07:27:16.460 10964 10970 W android.vending: ApkAssets: Deleting an ApkAssets object '<empty> and /data/app/~~umf4tgd1wraeJM4OI0TBEA==/com.discord-mx0R8Z-SaIqIVRkOsbYnNQ==/split_config.arm64_v8a.apk' with 1 weak references
09-18 07:27:16.461 10964 10970 W android.vending: ApkAssets: Deleting an ApkAssets object '<empty> and /data/app/~~umf4tgd1wraeJM4OI0TBEA==/com.discord-mx0R8Z-SaIqIVRkOsbYnNQ==/split_config.en.apk' with 1 weak references
09-18 07:27:16.461 10964 10970 W android.vending: ApkAssets: Deleting an ApkAssets object '<empty> and /data/app/~~umf4tgd1wraeJM4OI0TBEA==/com.discord-mx0R8Z-SaIqIVRkOsbYnNQ==/split_config.xhdpi.apk' with 1 weak references
09-18 07:27:16.461 10964 10970 W android.vending: ApkAssets: Deleting an ApkAssets object '<empty> and /data/app/~~nKNx7I2ksCId4N8G5irQ6w==/com.dishii.soh-HsF9-2E6AyMIs3DjZ4sGhA==/base.apk' with 1 weak references
09-18 07:27:16.461 10964 10970 W android.vending: ApkAssets: Deleting an ApkAssets object '<empty> and /data/app/~~NvCU4RVA-pBSU0XiuGJ-6A==/com.ebay.mobile-frAKbtq0MUHGnUCRHigLHA==/base.apk' with 1 weak references
09-18 07:27:16.461 10964 10970 W android.vending: ApkAssets: Deleting an ApkAssets object '<empty> and /data/app/~~NvCU4RVA-pBSU0XiuGJ-6A==/com.ebay.mobile-frAKbtq0MUHGnUCRHigLHA==/split_config.arm64_v8a.apk' with 1 weak references
09-18 07:27:16.461 10964 10970 W android.vending: ApkAssets: Deleting an ApkAssets object '<empty> and /data/app/~~NvCU4RVA-pBSU0XiuGJ-6A==/com.ebay.mobile-frAKbtq0MUHGnUCRHigLHA==/split_config.en.apk' with 1 weak references
09-18 07:27:16.461 10964 10970 W android.vending: ApkAssets: Deleting an ApkAssets object '<empty> and /data/app/~~NvCU4RVA-pBSU0XiuGJ-6A==/com.ebay.mobile-frAKbtq0MUHGnUCRHigLHA==/split_config.xhdpi.apk' with 1 weak references
09-18 07:27:16.461 10964 10970 W android.vending: ApkAssets: Deleting an ApkAssets object '<empty> and /data/app/~~u1ZGuTVG1-kJuwTyy6k7yQ==/com.github.android-Y-UnFJ9Q-m656N1wmJp_Eg==/base.apk' with 1 weak references
09-18 07:27:16.462 10964 10970 W android.vending: ApkAssets: Deleting an ApkAssets object '<empty> and /data/app/~~u1ZGuTVG1-kJuwTyy6k7yQ==/com.github.android-Y-UnFJ9Q-m656N1wmJp_Eg==/split_config.arm64_v8a.apk' with 1 weak references
09-18 07:27:16.462 10964 10970 W android.vending: ApkAssets: Deleting an ApkAssets object '<empty> and /data/app/~~u1ZGuTVG1-kJuwTyy6k7yQ==/com.github.android-Y-UnFJ9Q-m656N1wmJp_Eg==/split_config.xhdpi.apk' with 1 weak references
09-18 07:27:16.462 10964 10970 W android.vending: ApkAssets: Deleting an ApkAssets object '<empty> and /data/app/~~RkLfuupC-zPa6OUcjU61Dg==/com.google.android.apps.bard-4Zc9OkvFTkc1Zp8CxCesDw==/base.apk' with 1 weak references
09-18 07:27:16.462 10964 10970 W android.vending: ApkAssets: Deleting an ApkAssets object '<empty> and /data/app/~~RkLfuupC-zPa6OUcjU61Dg==/com.google.android.apps.bard-4Zc9OkvFTkc1Zp8CxCesDw==/split_config.arm64_v8a.apk' with 1 weak references
09-18 07:27:16.462 10964 10970 W android.vending: ApkAssets: Deleting an ApkAssets object '<empty> and /data/app/~~RkLfuupC-zPa6OUcjU61Dg==/com.google.android.apps.bard-4Zc9OkvFTkc1Zp8CxCesDw==/split_config.en.apk' with 1 weak references
09-18 07:27:16.462 10964 10970 W android.vending: ApkAssets: Deleting an ApkAssets object '<empty> and /data/app/~~RkLfuupC-zPa6OUcjU61Dg==/com.google.android.apps.bard-4Zc9OkvFTkc1Zp8CxCesDw==/split_config.fr.apk' with 1 weak references
09-18 07:27:16.462 10964 10970 W android.vending: ApkAssets: Deleting an ApkAssets object '<empty> and /data/app/~~RkLfuupC-zPa6OUcjU61Dg==/com.google.android.apps.bard-4Zc9OkvFTkc1Zp8CxCesDw==/split_config.xhdpi.apk' with 1 weak references
09-18 07:27:16.462 10964 10970 W android.vending: ApkAssets: Deleting an ApkAssets object '<empty> and /data/app/~~n7926GFCXo_-pT0kgFmx9g==/com.google.android.apps.giant-Hy_qoCk8pXChZLGk5IezoA==/base.apk' with 1 weak references
09-18 07:27:16.462 10964 10970 W android.vending: ApkAssets: Deleting an ApkAssets object '<empty> and /data/app/~~n7926GFCXo_-pT0kgFmx9g==/com.google.android.apps.giant-Hy_qoCk8pXChZLGk5IezoA==/split_config.arm64_v8a.apk' with 1 weak references
09-18 07:27:16.462 10964 10970 W android.vending: ApkAssets: Deleting an ApkAssets object '<empty> and /data/app/~~n7926GFCXo_-pT0kgFmx9g==/com.google.android.apps.giant-Hy_qoCk8pXChZLGk5IezoA==/split_config.xhdpi.apk' with 1 weak references
09-18 07:27:16.462 10964 10970 W android.vending: ApkAssets: Deleting an ApkAssets object '<empty> and /data/app/~~MnfjA_4GnMcb0O5-YJNgWg==/com.google.android.apps.playconsole-G5jDiF0mhYfvHjCE4KK0ew==/base.apk' with 1 weak references
09-18 07:27:16.462 10964 10970 W android.vending: ApkAssets: Deleting an ApkAssets object '<empty> and /data/app/~~MnfjA_4GnMcb0O5-YJNgWg==/com.google.android.apps.playconsole-G5jDiF0mhYfvHjCE4KK0ew==/split_config.arm64_v8a.apk' with 1 weak references
09-18 07:27:16.462 10964 10970 W android.vending: ApkAssets: Deleting an ApkAssets object '<empty> and /data/app/~~MnfjA_4GnMcb0O5-YJNgWg==/com.google.android.apps.playconsole-G5jDiF0mhYfvHjCE4KK0ew==/split_config.en.apk' with 1 weak references
09-18 07:27:16.463 10964 10970 W android.vending: ApkAssets: Deleting an ApkAssets object '<empty> and /data/app/~~MnfjA_4GnMcb0O5-YJNgWg==/com.google.android.apps.playconsole-G5jDiF0mhYfvHjCE4KK0ew==/split_config.xhdpi.apk' with 1 weak references
09-18 07:27:16.463 10964 10970 W android.vending: ApkAssets: Deleting an ApkAssets object '<empty> and /data/app/~~FujBn6NSI-_nirBNBL8TTg==/com.google.android.apps.youtube.kids-qZKQ6fUXp4V8sGHpLTkr3Q==/base.apk' with 1 weak references
09-18 07:27:16.463 10964 10970 W android.vending: ApkAssets: Deleting an ApkAssets object '<empty> and /data/app/~~FujBn6NSI-_nirBNBL8TTg==/com.google.android.apps.youtube.kids-qZKQ6fUXp4V8sGHpLTkr3Q==/split_config.arm64_v8a.apk' with 1 weak references
09-18 07:27:16.463 10964 10970 W android.vending: ApkAssets: Deleting an ApkAssets object '<empty> and /data/app/~~FujBn6NSI-_nirBNBL8TTg==/com.google.android.apps.youtube.kids-qZKQ6fUXp4V8sGHpLTkr3Q==/split_config.en.apk' with 1 weak references
09-18 07:27:16.463 10964 10970 W android.vending: ApkAssets: Deleting an ApkAssets object '<empty> and /data/app/~~FujBn6NSI-_nirBNBL8TTg==/com.google.android.apps.youtube.kids-qZKQ6fUXp4V8sGHpLTkr3Q==/split_config.xhdpi.apk' with 1 weak references
09-18 07:27:16.463 10964 10970 W android.vending: ApkAssets: Deleting an ApkAssets object '<empty> and /data/app/~~Ht9w6K2jI4NiytjVLkfaeQ==/com.hecorat.screenrecorder.free-SrAa0zXRCGVGEzsOXag7IA==/base.apk' with 1 weak references
09-18 07:27:16.463 10964 10970 W android.vending: ApkAssets: Deleting an ApkAssets object '<empty> and /data/app/~~Ht9w6K2jI4NiytjVLkfaeQ==/com.hecorat.screenrecorder.free-SrAa0zXRCGVGEzsOXag7IA==/split_config.arm64_v8a.apk' with 1 weak references
09-18 07:27:16.463 10964 10970 W android.vending: ApkAssets: Deleting an ApkAssets object '<empty> and /data/app/~~Ht9w6K2jI4NiytjVLkfaeQ==/com.hecorat.screenrecorder.free-SrAa0zXRCGVGEzsOXag7IA==/split_config.en.apk' with 1 weak references
09-18 07:27:16.463 10964 10970 W android.vending: ApkAssets: Deleting an ApkAssets object '<empty> and /data/app/~~Ht9w6K2jI4NiytjVLkfaeQ==/com.hecorat.screenrecorder.free-SrAa0zXRCGVGEzsOXag7IA==/split_config.xhdpi.apk' with 1 weak references
09-18 07:27:16.463 10964 10970 W android.vending: ApkAssets: Deleting an ApkAssets object '<empty> and /data/app/~~xkB3TVA8fhN8ykrP3MyjMA==/com.hichip.campro-Kg15-h3bQHyJOGCjTxZVBg==/base.apk' with 1 weak references
09-18 07:27:16.464 10964 10970 W android.vending: ApkAssets: Deleting an ApkAssets object '<empty> and /data/app/~~-7jUGLJC-QdCMZTDZbSZkw==/com.microsoft.xboxone.smartglass-nyzIFOBaDt2pPKTvC9rQ_Q==/base.apk' with 1 weak references
09-18 07:27:16.464 10964 10970 W android.vending: ApkAssets: Deleting an ApkAssets object '<empty> and /data/app/~~1dvi5njFF4URKvEA9OLn0A==/com.nianticlabs.pokemongo-58Yf4lhX34OOZHlgxziTuQ==/base.apk' with 1 weak references
09-18 07:27:16.464 10964 10970 W android.vending: ApkAssets: Deleting an ApkAssets object '<empty> and /data/app/~~1dvi5njFF4URKvEA9OLn0A==/com.nianticlabs.pokemongo-58Yf4lhX34OOZHlgxziTuQ==/split_config.arm64_v8a.apk' with 1 weak references
09-18 07:27:16.465 10964 10970 W android.vending: ApkAssets: Deleting an ApkAssets object '<empty> and /data/app/~~Qb3Wi1osrSHZHoqBewj1nQ==/com.niksoftware.snapseed-8272MXEGPPC_qDJ4MInzlw==/base.apk' with 1 weak references
09-18 07:27:16.465 10964 10970 W android.vending: ApkAssets: Deleting an ApkAssets object '<empty> and /data/app/~~Qb3Wi1osrSHZHoqBewj1nQ==/com.niksoftware.snapseed-8272MXEGPPC_qDJ4MInzlw==/split_config.arm64_v8a.apk' with 1 weak references
09-18 07:27:16.465 10964 10970 W android.vending: ApkAssets: Deleting an ApkAssets object '<empty> and /data/app/~~Qb3Wi1osrSHZHoqBewj1nQ==/com.niksoftware.snapseed-8272MXEGPPC_qDJ4MInzlw==/split_config.en.apk' with 1 weak references
09-18 07:27:16.465 10964 10970 W android.vending: ApkAssets: Deleting an ApkAssets object '<empty> and /data/app/~~Qb3Wi1osrSHZHoqBewj1nQ==/com.niksoftware.snapseed-8272MXEGPPC_qDJ4MInzlw==/split_config.xhdpi.apk' with 1 weak references
09-18 07:27:16.465 10964 10970 W android.vending: ApkAssets: Deleting an ApkAssets object '<empty> and /data/app/~~Fpi7bRf7vgjtMQeL9Sa-dg==/com.openai.chatgpt-2_8d5UeDd6Tjv9dwTiJplg==/base.apk' with 1 weak references
09-18 07:27:16.465 10964 10970 W android.vending: ApkAssets: Deleting an ApkAssets object '<empty> and /data/app/~~Fpi7bRf7vgjtMQeL9Sa-dg==/com.openai.chatgpt-2_8d5UeDd6Tjv9dwTiJplg==/split_config.arm64_v8a.apk' with 1 weak references
09-18 07:27:16.465 10964 10970 W android.vending: ApkAssets: Deleting an ApkAssets object '<empty> and /data/app/~~Fpi7bRf7vgjtMQeL9Sa-dg==/com.openai.chatgpt-2_8d5UeDd6Tjv9dwTiJplg==/split_config.en.apk' with 1 weak references
09-18 07:27:16.465 10964 10970 W android.vending: ApkAssets: Deleting an ApkAssets object '<empty> and /data/app/~~Fpi7bRf7vgjtMQeL9Sa-dg==/com.openai.chatgpt-2_8d5UeDd6Tjv9dwTiJplg==/split_config.xhdpi.apk' with 1 weak references
09-18 07:27:16.465 10964 10970 W android.vending: ApkAssets: Deleting an ApkAssets object '<empty> and /data/app/~~8GtvLCZ2OwiSCDc_0-mzKQ==/com.rarlab.rar-FaUm4UYpzc8j30jKEYJ1YQ==/base.apk' with 1 weak references
09-18 07:27:16.465 10964 10970 W android.vending: ApkAssets: Deleting an ApkAssets object '<empty> and /data/app/~~8GtvLCZ2OwiSCDc_0-mzKQ==/com.rarlab.rar-FaUm4UYpzc8j30jKEYJ1YQ==/split_config.arm64_v8a.apk' with 1 weak references
09-18 07:27:16.465 10964 10970 W android.vending: ApkAssets: Deleting an ApkAssets object '<empty> and /data/app/~~8GtvLCZ2OwiSCDc_0-mzKQ==/com.rarlab.rar-FaUm4UYpzc8j30jKEYJ1YQ==/split_config.xhdpi.apk' with 1 weak references
09-18 07:27:16.465 10964 10970 W android.vending: ApkAssets: Deleting an ApkAssets object '<empty> and /data/app/~~zNLW5BP-6UjS_o6rj8h3pg==/com.realvnc.viewer.android-95kkMJ5Qv_t0YJce-G27-w==/base.apk' with 1 weak references
09-18 07:27:16.466 10964 10970 W android.vending: ApkAssets: Deleting an ApkAssets object '<empty> and /data/app/~~zNLW5BP-6UjS_o6rj8h3pg==/com.realvnc.viewer.android-95kkMJ5Qv_t0YJce-G27-w==/split_config.arm64_v8a.apk' with 1 weak references
09-18 07:27:16.466 10964 10970 W android.vending: ApkAssets: Deleting an ApkAssets object '<empty> and /data/app/~~zNLW5BP-6UjS_o6rj8h3pg==/com.realvnc.viewer.android-95kkMJ5Qv_t0YJce-G27-w==/split_config.en.apk' with 1 weak references
09-18 07:27:16.466 10964 10970 W android.vending: ApkAssets: Deleting an ApkAssets object '<empty> and /data/app/~~zNLW5BP-6UjS_o6rj8h3pg==/com.realvnc.viewer.android-95kkMJ5Qv_t0YJce-G27-w==/split_config.fr.apk' with 1 weak references
09-18 07:27:16.466 10964 10970 W android.vending: ApkAssets: Deleting an ApkAssets object '<empty> and /data/app/~~zNLW5BP-6UjS_o6rj8h3pg==/com.realvnc.viewer.android-95kkMJ5Qv_t0YJce-G27-w==/split_config.xhdpi.apk' with 1 weak references
09-18 07:27:16.466 10964 10970 W android.vending: ApkAssets: Deleting an ApkAssets object '<empty> and /data/app/~~rqRRbherF2KIRazG7F_ckg==/com.retroarch-b6Z39_Q7tTarWexG927UKA==/base.apk' with 1 weak references
09-18 07:27:16.466 10964 10970 W android.vending: ApkAssets: Deleting an ApkAssets object '<empty> and /data/app/~~vwHS2QSLtZU-UmTTb6SfJQ==/com.sky.SkyEmu-cF16HIvD79KVuz6amgwkbA==/base.apk' with 1 weak references
09-18 07:27:16.466 10964 10970 W android.vending: ApkAssets: Deleting an ApkAssets object '<empty> and /data/app/~~pjGsyf4UQQuh3Hic9D38Pg==/com.square_enix.android_googleplay.dq6-ni77hNqa7ppGWt4zpSc2KQ==/base.apk' with 1 weak references
09-18 07:27:16.466 10964 10970 W android.vending: ApkAssets: Deleting an ApkAssets object '<empty> and /data/app/~~pjGsyf4UQQuh3Hic9D38Pg==/com.square_enix.android_googleplay.dq6-ni77hNqa7ppGWt4zpSc2KQ==/split_UnityDataAssetPack.apk' with 1 weak references
09-18 07:27:16.466 10964 10970 W android.vending: ApkAssets: Deleting an ApkAssets object '<empty> and /data/app/~~pjGsyf4UQQuh3Hic9D38Pg==/com.square_enix.android_googleplay.dq6-ni77hNqa7ppGWt4zpSc2KQ==/split_config.arm64_v8a.apk' with 1 weak references
09-18 07:27:16.466 10964 10970 W android.vending: ApkAssets: Deleting an ApkAssets object '<empty> and /data/app/~~x5r8xC45JYzowX1tATjvlA==/com.td-qXjCqPuqeV_kDgfUMfkNlg==/base.apk' with 1 weak references
09-18 07:27:16.467 10964 10970 W android.vending: ApkAssets: Deleting an ApkAssets object '<empty> and /data/app/~~x5r8xC45JYzowX1tATjvlA==/com.td-qXjCqPuqeV_kDgfUMfkNlg==/split_config.arm64_v8a.apk' with 1 weak references
09-18 07:27:16.467 10964 10970 W android.vending: ApkAssets: Deleting an ApkAssets object '<empty> and /data/app/~~x5r8xC45JYzowX1tATjvlA==/com.td-qXjCqPuqeV_kDgfUMfkNlg==/split_config.en.apk' with 1 weak references
09-18 07:27:16.467 10964 10970 W android.vending: ApkAssets: Deleting an ApkAssets object '<empty> and /data/app/~~x5r8xC45JYzowX1tATjvlA==/com.td-qXjCqPuqeV_kDgfUMfkNlg==/split_config.xhdpi.apk' with 1 weak references
09-18 07:27:16.467 10964 10970 W android.vending: ApkAssets: Deleting an ApkAssets object '<empty> and /data/app/~~tbtJ2EmrgvKfGgA27jgkng==/com.td.myspend-ZEfGZl_GdjW489GJlzFBlQ==/base.apk' with 1 weak references
09-18 07:27:16.467 10964 10970 W android.vending: ApkAssets: Deleting an ApkAssets object '<empty> and /data/app/~~L8eSC5rA1CH1y6AMOKtDhw==/com.telus.checkup-gep71H1W6ZTQ8WpNyd6vqQ==/base.apk' with 1 weak references
09-18 07:27:16.467 10964 10970 W android.vending: ApkAssets: Deleting an ApkAssets object '<empty> and /data/app/~~-i8r_6Th_B2IxvsI5gLnhg==/com.termux-jvSapoVAycWNaSsEDeq5Lg==/base.apk' with 1 weak references
09-18 07:27:16.467 10964 10970 W android.vending: ApkAssets: Deleting an ApkAssets object '<empty> and /data/app/~~RhpO9Pbmjnb9i-JgfBIGmA==/com.termux.tasker-taFsS-5Yx6ggX1cJGNzLtw==/base.apk' with 1 weak references
09-18 07:27:16.467 10964 10970 W android.vending: ApkAssets: Deleting an ApkAssets object '<empty> and /data/app/~~Ls_dPN5C3oYjFBDpola61g==/com.tribalfs.pixels-21Vt3RyWdWrS0jI8s32l4Q==/base.apk' with 1 weak references
09-18 07:27:16.468 10964 10970 W android.vending: ApkAssets: Deleting an ApkAssets object '<empty> and /data/app/~~Ls_dPN5C3oYjFBDpola61g==/com.tribalfs.pixels-21Vt3RyWdWrS0jI8s32l4Q==/split_config.arm64_v8a.apk' with 1 weak references
09-18 07:27:16.468 10964 10970 W android.vending: ApkAssets: Deleting an ApkAssets object '<empty> and /data/app/~~Ls_dPN5C3oYjFBDpola61g==/com.tribalfs.pixels-21Vt3RyWdWrS0jI8s32l4Q==/split_config.en.apk' with 1 weak references
09-18 07:27:16.468 10964 10970 W android.vending: ApkAssets: Deleting an ApkAssets object '<empty> and /data/app/~~Ls_dPN5C3oYjFBDpola61g==/com.tribalfs.pixels-21Vt3RyWdWrS0jI8s32l4Q==/split_config.xhdpi.apk' with 1 weak references
09-18 07:27:16.468 10964 10970 W android.vending: ApkAssets: Deleting an ApkAssets object '<empty> and /data/app/~~dWcGcze-gD8UdRL5GgKdqw==/com.uptodown-q5gxqX8M7YUTtrPIUzJjZw==/base.apk' with 1 weak references
09-18 07:27:16.468 10964 10970 W android.vending: ApkAssets: Deleting an ApkAssets object '<empty> and /data/app/~~4g7CWRVKLZhFIYCg21_hdA==/com.videoconverter.videocompressor-LlDY0zhUGoBBOC744bxgEQ==/base.apk' with 1 weak references
09-18 07:27:16.468 10964 10970 W android.vending: ApkAssets: Deleting an ApkAssets object '<empty> and /data/app/~~4g7CWRVKLZhFIYCg21_hdA==/com.videoconverter.videocompressor-LlDY0zhUGoBBOC744bxgEQ==/split_config.arm64_v8a.apk' with 1 weak references
09-18 07:27:16.468 10964 10970 W android.vending: ApkAssets: Deleting an ApkAssets object '<empty> and /data/app/~~4g7CWRVKLZhFIYCg21_hdA==/com.videoconverter.videocompressor-LlDY0zhUGoBBOC744bxgEQ==/split_config.xhdpi.apk' with 1 weak references
09-18 07:27:16.468 10964 10970 W android.vending: ApkAssets: Deleting an ApkAssets object '<empty> and /data/app/~~9SOghTPuWO7sozvxNmz8ZQ==/com.zhiliaoapp.musically-el_Po0Xutfv674pnbnwoVA==/base.apk' with 1 weak references
09-18 07:27:16.469 10964 10970 W android.vending: ApkAssets: Deleting an ApkAssets object '<empty> and /data/app/~~9SOghTPuWO7sozvxNmz8ZQ==/com.zhiliaoapp.musically-el_Po0Xutfv674pnbnwoVA==/split_config.arm64_v8a.apk' with 1 weak references
09-18 07:27:16.469 10964 10970 W android.vending: ApkAssets: Deleting an ApkAssets object '<empty> and /data/app/~~9SOghTPuWO7sozvxNmz8ZQ==/com.zhiliaoapp.musically-el_Po0Xutfv674pnbnwoVA==/split_config.en.apk' with 1 weak references
09-18 07:27:16.469 10964 10970 W android.vending: ApkAssets: Deleting an ApkAssets object '<empty> and /data/app/~~9SOghTPuWO7sozvxNmz8ZQ==/com.zhiliaoapp.musically-el_Po0Xutfv674pnbnwoVA==/split_config.xhdpi.apk' with 1 weak references
09-18 07:27:16.469 10964 10970 W android.vending: ApkAssets: Deleting an ApkAssets object '<empty> and /data/app/~~9SOghTPuWO7sozvxNmz8ZQ==/com.zhiliaoapp.musically-el_Po0Xutfv674pnbnwoVA==/split_df_a_dex.apk' with 1 weak references
09-18 07:27:16.469 10964 10970 W android.vending: ApkAssets: Deleting an ApkAssets object '<empty> and /data/app/~~9SOghTPuWO7sozvxNmz8ZQ==/com.zhiliaoapp.musically-el_Po0Xutfv674pnbnwoVA==/split_df_camera_biz.apk' with 1 weak references
09-18 07:27:16.469 10964 10970 W android.vending: ApkAssets: Deleting an ApkAssets object '<empty> and /data/app/~~9SOghTPuWO7sozvxNmz8ZQ==/com.zhiliaoapp.musically-el_Po0Xutfv674pnbnwoVA==/split_df_camera_biz.config.arm64_v8a.apk' with 1 weak references
09-18 07:27:16.469 10964 10970 W android.vending: ApkAssets: Deleting an ApkAssets object '<empty> and /data/app/~~9SOghTPuWO7sozvxNmz8ZQ==/com.zhiliaoapp.musically-el_Po0Xutfv674pnbnwoVA==/split_df_ccdc_impl_ocr.apk' with 1 weak references
09-18 07:27:16.469 10964 10970 W android.vending: ApkAssets: Deleting an ApkAssets object '<empty> and /data/app/~~9SOghTPuWO7sozvxNmz8ZQ==/com.zhiliaoapp.musically-el_Po0Xutfv674pnbnwoVA==/split_df_ccdc_impl_ocr.config.arm64_v8a.apk' with 1 weak references
09-18 07:27:16.469 10964 10970 W android.vending: ApkAssets: Deleting an ApkAssets object '<empty> and /data/app/~~9SOghTPuWO7sozvxNmz8ZQ==/com.zhiliaoapp.musically-el_Po0Xutfv674pnbnwoVA==/split_df_ccdc_impl_ocr.config.xhdpi.apk' with 1 weak references
09-18 07:27:16.469 10964 10970 W android.vending: ApkAssets: Deleting an ApkAssets object '<empty> and /data/app/~~9SOghTPuWO7sozvxNmz8ZQ==/com.zhiliaoapp.musically-el_Po0Xutfv674pnbnwoVA==/split_df_gemini_nano.apk' with 1 weak references
09-18 07:27:16.469 10964 10970 W android.vending: ApkAssets: Deleting an ApkAssets object '<empty> and /data/app/~~9SOghTPuWO7sozvxNmz8ZQ==/com.zhiliaoapp.musically-el_Po0Xutfv674pnbnwoVA==/split_df_gemini_nano.config.arm64_v8a.apk' with 1 weak references
09-18 07:27:16.469 10964 10970 W android.vending: ApkAssets: Deleting an ApkAssets object '<empty> and /data/app/~~9SOghTPuWO7sozvxNmz8ZQ==/com.zhiliaoapp.musically-el_Po0Xutfv674pnbnwoVA==/split_df_im_bootfinish.apk' with 1 weak references
09-18 07:27:16.469 10964 10970 W android.vending: ApkAssets: Deleting an ApkAssets object '<empty> and /data/app/~~9SOghTPuWO7sozvxNmz8ZQ==/com.zhiliaoapp.musically-el_Po0Xutfv674pnbnwoVA==/split_df_im_bootfinish.config.arm64_v8a.apk' with 1 weak references
09-18 07:27:16.469 10964 10970 W android.vending: ApkAssets: Deleting an ApkAssets object '<empty> and /data/app/~~9SOghTPuWO7sozvxNmz8ZQ==/com.zhiliaoapp.musically-el_Po0Xutfv674pnbnwoVA==/split_df_kakao.apk' with 1 weak references
09-18 07:27:16.469 10964 10970 W android.vending: ApkAssets: Deleting an ApkAssets object '<empty> and /data/app/~~9SOghTPuWO7sozvxNmz8ZQ==/com.zhiliaoapp.musically-el_Po0Xutfv674pnbnwoVA==/split_df_kakao.config.arm64_v8a.apk' with 1 weak references
09-18 07:27:16.469 10964 10970 W android.vending: ApkAssets: Deleting an ApkAssets object '<empty> and /data/app/~~9SOghTPuWO7sozvxNmz8ZQ==/com.zhiliaoapp.musically-el_Po0Xutfv674pnbnwoVA==/split_df_kids_mode.apk' with 1 weak references
09-18 07:27:16.469 10964 10970 W android.vending: ApkAssets: Deleting an ApkAssets object '<empty> and /data/app/~~9SOghTPuWO7sozvxNmz8ZQ==/com.zhiliaoapp.musically-el_Po0Xutfv674pnbnwoVA==/split_df_kids_mode.config.arm64_v8a.apk' with 1 weak references
09-18 07:27:16.469 10964 10970 W android.vending: ApkAssets: Deleting an ApkAssets object '<empty> and /data/app/~~9SOghTPuWO7sozvxNmz8ZQ==/com.zhiliaoapp.musically-el_Po0Xutfv674pnbnwoVA==/split_df_line.apk' with 1 weak references
09-18 07:27:16.469 10964 10970 W android.vending: ApkAssets: Deleting an ApkAssets object '<empty> and /data/app/~~9SOghTPuWO7sozvxNmz8ZQ==/com.zhiliaoapp.musically-el_Po0Xutfv674pnbnwoVA==/split_df_line.config.arm64_v8a.apk' with 1 weak references
09-18 07:27:16.469 10964 10970 W android.vending: ApkAssets: Deleting an ApkAssets object '<empty> and /data/app/~~9SOghTPuWO7sozvxNmz8ZQ==/com.zhiliaoapp.musically-el_Po0Xutfv674pnbnwoVA==/split_df_line_nonus.apk' with 1 weak references
09-18 07:27:16.469 10964 10970 W android.vending: ApkAssets: Deleting an ApkAssets object '<empty> and /data/app/~~9SOghTPuWO7sozvxNmz8ZQ==/com.zhiliaoapp.musically-el_Po0Xutfv674pnbnwoVA==/split_df_live_cast.apk' with 1 weak references
09-18 07:27:16.469 10964 10970 W android.vending: ApkAssets: Deleting an ApkAssets object '<empty> and /data/app/~~9SOghTPuWO7sozvxNmz8ZQ==/com.zhiliaoapp.musically-el_Po0Xutfv674pnbnwoVA==/split_df_live_cast.config.arm64_v8a.apk' with 1 weak references
09-18 07:27:16.470 10964 10970 W android.vending: ApkAssets: Deleting an ApkAssets object '<empty> and /data/app/~~9SOghTPuWO7sozvxNmz8ZQ==/com.zhiliaoapp.musically-el_Po0Xutfv674pnbnwoVA==/split_df_live_cast.config.en.apk' with 1 weak references
09-18 07:27:16.470 10964 10970 W android.vending: ApkAssets: Deleting an ApkAssets object '<empty> and /data/app/~~9SOghTPuWO7sozvxNmz8ZQ==/com.zhiliaoapp.musically-el_Po0Xutfv674pnbnwoVA==/split_df_live_cast.config.xhdpi.apk' with 1 weak references
09-18 07:27:16.470 10964 10970 W android.vending: ApkAssets: Deleting an ApkAssets object '<empty> and /data/app/~~9SOghTPuWO7sozvxNmz8ZQ==/com.zhiliaoapp.musically-el_Po0Xutfv674pnbnwoVA==/split_df_live_cmaf.apk' with 1 weak references
09-18 07:27:16.470 10964 10970 W android.vending: ApkAssets: Deleting an ApkAssets object '<empty> and /data/app/~~9SOghTPuWO7sozvxNmz8ZQ==/com.zhiliaoapp.musically-el_Po0Xutfv674pnbnwoVA==/split_df_live_cmaf.config.arm64_v8a.apk' with 1 weak references
09-18 07:27:16.470 10964 10970 W android.vending: ApkAssets: Deleting an ApkAssets object '<empty> and /data/app/~~9SOghTPuWO7sozvxNmz8ZQ==/com.zhiliaoapp.musically-el_Po0Xutfv674pnbnwoVA==/split_df_live_p2p.apk' with 1 weak references
09-18 07:27:16.470 10964 10970 W android.vending: ApkAssets: Deleting an ApkAssets object '<empty> and /data/app/~~9SOghTPuWO7sozvxNmz8ZQ==/com.zhiliaoapp.musically-el_Po0Xutfv674pnbnwoVA==/split_df_live_p2p.config.arm64_v8a.apk' with 1 weak references
09-18 07:27:16.470 10964 10970 W android.vending: ApkAssets: Deleting an ApkAssets object '<empty> and /data/app/~~9SOghTPuWO7sozvxNmz8ZQ==/com.zhiliaoapp.musically-el_Po0Xutfv674pnbnwoVA==/split_df_live_quic.apk' with 1 weak references
09-18 07:27:16.470 10964 10970 W android.vending: ApkAssets: Deleting an ApkAssets object '<empty> and /data/app/~~9SOghTPuWO7sozvxNmz8ZQ==/com.zhiliaoapp.musically-el_Po0Xutfv674pnbnwoVA==/split_df_live_quic.config.arm64_v8a.apk' with 1 weak references
09-18 07:27:16.470 10964 10970 W android.vending: ApkAssets: Deleting an ApkAssets object '<empty> and /data/app/~~9SOghTPuWO7sozvxNmz8ZQ==/com.zhiliaoapp.musically-el_Po0Xutfv674pnbnwoVA==/split_df_live_rtmglobal.apk' with 1 weak references
09-18 07:27:16.470 10964 10970 W android.vending: ApkAssets: Deleting an ApkAssets object '<empty> and /data/app/~~9SOghTPuWO7sozvxNmz8ZQ==/com.zhiliaoapp.musically-el_Po0Xutfv674pnbnwoVA==/split_df_live_rtmglobal.config.arm64_v8a.apk' with 1 weak references
09-18 07:27:16.470 10964 10970 W android.vending: ApkAssets: Deleting an ApkAssets object '<empty> and /data/app/~~9SOghTPuWO7sozvxNmz8ZQ==/com.zhiliaoapp.musically-el_Po0Xutfv674pnbnwoVA==/split_df_location.apk' with 1 weak references
09-18 07:27:16.470 10964 10970 W android.vending: ApkAssets: Deleting an ApkAssets object '<empty> and /data/app/~~9SOghTPuWO7sozvxNmz8ZQ==/com.zhiliaoapp.musically-el_Po0Xutfv674pnbnwoVA==/split_df_location.config.arm64_v8a.apk' with 1 weak references
09-18 07:27:16.470 10964 10970 W android.vending: ApkAssets: Deleting an ApkAssets object '<empty> and /data/app/~~9SOghTPuWO7sozvxNmz8ZQ==/com.zhiliaoapp.musically-el_Po0Xutfv674pnbnwoVA==/split_df_music_dsp.apk' with 1 weak references
09-18 07:27:16.470 10964 10970 W android.vending: ApkAssets: Deleting an ApkAssets object '<empty> and /data/app/~~9SOghTPuWO7sozvxNmz8ZQ==/com.zhiliaoapp.musically-el_Po0Xutfv674pnbnwoVA==/split_df_music_dsp.config.arm64_v8a.apk' with 1 weak references
09-18 07:27:16.470 10964 10970 W android.vending: ApkAssets: Deleting an ApkAssets object '<empty> and /data/app/~~9SOghTPuWO7sozvxNmz8ZQ==/com.zhiliaoapp.musically-el_Po0Xutfv674pnbnwoVA==/split_df_music_dsp.config.en.apk' with 1 weak references
09-18 07:27:16.470 10964 10970 W android.vending: ApkAssets: Deleting an ApkAssets object '<empty> and /data/app/~~9SOghTPuWO7sozvxNmz8ZQ==/com.zhiliaoapp.musically-el_Po0Xutfv674pnbnwoVA==/split_df_music_dsp.config.xhdpi.apk' with 1 weak references
09-18 07:27:16.470 10964 10970 W android.vending: ApkAssets: Deleting an ApkAssets object '<empty> and /data/app/~~9SOghTPuWO7sozvxNmz8ZQ==/com.zhiliaoapp.musically-el_Po0Xutfv674pnbnwoVA==/split_df_pitaya.apk' with 1 weak references
09-18 07:27:16.470 10964 10970 W android.vending: ApkAssets: Deleting an ApkAssets object '<empty> and /data/app/~~9SOghTPuWO7sozvxNmz8ZQ==/com.zhiliaoapp.musically-el_Po0Xutfv674pnbnwoVA==/split_df_pitaya.config.arm64_v8a.apk' with 1 weak references
09-18 07:27:16.470 10964 10970 W android.vending: ApkAssets: Deleting an ApkAssets object '<empty> and /data/app/~~9SOghTPuWO7sozvxNmz8ZQ==/com.zhiliaoapp.musically-el_Po0Xutfv674pnbnwoVA==/split_df_player.apk' with 1 weak references
09-18 07:27:16.470 10964 10970 W android.vending: ApkAssets: Deleting an ApkAssets object '<empty> and /data/app/~~9SOghTPuWO7sozvxNmz8ZQ==/com.zhiliaoapp.musically-el_Po0Xutfv674pnbnwoVA==/split_df_player.config.arm64_v8a.apk' with 1 weak references
09-18 07:27:16.470 10964 10970 W android.vending: ApkAssets: Deleting an ApkAssets object '<empty> and /data/app/~~9SOghTPuWO7sozvxNmz8ZQ==/com.zhiliaoapp.musically-el_Po0Xutfv674pnbnwoVA==/split_df_player_optional.apk' with 1 weak references
09-18 07:27:16.470 10964 10970 W android.vending: ApkAssets: Deleting an ApkAssets object '<empty> and /data/app/~~9SOghTPuWO7sozvxNmz8ZQ==/com.zhiliaoapp.musically-el_Po0Xutfv674pnbnwoVA==/split_df_player_optional.config.arm64_v8a.apk' with 1 weak references
09-18 07:27:16.470 10964 10970 W android.vending: ApkAssets: Deleting an ApkAssets object '<empty> and /data/app/~~9SOghTPuWO7sozvxNmz8ZQ==/com.zhiliaoapp.musically-el_Po0Xutfv674pnbnwoVA==/split_df_pns_biz.apk' with 1 weak references
09-18 07:27:16.470 10964 10970 W android.vending: ApkAssets: Deleting an ApkAssets object '<empty> and /data/app/~~9SOghTPuWO7sozvxNmz8ZQ==/com.zhiliaoapp.musically-el_Po0Xutfv674pnbnwoVA==/split_df_pns_biz.config.arm64_v8a.apk' with 1 weak references
09-18 07:27:16.470 10964 10970 W android.vending: ApkAssets: Deleting an ApkAssets object '<empty> and /data/app/~~9SOghTPuWO7sozvxNmz8ZQ==/com.zhiliaoapp.musically-el_Po0Xutfv674pnbnwoVA==/split_df_search_biz.apk' with 1 weak references
09-18 07:27:16.470 10964 10970 W android.vending: ApkAssets: Deleting an ApkAssets object '<empty> and /data/app/~~9SOghTPuWO7sozvxNmz8ZQ==/com.zhiliaoapp.musically-el_Po0Xutfv674pnbnwoVA==/split_df_search_biz.config.arm64_v8a.apk' with 1 weak references
09-18 07:27:16.470 10964 10970 W android.vending: ApkAssets: Deleting an ApkAssets object '<empty> and /data/app/~~9SOghTPuWO7sozvxNmz8ZQ==/com.zhiliaoapp.musically-el_Po0Xutfv674pnbnwoVA==/split_df_ship.apk' with 1 weak references
09-18 07:27:16.470 10964 10970 W android.vending: ApkAssets: Deleting an ApkAssets object '<empty> and /data/app/~~9SOghTPuWO7sozvxNmz8ZQ==/com.zhiliaoapp.musically-el_Po0Xutfv674pnbnwoVA==/split_df_ship.config.arm64_v8a.apk' with 1 weak references
09-18 07:27:16.470 10964 10970 W android.vending: ApkAssets: Deleting an ApkAssets object '<empty> and /data/app/~~9SOghTPuWO7sozvxNmz8ZQ==/com.zhiliaoapp.musically-el_Po0Xutfv674pnbnwoVA==/split_df_ship.config.en.apk' with 1 weak references
09-18 07:27:16.470 10964 10970 W android.vending: ApkAssets: Deleting an ApkAssets object '<empty> and /data/app/~~9SOghTPuWO7sozvxNmz8ZQ==/com.zhiliaoapp.musically-el_Po0Xutfv674pnbnwoVA==/split_df_tiktok_font.apk' with 1 weak references
09-18 07:27:16.470 10964 10970 W android.vending: ApkAssets: Deleting an ApkAssets object '<empty> and /data/app/~~9SOghTPuWO7sozvxNmz8ZQ==/com.zhiliaoapp.musically-el_Po0Xutfv674pnbnwoVA==/split_df_ttwebview.apk' with 1 weak references
09-18 07:27:16.471 10964 10970 W android.vending: ApkAssets: Deleting an ApkAssets object '<empty> and /data/app/~~9SOghTPuWO7sozvxNmz8ZQ==/com.zhiliaoapp.musically-el_Po0Xutfv674pnbnwoVA==/split_df_ttwebview.config.arm64_v8a.apk' with 1 weak references
09-18 07:27:16.471 10964 10970 W android.vending: ApkAssets: Deleting an ApkAssets object '<empty> and /data/app/~~9SOghTPuWO7sozvxNmz8ZQ==/com.zhiliaoapp.musically-el_Po0Xutfv674pnbnwoVA==/split_df_vmsdk.apk' with 1 weak references
09-18 07:27:16.471 10964 10970 W android.vending: ApkAssets: Deleting an ApkAssets object '<empty> and /data/app/~~9SOghTPuWO7sozvxNmz8ZQ==/com.zhiliaoapp.musically-el_Po0Xutfv674pnbnwoVA==/split_df_vmsdk.config.arm64_v8a.apk' with 1 weak references
09-18 07:27:16.471 10964 10970 W android.vending: ApkAssets: Deleting an ApkAssets object '<empty> and /data/app/~~9SOghTPuWO7sozvxNmz8ZQ==/com.zhiliaoapp.musically-el_Po0Xutfv674pnbnwoVA==/split_df_wallpaper_main.apk' with 1 weak references
09-18 07:27:16.471 10964 10970 W android.vending: ApkAssets: Deleting an ApkAssets object '<empty> and /data/app/~~9SOghTPuWO7sozvxNmz8ZQ==/com.zhiliaoapp.musically-el_Po0Xutfv674pnbnwoVA==/split_df_wallpaper_main.config.arm64_v8a.apk' with 1 weak references
09-18 07:27:16.471 10964 10970 W android.vending: ApkAssets: Deleting an ApkAssets object '<empty> and /data/app/~~uAl5JtoJiBfazhR-2E4dBw==/de.szalkowski.activitylauncher-V0ZwXivx1iBtdZ3Nyy-T4A==/base.apk' with 1 weak references
09-18 07:27:16.471 10964 10970 W android.vending: ApkAssets: Deleting an ApkAssets object '<empty> and /data/app/~~uAl5JtoJiBfazhR-2E4dBw==/de.szalkowski.activitylauncher-V0ZwXivx1iBtdZ3Nyy-T4A==/split_config.arm64_v8a.apk' with 1 weak references
09-18 07:27:16.471 10964 10970 W android.vending: ApkAssets: Deleting an ApkAssets object '<empty> and /data/app/~~uAl5JtoJiBfazhR-2E4dBw==/de.szalkowski.activitylauncher-V0ZwXivx1iBtdZ3Nyy-T4A==/split_config.xhdpi.apk' with 1 weak references
09-18 07:27:16.471 10964 10970 W android.vending: ApkAssets: Deleting an ApkAssets object '<empty> and /data/app/~~rsqpIl_a-pK0kgwkCP6n_g==/eu.pokemmo.client-k39wC_vqU6WNT23GfsR8XQ==/base.apk' with 1 weak references
09-18 07:27:16.472 10964 10970 W android.vending: ApkAssets: Deleting an ApkAssets object '<empty> and /data/app/~~Dn75vhfugcYYhbsDXi81ZQ==/io.zebedee.wallet-MNth44jjQH2ncqwA-1TYcA==/base.apk' with 1 weak references
09-18 07:27:16.472 10964 10970 W android.vending: ApkAssets: Deleting an ApkAssets object '<empty> and /data/app/~~Dn75vhfugcYYhbsDXi81ZQ==/io.zebedee.wallet-MNth44jjQH2ncqwA-1TYcA==/split_config.arm64_v8a.apk' with 1 weak references
09-18 07:27:16.472 10964 10970 W android.vending: ApkAssets: Deleting an ApkAssets object '<empty> and /data/app/~~Dn75vhfugcYYhbsDXi81ZQ==/io.zebedee.wallet-MNth44jjQH2ncqwA-1TYcA==/split_config.en.apk' with 1 weak references
09-18 07:27:16.472 10964 10970 W android.vending: ApkAssets: Deleting an ApkAssets object '<empty> and /data/app/~~Dn75vhfugcYYhbsDXi81ZQ==/io.zebedee.wallet-MNth44jjQH2ncqwA-1TYcA==/split_config.xhdpi.apk' with 1 weak references
09-18 07:27:16.472 10964 10970 W android.vending: ApkAssets: Deleting an ApkAssets object '<empty> and /data/app/~~gHqjkZ6b_0N0KOswEI1Ykg==/jp.co.canon.bsd.ad.pixmaprint--pAj_KX-tF9GAWeoHXayFw==/base.apk' with 1 weak references
09-18 07:27:16.472 10964 10970 W android.vending: ApkAssets: Deleting an ApkAssets object '<empty> and /data/app/~~DNS7iRkwfPbAvmRJcEXLuQ==/jp.pokemon.pokemonhome-buYzBFxFKCyJz3O7NJ-Icg==/base.apk' with 1 weak references
09-18 07:27:16.472 10964 10970 W android.vending: ApkAssets: Deleting an ApkAssets object '<empty> and /data/app/~~VQ8sD75B1oAuC46aFwRcRQ==/jp.pokemon.pokemonunite-MMLBZPVwi05GzzMV7DbqKA==/base.apk' with 1 weak references
09-18 07:27:16.473 10964 10970 W android.vending: ApkAssets: Deleting an ApkAssets object '<empty> and /data/app/~~VQ8sD75B1oAuC46aFwRcRQ==/jp.pokemon.pokemonunite-MMLBZPVwi05GzzMV7DbqKA==/split_ab.apk' with 1 weak references
09-18 07:27:16.473 10964 10970 W android.vending: ApkAssets: Deleting an ApkAssets object '<empty> and /data/app/~~VQ8sD75B1oAuC46aFwRcRQ==/jp.pokemon.pokemonunite-MMLBZPVwi05GzzMV7DbqKA==/split_config.arm64_v8a.apk' with 1 weak references
09-18 07:27:16.473 10964 10970 W android.vending: ApkAssets: Deleting an ApkAssets object '<empty> and /data/app/~~Dv4T6BEpk_s45bmUYlyQbA==/moe.shizuku.privileged.api-rTGD72UrVmX7eUpLfWFR4w==/base.apk' with 1 weak references
09-18 07:27:16.473 10964 10970 W android.vending: ApkAssets: Deleting an ApkAssets object '<empty> and /data/app/~~CI_COke6ZdIEF3KWl-sJXA==/org.emunix.unipatcher-hvtLsVFoXl74jF4P-4T-wg==/base.apk' with 1 weak references
09-18 07:27:16.473 10964 10970 W android.vending: ApkAssets: Deleting an ApkAssets object '<empty> and /data/app/~~CI_COke6ZdIEF3KWl-sJXA==/org.emunix.unipatcher-hvtLsVFoXl74jF4P-4T-wg==/split_config.arm64_v8a.apk' with 1 weak references
09-18 07:27:16.473 10964 10970 W android.vending: ApkAssets: Deleting an ApkAssets object '<empty> and /data/app/~~CI_COke6ZdIEF3KWl-sJXA==/org.emunix.unipatcher-hvtLsVFoXl74jF4P-4T-wg==/split_config.en.apk' with 1 weak references
09-18 07:27:16.473 10964 10970 W android.vending: ApkAssets: Deleting an ApkAssets object '<empty> and /data/app/~~CI_COke6ZdIEF3KWl-sJXA==/org.emunix.unipatcher-hvtLsVFoXl74jF4P-4T-wg==/split_config.xhdpi.apk' with 1 weak references
09-18 07:27:16.474 10964 10970 W android.vending: ApkAssets: Deleting an ApkAssets object '<empty> and /data/app/~~A_SClgP3MRNYiXjvtD5i3Q==/org.mozilla.firefox-Uq8wVhjSGEJCKEMOs8r2gQ==/base.apk' with 1 weak references
09-18 07:27:16.475 10964 10970 W android.vending: ApkAssets: Deleting an ApkAssets object '<empty> and /data/app/~~A_SClgP3MRNYiXjvtD5i3Q==/org.mozilla.firefox-Uq8wVhjSGEJCKEMOs8r2gQ==/split_config.arm64_v8a.apk' with 1 weak references
09-18 07:27:16.475 10964 10970 W android.vending: ApkAssets: Deleting an ApkAssets object '<empty> and /data/app/~~A_SClgP3MRNYiXjvtD5i3Q==/org.mozilla.firefox-Uq8wVhjSGEJCKEMOs8r2gQ==/split_config.xhdpi.apk' with 1 weak references
09-18 07:27:16.475 10964 10970 W android.vending: ApkAssets: Deleting an ApkAssets object '<empty> and /data/app/~~WjUOrI7DNu3yFmNbxjf45Q==/org.videolan.vlc-FLb6gWg0maR633k4ImMutw==/base.apk' with 1 weak references
09-18 07:27:16.476 10964 10970 W android.vending: ApkAssets: Deleting an ApkAssets object '<empty> and /data/app/~~WjUOrI7DNu3yFmNbxjf45Q==/org.videolan.vlc-FLb6gWg0maR633k4ImMutw==/split_config.arm64_v8a.apk' with 1 weak references
09-18 07:27:16.476 10964 10970 W android.vending: ApkAssets: Deleting an ApkAssets object '<empty> and /data/app/~~WjUOrI7DNu3yFmNbxjf45Q==/org.videolan.vlc-FLb6gWg0maR633k4ImMutw==/split_config.xhdpi.apk' with 1 weak references
09-18 07:27:16.476 10964 10970 W android.vending: ApkAssets: Deleting an ApkAssets object '<empty> and /data/app/~~ydw3w9pTqkgkXVoSEIcRZA==/ru.zdevs.zarchiver-FNPPMqn6YfSZZP3o2zpGdg==/base.apk' with 1 weak references
09-18 07:27:16.477 10964 10970 W android.vending: ApkAssets: Deleting an ApkAssets object '<empty> and /data/app/~~_6CWUTPqO08tuSt1yaGuyw==/videoeditor.videomaker.videoeditorforyoutube-Hgu-Nn8ISozLyM2-Xh7QeQ==/base.apk' with 1 weak references
09-18 07:27:16.477 10964 10970 W android.vending: ApkAssets: Deleting an ApkAssets object '<empty> and /data/app/~~_6CWUTPqO08tuSt1yaGuyw==/videoeditor.videomaker.videoeditorforyoutube-Hgu-Nn8ISozLyM2-Xh7QeQ==/split_config.arm64_v8a.apk' with 1 weak references
09-18 07:27:16.477 10964 10970 W android.vending: ApkAssets: Deleting an ApkAssets object '<empty> and /data/app/~~_6CWUTPqO08tuSt1yaGuyw==/videoeditor.videomaker.videoeditorforyoutube-Hgu-Nn8ISozLyM2-Xh7QeQ==/split_config.xhdpi.apk' with 1 weak references
09-18 07:27:16.477 10964 10970 W android.vending: ApkAssets: Deleting an ApkAssets object '<empty> and /data/app/~~XoOy11lPhShaSkUkxbs--w==/vladyslavpohrebniakov.txtpad-9c8rY49ktJD6R7SNhSlKGg==/base.apk' with 1 weak references
09-18 07:27:16.477 10964 10970 W android.vending: ApkAssets: Deleting an ApkAssets object '<empty> and /data/app/~~XoOy11lPhShaSkUkxbs--w==/vladyslavpohrebniakov.txtpad-9c8rY49ktJD6R7SNhSlKGg==/split_config.arm64_v8a.apk' with 1 weak references
09-18 07:27:16.478 10964 10970 W android.vending: ApkAssets: Deleting an ApkAssets object '<empty> and /data/app/~~XoOy11lPhShaSkUkxbs--w==/vladyslavpohrebniakov.txtpad-9c8rY49ktJD6R7SNhSlKGg==/split_config.en.apk' with 1 weak references
09-18 07:27:16.478 10964 10970 W android.vending: ApkAssets: Deleting an ApkAssets object '<empty> and /data/app/~~XoOy11lPhShaSkUkxbs--w==/vladyslavpohrebniakov.txtpad-9c8rY49ktJD6R7SNhSlKGg==/split_config.xhdpi.apk' with 1 weak references
09-18 07:27:16.480  1186  1307 W ServiceManagerCppClient: Permission failure: android.permission.ROTATE_SURFACE_FLINGER from uid=10699 pid=0
09-18 07:27:16.481  1186  1307 D PermissionCache: checking android.permission.ROTATE_SURFACE_FLINGER for uid=10699 => denied (556 us)
09-18 07:27:16.481  1186  1307 W ServiceManagerCppClient: Permission failure: android.permission.INTERNAL_SYSTEM_WINDOW from uid=10699 pid=0
09-18 07:27:16.481  1186  1307 D PermissionCache: checking android.permission.INTERNAL_SYSTEM_WINDOW for uid=10699 => denied (276 us)
09-18 07:27:16.481  1186  1410 W ServiceManagerCppClient: Permission failure: android.permission.INTERNAL_SYSTEM_WINDOW from uid=10699 pid=16985
09-18 07:27:16.481  1186  1307 W ServiceManagerCppClient: Permission failure: android.permission.ACCESS_SURFACE_FLINGER from uid=10699 pid=0
09-18 07:27:16.481  1186  1307 D PermissionCache: checking android.permission.ACCESS_SURFACE_FLINGER for uid=10699 => denied (299 us)
09-18 07:27:16.481  1186  1410 D PermissionCache: checking android.permission.INTERNAL_SYSTEM_WINDOW for uid=10699 => denied (322 us)
09-18 07:27:16.482 16985 17005 I AdrenoGLES-0: QUALCOMM build                   : 0c393b63cf, I94e2bd5684
09-18 07:27:16.482 16985 17005 I AdrenoGLES-0: Build Date                       : 05/02/25
09-18 07:27:16.482 16985 17005 I AdrenoGLES-0: OpenGL ES Shader Compiler Version: EV031.36.08.33
09-18 07:27:16.482 16985 17005 I AdrenoGLES-0: Local Branch                     : 
09-18 07:27:16.482 16985 17005 I AdrenoGLES-0: Remote Branch                    : refs/tags/AU_LINUX_ANDROID_LA.VENDOR.1.0.R1.11.00.00.816.269
09-18 07:27:16.482 16985 17005 I AdrenoGLES-0: Remote Branch                    : NONE
09-18 07:27:16.482 16985 17005 I AdrenoGLES-0: Reconstruct Branch               : NOTHING
09-18 07:27:16.482 16985 17005 I AdrenoGLES-0: Build Config                     : S P 12.1.1 AArch64
09-18 07:27:16.482 16985 17005 I AdrenoGLES-0: Driver Path                      : /vendor/lib64/egl/libGLESv2_adreno.so
09-18 07:27:16.482 16985 17005 I AdrenoGLES-0: Driver Version                   : 0615.98
09-18 07:27:16.507 10964 10964 W Finsky  : [2] STU: Failed to get storage stats for package 'com.google.mainline.primary.libs' (1601: Error getting stats: android.content.pm.PackageManager.NameNotFoundException)
09-18 07:27:16.526 16985 17005 I AdrenoGLES-0: PFP: 0x016ee206, ME: 0x00000000
09-18 07:27:16.578 16985 17005 I OpenGLRenderer: setGrContext nullptr-->validptr
09-18 07:27:16.580 16985 17005 E OpenGLRenderer: Unable to match the desired swap behavior.
09-18 07:27:16.669 10964 10964 W Finsky  : [2] STU: Failed to get storage stats for package 'com.android.apex.cts.shim' (1601: Error getting stats: android.content.pm.PackageManager.NameNotFoundException)
09-18 07:27:16.707  2153  4339 W ServiceManagerCppClient: Permission failure: android.permission.ROTATE_SURFACE_FLINGER from uid=10699 pid=0
09-18 07:27:16.707  2153  4339 D PermissionCache: checking android.permission.ROTATE_SURFACE_FLINGER for uid=10699 => denied (180 us)
09-18 07:27:16.707  2153  4339 W ServiceManagerCppClient: Permission failure: android.permission.INTERNAL_SYSTEM_WINDOW from uid=10699 pid=0
09-18 07:27:16.707  2153  4339 D PermissionCache: checking android.permission.INTERNAL_SYSTEM_WINDOW for uid=10699 => denied (82 us)
09-18 07:27:16.707  2153  4339 W ServiceManagerCppClient: Permission failure: android.permission.ACCESS_SURFACE_FLINGER from uid=10699 pid=0
09-18 07:27:16.707  2153  4339 D PermissionCache: checking android.permission.ACCESS_SURFACE_FLINGER for uid=10699 => denied (51 us)
09-18 07:27:16.710  2153  2211 I LaunchCheckinHandler: MotoDisplayed com.bkawrapper/.MainActivity,cp,ca,1053
09-18 07:27:16.714  1103  3658 E ANDR-PERF-LM: PrefAppsDB: get_total_pkg_bindapp_count() 663: App = (com.bkawrapper) not found in LatData DB.
09-18 07:27:16.723  2153  5216 D CompatibilityChangeReporter: Compat change id reported: 170668199; UID 10699; state: ENABLED
09-18 07:27:16.728 12066 16972 W RISH    : client dead, kill forked process
09-18 07:27:16.728 16960 16975 I RISH    : remote exit
09-18 07:27:16.730 12066 16973 D RISH    : exited with 0
09-18 07:27:16.730 16960 16960 I rish    : System.exit called, status: 0
09-18 07:27:16.730 16960 16960 I AndroidRuntime: VM exiting with result code 0.
09-18 07:27:16.734  2153  2207 I ActivityTaskManager: Displayed com.bkawrapper/.MainActivity for user 0: +1s157ms
09-18 07:27:16.736  2153  5216 D CompatibilityChangeReporter: Compat change id reported: 214016041; UID 10699; state: ENABLED
09-18 07:27:16.736  2153  5216 I ImeTracker: com.bkawrapper:b08dcca5: onRequestHide at ORIGIN_SERVER_HIDE_INPUT reason HIDE_UNSPECIFIED_WINDOW
09-18 07:27:16.747  4136  4136 D InputMethodService: applyVisibilityInInsetsConsumerIfNecessary setVisible = false
09-18 07:27:16.747  2153  5216 D PowerManagerService: nativeSetPowerMode ret:false mode:5 enabled:false duration ms: 0
09-18 07:27:16.750  4136  4136 I GoogleInputMethodService: GoogleInputMethodService.onFinishInputView():1757 onFinishInputView(false)
09-18 07:27:16.757  2153  4339 D InputMethodManagerService: applyImeVisibility setVisible = false; mCurClient = ClientState{3a853b7 mUid=10699 mPid=16985 mSelfReportedDisplayId=0}
09-18 07:27:16.763 10964 10964 W Finsky  : [2] STU: Failed to get storage stats for package 'com.google.android.appsearch' (1601: Error getting stats: android.content.pm.PackageManager.NameNotFoundException)
09-18 07:27:16.766 11459 11459 W WindowOnBackDispatcher: sendCancelIfRunning: isInProgress=falsecallback=ImeCallback=ImeOnBackInvokedCallback@257576722 Callback=android.window.IOnBackInvokedCallback$Stub$Proxy@237eabc
09-18 07:27:16.767  2153  3260 D CoreBackPreview: Window{9c0094c u0 com.termux/com.termux.app.TermuxActivity}: Setting back callback OnBackInvokedCallbackInfo{mCallback=android.window.IOnBackInvokedCallback$Stub$Proxy@584a6bc, mPriority=0, mIsAnimationCallback=false}
09-18 07:27:16.772  4136  4136 I EmojiAndGlobeKeyExtension: EmojiAndGlobeKeyExtension.onDeactivate():153 
09-18 07:27:16.774 17021 17021 W bash    : type=1400 audit(0.0:101596): avc:  granted  { execute } for  name="coreutils" dev="dm-55" ino=2364226 scontext=u:r:untrusted_app_27:s0:c139,c257,c512,c768 tcontext=u:object_r:app_data_file:s0:c139,c257,c512,c768 tclass=file app=com.termux.tasker
09-18 07:27:16.774 17021 17021 W bash    : type=1400 audit(0.0:101597): avc:  granted  { execute } for  name="coreutils" dev="dm-55" ino=2364226 scontext=u:r:untrusted_app_27:s0:c139,c257,c512,c768 tcontext=u:object_r:app_data_file:s0:c139,c257,c512,c768 tclass=file app=com.termux.tasker
09-18 07:27:16.774 17021 17021 W bash    : type=1400 audit(0.0:101598): avc:  granted  { execute_no_trans } for  path="/data/data/com.termux/files/usr/bin/coreutils" dev="dm-55" ino=2364226 scontext=u:r:untrusted_app_27:s0:c139,c257,c512,c768 tcontext=u:object_r:app_data_file:s0:c139,c257,c512,c768 tclass=file app=com.termux.tasker
09-18 07:27:16.774 17021 17021 W sleep   : type=1400 audit(0.0:101599): avc:  granted  { execute } for  path="/data/data/com.termux/files/usr/bin/coreutils" dev="dm-55" ino=2364226 scontext=u:r:untrusted_app_27:s0:c139,c257,c512,c768 tcontext=u:object_r:app_data_file:s0:c139,c257,c512,c768 tclass=file app=com.termux.tasker
09-18 07:27:16.778 17021 17021 W sleep   : type=1400 audit(0.0:101600): avc:  denied  { search } for  name="tests" dev="dm-55" ino=114 scontext=u:r:untrusted_app_27:s0:c139,c257,c512,c768 tcontext=u:object_r:shell_test_data_file:s0 tclass=dir permissive=0 app=com.termux.tasker
09-18 07:27:16.789  4136  4136 W TooltipLifecycleManager: TooltipLifecycleManager.dismissTooltips():152 Tooltip with id spell_check_add_to_dictionary not found in tooltipManager.
09-18 07:27:16.798 10964 10964 W Finsky  : [2] STU: Failed to get storage stats for package 'com.google.android.art' (1601: Error getting stats: android.content.pm.PackageManager.NameNotFoundException)
09-18 07:27:16.798  4136  4136 I VoiceInputManagerWrapper: VoiceInputManagerWrapper.shutdown():136 shutdown() : SHUTDOWN_UNIVERSAL_EXTENSION_ON_DEACTIVATE [RD]
09-18 07:27:16.799  4136  4136 I VoiceInputManagerWrapper: VoiceInputManagerWrapper.cancelShutdown():110 cancelShutdown() [RD]
09-18 07:27:16.799  4136  4136 I UniversalDictationUiProvider: UniversalDictationUiProvider.onDeactivate():69 onDeactivate() [UD]
09-18 07:27:16.803  2153  3260 D CompatibilityChangeReporter: Compat change id reported: 161145287; UID 10244; state: ENABLED
09-18 07:27:16.809  4136  4136 I AbstractIme: AbstractIme.onDeactivate():229 PasswordIme.onDeactivate()
09-18 07:27:16.829  4136  4136 W TooltipLifecycleManager: TooltipLifecycleManager.dismissTooltips():152 Tooltip with id undo_access_point_promotion_banner not found in tooltipManager.
09-18 07:27:16.830  4136  4136 I GoogleInputMethodService: GoogleInputMethodService.onWindowHidden():2495 
09-18 07:27:16.832 16985 17018 I BKA_OTR : Loaded ROM size=16777216
09-18 07:27:16.832 16985 17018 I BKA_OTR : Detected v64 ROM. Swapping bytes.
09-18 07:27:16.834  4136  4136 D VRI[InputMethod]: update {(0,0)(fillxfill) gr=BOTTOM CENTER_VERTICAL ty=INPUT_METHOD fmt=TRANSPARENT wanim=0x1030056 receive insets ignoring z-order
09-18 07:27:16.834  4136  4136 D VRI[InputMethod]:   fl=NOT_FOCUSABLE LAYOUT_IN_SCREEN SPLIT_TOUCH HARDWARE_ACCELERATED DRAWS_SYSTEM_BAR_BACKGROUNDS
09-18 07:27:16.834  4136  4136 D VRI[InputMethod]:   pfl=FIT_INSETS_CONTROLLED
09-18 07:27:16.834  4136  4136 D VRI[InputMethod]:   bhv=DEFAULT
09-18 07:27:16.834  4136  4136 D VRI[InputMethod]:   fitTypes=STATUS_BARS NAVIGATION_BARS
09-18 07:27:16.834  4136  4136 D VRI[InputMethod]:   fitSides=LEFT TOP RIGHT} by setLayoutParams
09-18 07:27:16.837  4136  4136 I SubtypeOperator: SubtypeOperator$1.onUnbindInput():43 
09-18 07:27:16.850  2153  5216 W ProcessStats: Tracking association SourceState{dd4285d com.google.android.gms/10216 Fgs #291474} whose proc state 3 is better than process ProcessState{de11f66 com.google.android.gms.unstable/10216 pkg=com.google.android.gms} proc state 4 (297 skipped)
09-18 07:27:16.883 16685 16820 I Finsky:background: [603] playLoggingServerUrl: https://play.googleapis.com/play/log
09-18 07:27:16.883 16685 16820 I Finsky:background: [603] playLoggingServerTimestampUrl: https://play.googleapis.com/play/log/timestamp
09-18 07:27:16.887  4136  4136 I SubtypeOperator: SubtypeOperator$1.onBindInput():33 
09-18 07:27:16.889  4136  4136 I KeyboardModeUtils: KeyboardModeUtils.getKeyboardBottomOffset():435 inch: 0.000000 ydpi: 260.511993 adjustKeyboardBottomByDisplaySize: false currentDensityDpi: 238 defaultDensityDpi: 238 keyboardBottomToScreenPx: 0 keyboardBottomToNavBarPx: -71 navBarHeight: 71
09-18 07:27:16.890  4136  4136 I BaseKeyboardSizeHelper: BaseKeyboardSizeHelper.calculateMaxKeyboardBodyHeight():79 leave 159 height for app when ime window height:1449, header height:65 and isFullscreenMode:false, so the max keyboard body height is:1225
09-18 07:27:16.890  4136  4136 I BaseKeyboardSizeHelper: BaseKeyboardSizeHelper.calculateMaxKeyboardBodyHeight():79 leave 159 height for app when ime window height:1449, header height:65 and isFullscreenMode:false, so the max keyboard body height is:1225
09-18 07:27:16.892  4136  4136 I GoogleInputMethodService: GoogleInputMethodService.onFinishInput():2361 
09-18 07:27:16.893  4136  4136 I GoogleInputMethodService: GoogleInputMethodService.onStartInput():1532 onStartInput(EditorInfo{EditorInfo{packageName=com.bkawrapper, inputType=0, inputTypeString=NULL, enableLearning=false, autoCorrection=false, autoComplete=false, imeOptions=0, privateImeOptions=null, actionName=UNSPECIFIED, actionLabel=null, initialSelStart=-1, initialSelEnd=-1, initialCapsMode=0, label=null, fieldId=0, fieldName=null, extras=null, hintText=null, hintLocales=[]}}, false)
09-18 07:27:16.894  4136  4136 I LatinIMEBase: LatinIMEBase.updateInputViewCoverNavigation():316 Update input view padding, isNavbarOverInputWindow=false, bottom inset=71
09-18 07:27:16.897  4136 32093 I Module  : DeviceLockedStatusModuleProvider$Module.updateDeviceLockedStatusInternal():119 repeatCheckTimes = 0, locked = false
09-18 07:27:16.901  4136 32093 I Module  : DeviceLockedStatusModuleProvider$Module.updateDeviceLockedStatusInternal():119 repeatCheckTimes = 1, locked = false
09-18 07:27:16.904 11459 11459 I ImeTracker: com.bkawrapper:b08dcca5: onCancelled at PHASE_CLIENT_ANIMATION_CANCEL
09-18 07:27:16.903 16985 17018 I BKA_OTR : Asset table dump @0x5E80: 00 12 F5 44 B2 C6 9A 16 00 00 00 00 00 00 00 00
09-18 07:27:16.908 11459 11459 I ImeTracker: com.termux:a46c889: onRequestHide at ORIGIN_CLIENT_HIDE_SOFT_INPUT reason HIDE_SOFT_INPUT_BY_INSETS_API
09-18 07:27:16.909 16985 17018 I BKA_OTR : Parsed 2203 segments directly from Splat YAML: /data/user/0/com.bkawrapper/files/decompressed.us.v10.yaml
09-18 07:27:16.910 16985 17018 I BKA_OTR : Processing 2203 direct Splat YAML segments
09-18 07:27:16.912 11459 11459 I ImeTracker: com.termux:a46c889: onFailed at PHASE_CLIENT_VIEW_SERVED
09-18 07:27:16.928  2153  4339 W PackageConfigPersister: App-specific configuration not found for packageName: com.bkawrapper and userId: 0
09-18 07:27:16.928 10964 10964 W Finsky  : [2] STU: Failed to get storage stats for package 'com.google.android.mediaprovider' (1601: Error getting stats: android.content.pm.PackageManager.NameNotFoundException)
09-18 07:27:16.930 16985 17018 I BKA_OTR : Skipping core1 (using recompiled version)
09-18 07:27:16.930 16985 17018 I BKA_OTR : Skipping code_0 (using recompiled version)
09-18 07:27:16.932 16985 17018 I BKA_OTR : Skipping code_0 (using recompiled version)
09-18 07:27:16.932 16985 17018 I BKA_OTR : Skipping code_0 (using recompiled version)
09-18 07:27:16.934 16985 17018 D BKA_OTR : Clamping oversized segment code_A5BC0 (Likely trailing BSS)
09-18 07:27:16.934 16985 17018 D BKA_OTR : Bypassing virtual/BSS segment code_ABC00 (offset: 0x1001560)
09-18 07:27:16.934 16985 17018 D BKA_OTR : Bypassing virtual/BSS segment gclights (offset: 0x1001E80)
09-18 07:27:16.934 16985 17018 D BKA_OTR : Bypassing virtual/BSS segment code_AD110 (offset: 0x1002A70)
09-18 07:27:16.934 16985 17018 D BKA_OTR : Bypassing virtual/BSS segment gsworld (offset: 0x1002F10)
09-18 07:27:16.934 16985 17018 D BKA_OTR : Bypassing virtual/BSS segment code_AE290 (offset: 0x1003BF0)
09-18 07:27:16.934 16985 17018 D BKA_OTR : Bypassing virtual/BSS segment skeletalanim (offset: 0x1003F30)
09-18 07:27:16.934 16985 17018 D BKA_OTR : Bypassing virtual/BSS segment code_AEDA0 (offset: 0x1004700)
09-18 07:27:16.934 16985 17018 D BKA_OTR : Bypassing virtual/BSS segment modelRender (offset: 0x1006D60)
09-18 07:27:16.934 16985 17018 D BKA_OTR : Bypassing virtual/BSS segment code_B3580 (offset: 0x1008EE0)
09-18 07:27:16.934 16985 17018 D BKA_OTR : Bypassing virtual/BSS segment code_B3A80 (offset: 0x10093E0)
09-18 07:27:16.934 16985 17018 D BKA_OTR : Bypassing virtual/BSS segment code_B5040 (offset: 0x100A9A0)
09-18 07:27:16.934 16985 17018 D BKA_OTR : Bypassing virtual/BSS segment code_B5E00 (offset: 0x100B760)
09-18 07:27:16.934 16985 17018 D BKA_OTR : Bypassing virtual/BSS segment code_B62B0 (offset: 0x100BC10)
09-18 07:27:16.934 16985 17018 D BKA_OTR : Bypassing virtual/BSS segment code_B6640 (offset: 0x100BFA0)
09-18 07:27:16.934 16985 17018 D BKA_OTR : Bypassing virtual/BSS segment string (offset: 0x100C030)
09-18 07:27:16.934 16985 17018 D BKA_OTR : Bypassing virtual/BSS segment code_B6C60 (offset: 0x100C5C0)
09-18 07:27:16.934 16985 17018 D BKA_OTR : Bypassing virtual/BSS segment time (offset: 0x100C640)
09-18 07:27:16.934 16985 17018 D BKA_OTR : Bypassing virtual/BSS segment commonParticle (offset: 0x100C800)
09-18 07:27:16.934 16985 17018 D BKA_OTR : Bypassing virtual/BSS segment coords (offset: 0x100D480)
09-18 07:27:16.934 16985 17018 D BKA_OTR : Bypassing virtual/BSS segment code_B7F40 (offset: 0x100D8A0)
09-18 07:27:16.934 16985 17018 D BKA_OTR : Bypassing virtual/BSS segment code_B8020 (offset: 0x100D980)
09-18 07:27:16.934 16985 17018 D BKA_OTR : Bypassing virtual/BSS segment code_B8070 (offset: 0x100D9D0)
09-18 07:27:16.934 16985 17018 D BKA_OTR : Bypassing virtual/BSS segment code_B8080 (offset: 0x100D9E0)
09-18 07:27:16.934 16985 17018 D BKA_OTR : Bypassing virtual/BSS segment code_B8860 (offset: 0x100E1C0)
09-18 07:27:16.934 16985 17018 D BKA_OTR : Bypassing virtual/BSS segment code_B9090 (offset: 0x100E9F0)
09-18 07:27:16.934 16985 17018 D BKA_OTR : Bypassing virtual/BSS segment code_B9770 (offset: 0x100F0D0)
09-18 07:27:16.934 16985 17018 D BKA_OTR : Bypassing virtual/BSS segment code_BD100 (offset: 0x1012A60)
09-18 07:27:16.934 16985 17018 D BKA_OTR : Bypassing virtual/BSS segment code_BDCC0 (offset: 0x1013620)
09-18 07:27:16.934 16985 17018 D BKA_OTR : Bypassing virtual/BSS segment code_BE2C0 (offset: 0x1013C20)
09-18 07:27:16.934 16985 17018 D BKA_OTR : Bypassing virtual/BSS segment code_BEF20 (offset: 0x1014880)
09-18 07:27:16.934 16985 17018 D BKA_OTR : Bypassing virtual/BSS segment code_C0B80 (offset: 0x10164E0)
09-18 07:27:16.934 16985 17018 D BKA_OTR : Bypassing virtual/BSS segment code_C0CF0 (offset: 0x1016650)
09-18 07:27:16.934 16985 17018 D BKA_OTR : Bypassing virtual/BSS segment code_C0E60 (offset: 0x10167C0)
09-18 07:27:16.934 16985 17018 D BKA_OTR : Bypassing virtual/BSS segment animtexturecache (offset: 0x1018580)
09-18 07:27:16.934 16985 17018 D BKA_OTR : Bypassing virtual/BSS segment code_C2F30 (offset: 0x1018890)
09-18 07:27:16.934 16985 17018 D BKA_OTR : Bypassing virtual/BSS segment code_C31A0 (offset: 0x1018B00)
09-18 07:27:16.934 16985 17018 D BKA_OTR : Bypassing virtual/BSS segment rand (offset: 0x1018D60)
09-18 07:27:16.934 16985 17018 D BKA_OTR : Bypassing virtual/BSS segment code_C3A40 (offset: 0x10193A0)
09-18 07:27:16.934 16985 17018 D BKA_OTR : Bypassing virtual/BSS segment file (offset: 0x1019480)
09-18 07:27:16.934 16985 17018 D BKA_OTR : Bypassing virtual/BSS segment code_C4320 (offset: 0x1019C80)
09-18 07:27:16.934 16985 17018 D BKA_OTR : Bypassing virtual/BSS segment code_C4F40 (offset: 0x101A8A0)
09-18 07:27:16.934 16985 17018 D BKA_OTR : Bypassing virtual/BSS segment code_C5440 (offset: 0x101ADA0)
09-18 07:27:16.934 16985 17018 D BKA_OTR : Bypassing virtual/BSS segment code_C5AF0 (offset: 0x101B450)
09-18 07:27:16.934 16985 17018 D BKA_OTR : Bypassing virtual/BSS segment code_C5CC0 (offset: 0x101B620)
09-18 07:27:16.934 16985 17018 D BKA_OTR : Bypassing virtual/BSS segment code_C5F00 (offset: 0x101B860)
09-18 07:27:16.934 16985 17018 D BKA_OTR : Bypassing virtual/BSS segment code_C61C0 (offset: 0x101BB20)
09-18 07:27:16.934 16985 17018 D BKA_OTR : Bypassing virtual/BSS segment code_C62B0 (offset: 0x101BC10)
09-18 07:27:16.934 16985 17018 D BKA_OTR : Bypassing virtual/BSS segment code_C76D0 (offset: 0x101D030)
09-18 07:27:16.934 16985 17018 D BKA_OTR : Bypassing virtual/BSS segment code_C7CC0 (offset: 0x101D620)
09-18 07:27:16.934 16985 17018 D BKA_OTR : Bypassing virtual/BSS segment code_C8230 (offset: 0x101DB90)
09-18 07:27:16.934 16985 17018 D BKA_OTR : Bypassing virtual/BSS segment code_C8360 (offset: 0x101DCC0)
09-18 07:27:16.934 16985 17018 D BKA_OTR : Bypassing virtual/BSS segment code_C8490 (offset: 0x101DDF0)
09-18 07:27:16.934 16985 17018 D BKA_OTR : Bypassing virtual/BSS segment code_C8760 (offset: 0x101E0C0)
09-18 07:27:16.934 16985 17018 D BKA_OTR : Bypassing virtual/BSS segment code_C89C0 (offset: 0x101E320)
09-18 07:27:16.934 16985 17018 D BKA_OTR : Bypassing virtual/BSS segment code_C97F0 (offset: 0x101F150)
09-18 07:27:16.934 16985 17018 D BKA_OTR : Bypassing virtual/BSS segment code_C9E70 (offset: 0x101F7D0)
09-18 07:27:16.934 16985 17018 D BKA_OTR : Bypassing virtual/BSS segment code_C9F00 (offset: 0x101F860)
09-18 07:27:16.934 16985 17018 D BKA_OTR : Bypassing virtual/BSS segment code_CB050 (offset: 0x10209B0)
09-18 07:27:16.934 16985 17018 D BKA_OTR : Bypassing virtual/BSS segment code_CB610 (offset: 0x1020F70)
09-18 07:27:16.934 16985 17018 D BKA_OTR : Bypassing virtual/BSS segment commonParticleTypeMap (offset: 0x1021200)
09-18 07:27:16.934 16985 17018 D BKA_OTR : Bypassing virtual/BSS segment code_CBBF0 (offset: 0x1021550)
09-18 07:27:16.934 16985 17018 D BKA_OTR : Bypassing virtual/BSS segment code_CBD10 (offset: 0x1021670)
09-18 07:27:16.934 16985 17018 D BKA_OTR : Bypassing virtual/BSS segment code_CC1E0 (offset: 0x1021B40)
09-18 07:27:16.934 16985 17018 D BKA_OTR : Bypassing virtual/BSS segment code_CD0A0 (offset: 0x1022A00)
09-18 07:27:16.934 16985 17018 D BKA_OTR : Bypassing virtual/BSS segment code_CD3F0 (offset: 0x1022D50)
09-18 07:27:16.934 16985 17018 D BKA_OTR : Bypassing virtual/BSS segment code_CD6E0 (offset: 0x1023040)
09-18 07:27:16.934 16985 17018 D BKA_OTR : Bypassing virtual/BSS segment code_CECD0 (offset: 0x1024630)
09-18 07:27:16.934 16985 17018 D BKA_OTR : Bypassing virtual/BSS segment code_CF090 (offset: 0x10249F0)
09-18 07:27:16.934 16985 17018 D BKA_OTR : Bypassing virtual/BSS segment progressDialog (offset: 0x1024D40)
09-18 07:27:16.934 16985 17018 D BKA_OTR : Bypassing virtual/BSS segment code_CF5F0 (offset: 0x1024F50)
09-18 07:27:16.934 16985 17018 D BKA_OTR : Bypassing virtual/BSS segment ch/clankerwhipcrack (offset: 0x1025140)
09-18 07:27:16.934 16985 17018 D BKA_OTR : Bypassing virtual/BSS segment ch/code_CFA60 (offset: 0x10253C0)
09-18 07:27:16.934 16985 17018 D BKA_OTR : Bypassing virtual/BSS segment ch/clucker (offset: 0x1025B20)
09-18 07:27:16.934 16985 17018 D BKA_OTR : Bypassing virtual/BSS segment code_D0CA0 (offset: 0x1026600)
09-18 07:27:16.934 16985 17018 D BKA_OTR : Bypassing virtual/BSS segment code_D2180 (offset: 0x1027AE0)
09-18 07:27:16.934 16985 17018 D BKA_OTR : Bypassing virtual/BSS segment ch/firefx (offset: 0x1027E60)
09-18 07:27:16.934 16985 17018 D BKA_OTR : Bypassing virtual/BSS segment ch/drips (offset: 0x1028410)
09-18 07:27:16.934 16985 17018 D BKA_OTR : Bypassing virtual/BSS segment ch/icecube (offset: 0x1028770)
09-18 07:27:16.934 16985 17018 D BKA_OTR : Bypassing virtual/BSS segment ch/ghost (offset: 0x10299B0)
09-18 07:27:16.935 16985 17018 D BKA_OTR : Bypassing virtual/BSS segment ch/flotsam (offset: 0x102AA50)
09-18 07:27:16.935 16985 17018 D BKA_OTR : Bypassing virtual/BSS segment code_D5D10 (offset: 0x102B670)
09-18 07:27:16.935 16985 17018 D BKA_OTR : Bypassing virtual/BSS segment code_D5FD0 (offset: 0x102B930)
09-18 07:27:16.935 16985 17018 D BKA_OTR : Bypassing virtual/BSS segment code_D6180 (offset: 0x102BAE0)
09-18 07:27:16.935 16985 17018 D BKA_OTR : Bypassing virtual/BSS segment code_D6600 (offset: 0x102BF60)
09-18 07:27:16.935 16985 17018 D BKA_OTR : Bypassing virtual/BSS segment ch/termite (offset: 0x102C9A0)
09-18 07:27:16.935 16985 17018 D BKA_OTR : Bypassing virtual/BSS segment ch/gravestone (offset: 0x102D670)
09-18 07:27:16.935 16985 17018 D BKA_OTR : Bypassing virtual/BSS segment ch/bat (offset: 0x102E340)
09-18 07:27:16.935 16985 17018 D BKA_OTR : Bypassing virtual/BSS segment ch/whipcrack (offset: 0x102F700)
09-18 07:27:16.935 16985 17018 D BKA_OTR : Bypassing virtual/BSS segment code_DA3A0 (offset: 0x102FD00)
09-18 07:27:16.935 16985 17018 D BKA_OTR : Bypassing virtual/BSS segment code_DA760 (offset: 0x10300C0)
09-18 07:27:16.935 16985 17018 D BKA_OTR : Bypassing virtual/BSS segment code_DAAA0 (offset: 0x1030400)
09-18 07:27:16.935 16985 17018 D BKA_OTR : Bypassing virtual/BSS segment code_DB010 (offset: 0x1030970)
09-18 07:27:16.935 16985 17018 D BKA_OTR : Bypassing virtual/BSS segment code_DC4B0 (offset: 0x1031E10)
09-18 07:27:16.935 16985 17018 D BKA_OTR : Bypassing virtual/BSS segment data_DC600 (offset: 0x1031F60)
09-18 07:27:16.935 16985 17018 D BKA_OTR : Bypassing virtual/BSS segment code_1550 (offset: 0x1031F90)
09-18 07:27:16.935 16985 17018 D BKA_OTR : Bypassing virtual/BSS segment ba/anim (offset: 0x1031FB0)
09-18 07:27:16.935 16985 17018 D BKA_OTR : Bypassing virtual/BSS segment snackerctl (offset: 0x1031FE0)
09-18 07:27:16.935 16985 17018 D BKA_OTR : Bypassing virtual/BSS segment ba/marker (offset: 0x1032000)
09-18 07:27:16.935 16985 17018 D BKA_OTR : Bypassing virtual/BSS segment code_7060 (offset: 0x1032060)
09-18 07:27:16.935 16985 17018 D BKA_OTR : Bypassing virtual/BSS segment code_90E0 (offset: 0x10320A0)
09-18 07:27:16.935 16985 17018 D BKA_OTR : Bypassing virtual/BSS segment ba/model (offset: 0x1032150)
09-18 07:27:16.935 16985 17018 D BKA_OTR : Bypassing virtual/BSS segment code_B850 (offset: 0x1032150)
09-18 07:27:16.935 16985 17018 D BKA_OTR : Bypassing virtual/BSS segment eggshatter (offset: 0x1032170)
09-18 07:27:16.935 16985 17018 D BKA_OTR : Bypassing virtual/BSS segment ba/falldamage (offset: 0x10321C0)
09-18 07:27:16.935 16985 17018 D BKA_OTR : Bypassing virtual/BSS segment code_E910 (offset: 0x10321F0)
09-18 07:27:16.935 16985 17018 D BKA_OTR : Bypassing virtual/BSS segment ba/physics (offset: 0x1032E10)
09-18 07:27:16.935 16985 17018 D BKA_OTR : Bypassing virtual/BSS segment code_117D0 (offset: 0x1032E20)
09-18 07:27:16.935 16985 17018 D BKA_OTR : Bypassing virtual/BSS segment basfx (offset: 0x1032F30)
09-18 07:27:16.935 16985 17018 D BKA_OTR : Bypassing virtual/BSS segment code_12F30 (offset: 0x1032F50)
09-18 07:27:16.935 16985 17018 D BKA_OTR : Bypassing virtual/BSS segment code_14420 (offset: 0x1032FF0)
09-18 07:27:16.935 16985 17018 D BKA_OTR : Bypassing virtual/BSS segment bs/ant (offset: 0x1033330)
09-18 07:27:16.935 16985 17018 D BKA_OTR : Bypassing virtual/BSS segment bs/bbuster (offset: 0x1033360)
09-18 07:27:16.935 16985 17018 D BKA_OTR : Bypassing virtual/BSS segment bs/beeFly (offset: 0x1033380)
09-18 07:27:16.935 16985 17018 D BKA_OTR : Bypassing virtual/BSS segment bs/beeMain (offset: 0x10333B0)
09-18 07:27:16.935 16985 17018 D BKA_OTR : Bypassing virtual/BSS segment bs/bFlap (offset: 0x10333E0)
09-18 07:27:16.935 16985 17018 D BKA_OTR : Bypassing virtual/BSS segment bs/bFlip (offset: 0x10333F0)
09-18 07:27:16.935 16985 17018 D BKA_OTR : Bypassing virtual/BSS segment bs/bLongLeg (offset: 0x1033410)
09-18 07:27:16.935 16985 17018 D BKA_OTR : Bypassing virtual/BSS segment bs/bPeck (offset: 0x1033430)
09-18 07:27:16.935 16985 17018 D BKA_OTR : Bypassing virtual/BSS segment bs/bShock (offset: 0x1033440)
09-18 07:27:16.935 16985 17018 D BKA_OTR : Bypassing virtual/BSS segment data_DDAF0 (offset: 0x1033450)
09-18 07:27:16.935 16985 17018 D BKA_OTR : Bypassing virtual/BSS segment bs/bTrot (offset: 0x1033460)
09-18 07:27:16.935 16985 17018 D BKA_OTR : Bypassing virtual/BSS segment bs/bWhirl (offset: 0x10334A0)
09-18 07:27:16.935 16985 17018 D BKA_OTR : Bypassing virtual/BSS segment bs/carry (offset: 0x10334C0)
09-18 07:27:16.935 16985 17018 D BKA_OTR : Bypassing virtual/BSS segment bs/croc (offset: 0x10334D0)
09-18 07:27:16.935 16985 17018 D BKA_OTR : Bypassing virtual/BSS segment bs/drone (offset: 0x1033500)
09-18 07:27:16.935 16985 17018 D BKA_OTR : Bypassing virtual/BSS segment bs/dronexform (offset: 0x1033580)
09-18 07:27:16.935 16985 17018 D BKA_OTR : Bypassing virtual/BSS segment bs/jump (offset: 0x10336A0)
09-18 07:27:16.935 16985 17018 D BKA_OTR : Bypassing virtual/BSS segment bs/pumpkin (offset: 0x10336C0)
09-18 07:27:16.935 16985 17018 D BKA_OTR : Bypassing virtual/BSS segment bs/stand (offset: 0x10336F0)
09-18 07:27:16.935 16985 17018 D BKA_OTR : Bypassing virtual/BSS segment bs/swim (offset: 0x1033710)
09-18 07:27:16.935 16985 17018 D BKA_OTR : Bypassing virtual/BSS segment bs/walk (offset: 0x1033740)
09-18 07:27:16.935 16985 17018 D BKA_OTR : Bypassing virtual/BSS segment bs/walrus (offset: 0x1033790)
09-18 07:27:16.935 16985 17018 D BKA_OTR : Bypassing virtual/BSS segment code_33F90 (offset: 0x10337D0)
09-18 07:27:16.935 16985 17018 D BKA_OTR : Bypassing virtual/BSS segment code_34310 (offset: 0x1034160)
09-18 07:27:16.935 16985 17018 D BKA_OTR : Bypassing virtual/BSS segment code_34790 (offset: 0x10341B0)
09-18 07:27:16.935 16985 17018 D BKA_OTR : Bypassing virtual/BSS segment code_35520 (offset: 0x1034200)
09-18 07:27:16.935 16985 17018 D BKA_OTR : Bypassing virtual/BSS segment nc/dynamicCamera (offset: 0x10346A0)
09-18 07:27:16.935 16985 17018 D BKA_OTR : Bypassing virtual/BSS segment code_37E50 (offset: 0x1034730)
09-18 07:27:16.935 16985 17018 D BKA_OTR : Bypassing virtual/BSS segment nc/ba/die (offset: 0x1034760)
09-18 07:27:16.935 16985 17018 D BKA_OTR : Bypassing virtual/BSS segment nc/dynamicCamA (offset: 0x1034770)
09-18 07:27:16.935 16985 17018 D BKA_OTR : Bypassing virtual/BSS segment spawnqueue (offset: 0x1034790)
09-18 07:27:16.935 16985 17018 D BKA_OTR : Bypassing virtual/BSS segment ch/gameSelect (offset: 0x10347A0)
09-18 07:27:16.935 16985 17018 D BKA_OTR : Bypassing virtual/BSS segment code_3EAD0 (offset: 0x1034900)
09-18 07:27:16.935 16985 17018 D BKA_OTR : Bypassing virtual/BSS segment ch/explosionripple (offset: 0x1034980)
09-18 07:27:16.935 16985 17018 D BKA_OTR : Bypassing virtual/BSS segment ch/bubble (offset: 0x10349B0)
09-18 07:27:16.935 16985 17018 D BKA_OTR : Bypassing virtual/BSS segment ch/bigbutt (offset: 0x10349E0)
09-18 07:27:16.935 16985 17018 D BKA_OTR : Bypassing virtual/BSS segment code_400F0 (offset: 0x1034AC0)
09-18 07:27:16.935 16985 17018 D BKA_OTR : Bypassing virtual/BSS segment ch/jiggy (offset: 0x1034C60)
09-18 07:27:16.935 16985 17018 D BKA_OTR : Bypassing virtual/BSS segment ch/jigsawdance (offset: 0x1034CA0)
09-18 07:27:16.935 16985 17018 D BKA_OTR : Bypassing virtual/BSS segment code_41460 (offset: 0x1034D00)
09-18 07:27:16.935 16985 17018 D BKA_OTR : Bypassing virtual/BSS segment code_41F30 (offset: 0x1034E00)
09-18 07:27:16.935 16985 17018 D BKA_OTR : Bypassing virtual/BSS segment code_41FB0 (offset: 0x1034E30)
09-18 07:27:16.935 16985 17018 D BKA_OTR : Bypassing virtual/BSS segment ch/musicnote (offset: 0x1035620)
09-18 07:27:16.935 16985 17018 D BKA_OTR : Bypassing virtual/BSS segment code_42CB0 (offset: 0x1035650)
09-18 07:27:16.935 16985 17018 D BKA_OTR : Bypassing virtual/BSS segment code_43250 (offset: 0x10356A0)
09-18 07:27:16.935 16985 17018 D BKA_OTR : Bypassing virtual/BSS segment ch/trainers (offset: 0x1035870)
09-18 07:27:16.935 16985 17018 D BKA_OTR : Bypassing virtual/BSS segment code_43800 (offset: 0x10358C0)
09-18 07:27:16.935 16985 17018 D BKA_OTR : Bypassing virtual/BSS segment code_43A40 (offset: 0x10358F0)
09-18 07:27:16.935 16985 17018 D BKA_OTR : Bypassing virtual/BSS segment mapspecificflags (offset: 0x10359D0)
09-18 07:27:16.935 16985 17018 D BKA_OTR : Bypassing virtual/BSS segment ch/crab (offset: 0x10359E0)
09-18 07:27:16.935 16985 17018 D BKA_OTR : Bypassing virtual/BSS segment code_45310 (offset: 0x1035B00)
09-18 07:27:16.935 16985 17018 D BKA_OTR : Bypassing virtual/BSS segment ch/code_468E0 (offset: 0x1035B30)
09-18 07:27:16.935 16985 17018 D BKA_OTR : Bypassing virtual/BSS segment ch/jinjo (offset: 0x1035B80)
09-18 07:27:16.935 16985 17018 D BKA_OTR : Bypassing virtual/BSS segment ch/beehive (offset: 0x1035C90)
09-18 07:27:16.935 16985 17018 D BKA_OTR : Bypassing virtual/BSS segment code_47BD0 (offset: 0x1035CE0)
09-18 07:27:16.935 16985 17018 D BKA_OTR : Bypassing virtual/BSS segment ch/soundsource (offset: 0x1035D10)
09-18 07:27:16.935 16985 17018 D BKA_OTR : Bypassing virtual/BSS segment ch/shrapnel (offset: 0x1035D90)
09-18 07:27:16.935 16985 17018 D BKA_OTR : Bypassing virtual/BSS segment ch/gloop (offset: 0x1035E00)
09-18 07:27:16.935 16985 17018 D BKA_OTR : Bypassing virtual/BSS segment code_4A6F0 (offset: 0x1035E60)
09-18 07:27:16.935 16985 17018 D BKA_OTR : Bypassing virtual/BSS segment code_4BD70 (offset: 0x1035F00)
09-18 07:27:16.935 16985 17018 D BKA_OTR : Bypassing virtual/BSS segment code_4BE10 (offset: 0x1035FC0)
09-18 07:27:16.935 16985 17018 D BKA_OTR : Bypassing virtual/BSS segment code_4C020 (offset: 0x1036050)
09-18 07:27:16.935 16985 17018 D BKA_OTR : Bypassing virtual/BSS segment ch/wadingboots (offset: 0x10363D0)
09-18 07:27:16.935 16985 17018 D BKA_OTR : Bypassing virtual/BSS segment ch/badShad (offset: 0x1036420)
09-18 07:27:16.935 16985 17018 D BKA_OTR : Bypassing virtual/BSS segment code_50490 (offset: 0x1036450)
09-18 07:27:16.935 16985 17018 D BKA_OTR : Bypassing virtual/BSS segment ch/climbBase (offset: 0x10364F0)
09-18 07:27:16.935 16985 17018 D BKA_OTR : Bypassing virtual/BSS segment code_509D0 (offset: 0x1036520)
09-18 07:27:16.935 16985 17018 D BKA_OTR : Bypassing virtual/BSS segment ch/piranhaWaterParticles (offset: 0x1036630)
09-18 07:27:16.935 16985 17018 D BKA_OTR : Bypassing virtual/BSS segment code_51950 (offset: 0x1036660)
09-18 07:27:16.935 16985 17018 D BKA_OTR : Bypassing virtual/BSS segment ch/collectible (offset: 0x10366D0)
09-18 07:27:16.935 16985 17018 D BKA_OTR : Bypassing virtual/BSS segment ch/mole (offset: 0x1036740)
09-18 07:27:16.935 16985 17018 D BKA_OTR : Bypassing virtual/BSS segment ch/molehill (offset: 0x10367D0)
09-18 07:27:16.935 16985 17018 D BKA_OTR : Bypassing virtual/BSS segment code_53A10 (offset: 0x1036840)
09-18 07:27:16.935 16985 17018 D BKA_OTR : Bypassing virtual/BSS segment code_53C10 (offset: 0x1036870)
09-18 07:27:16.935 16985 17018 D BKA_OTR : Bypassing virtual/BSS segment code_54D50 (offset: 0x1036900)
09-18 07:27:16.935 16985 17018 D BKA_OTR : Bypassing virtual/BSS segment code_55180 (offset: 0x10369B0)
09-18 07:27:16.935 16985 17018 D BKA_OTR : Bypassing virtual/BSS segment code_55390 (offset: 0x1036A10)
09-18 07:27:16.935 16985 17018 D BKA_OTR : Bypassing virtual/BSS segment code_556C0 (offset: 0x1036A40)
09-18 07:27:16.935 16985 17018 D BKA_OTR : Bypassing virtual/BSS segment code_55850 (offset: 0x1036A70)
09-18 07:27:16.935 16985 17018 D BKA_OTR : Bypassing virtual/BSS segment ch/overlaycopyright (offset: 0x1036AA0)
09-18 07:27:16.935 16985 17018 D BKA_OTR : Bypassing virtual/BSS segment ch/overlaypressstart (offset: 0x1036AD0)
09-18 07:27:16.935 16985 17018 D BKA_OTR : Bypassing virtual/BSS segment ch/overlaynocontroller (offset: 0x1036B20)
09-18 07:27:16.935 16985 17018 D BKA_OTR : Bypassing virtual/BSS segment ch/bottlesbonus (offset: 0x1036B70)
09-18 07:27:16.935 16985 17018 D BKA_OTR : Bypassing virtual/BSS segment code_57C70 (offset: 0x1036CD0)
09-18 07:27:16.935 16985 17018 D BKA_OTR : Bypassing virtual/BSS segment code_581D0 (offset: 0x1036D30)
09-18 07:27:16.935 16985 17018 D BKA_OTR : Bypassing virtual/BSS segment ch/bottlesbonuscursor (offset: 0x1036D80)
09-18 07:27:16.935 16985 17018 D BKA_OTR : Bypassing virtual/BSS segment code_59780 (offset: 0x1036E10)
09-18 07:27:16.935 16985 17018 D BKA_OTR : Bypassing virtual/BSS segment code_59A80 (offset: 0x1036F70)
09-18 07:27:16.935 16985 17018 D BKA_OTR : Bypassing virtual/BSS segment ch/snacker (offset: 0x1036FA0)
09-18 07:27:16.935 16985 17018 D BKA_OTR : Bypassing virtual/BSS segment ch/snowman (offset: 0x1037020)
09-18 07:27:16.935 16985 17018 D BKA_OTR : Bypassing virtual/BSS segment ch/snowball (offset: 0x10370E0)
09-18 07:27:16.935 16985 17018 D BKA_OTR : Bypassing virtual/BSS segment ch/snowmanhat (offset: 0x1037190)
09-18 07:27:16.935 16985 17018 D BKA_OTR : Bypassing virtual/BSS segment code_5C870 (offset: 0x10371C0)
09-18 07:27:16.935 16985 17018 D BKA_OTR : Bypassing virtual/BSS segment code_5DBC0 (offset: 0x1037200)
09-18 07:27:16.935 16985 17018 D BKA_OTR : Bypassing virtual/BSS segment code_66D90 (offset: 0x1037220)
09-18 07:27:16.935 16985 17018 D BKA_OTR : Bypassing virtual/BSS segment code_66FB0 (offset: 0x1037230)
09-18 07:27:16.935 16985 17018 D BKA_OTR : Bypassing virtual/BSS segment gc/bound (offset: 0x10372B0)
09-18 07:27:16.935 16985 17018 D BKA_OTR : Bypassing virtual/BSS segment dustemitter (offset: 0x1037300)
09-18 07:27:16.935 16985 17018 D BKA_OTR : Bypassing virtual/BSS segment particle (offset: 0x1037310)
09-18 07:27:16.935 16985 17018 D BKA_OTR : Bypassing virtual/BSS segment code_6A4B0 (offset: 0x10373A0)
09-18 07:27:16.935 16985 17018 D BKA_OTR : Bypassing virtual/BSS segment code_6AEF0 (offset: 0x1037470)
09-18 07:27:16.935 16985 17018 D BKA_OTR : Bypassing virtual/BSS segment code_6B030 (offset: 0x1037480)
09-18 07:27:16.935 16985 17018 D BKA_OTR : Bypassing virtual/BSS segment fx/ripple (offset: 0x1037500)
09-18 07:27:16.935 16985 17018 D BKA_OTR : Bypassing virtual/BSS segment fx/sparkle (offset: 0x10375A0)
09-18 07:27:16.935 16985 17018 D BKA_OTR : Bypassing virtual/BSS segment code_6CD20 (offset: 0x1037750)
09-18 07:27:16.935 16985 17018 D BKA_OTR : Bypassing virtual/BSS segment code_6D030 (offset: 0x10377A0)
09-18 07:27:16.935 16985 17018 D BKA_OTR : Bypassing virtual/BSS segment code_6D270 (offset: 0x10377B0)
09-18 07:27:16.935 16985 17018 D BKA_OTR : Bypassing virtual/BSS segment code_6D490 (offset: 0x10377C0)
09-18 07:27:16.935 16985 17018 D BKA_OTR : Bypassing virtual/BSS segment code_6DA30 (offset: 0x10379D0)
09-18 07:27:16.935 16985 17018 D BKA_OTR : Bypassing virtual/BSS segment code_72060 (offset: 0x1037C50)
09-18 07:27:16.935 16985 17018 D BKA_OTR : Bypassing virtual/BSS segment code_73640 (offset: 0x1037CB0)
09-18 07:27:16.935 16985 17018 D BKA_OTR : Bypassing virtual/BSS segment code_74090 (offset: 0x10380F0)
09-18 07:27:16.935 16985 17018 D BKA_OTR : Bypassing virtual/BSS segment code_74290 (offset: 0x10381A0)
09-18 07:27:16.935 16985 17018 D BKA_OTR : Bypassing virtual/BSS segment code_74420 (offset: 0x10381D0)
09-18 07:27:16.935 16985 17018 D BKA_OTR : Bypassing virtual/BSS segment code_74910 (offset: 0x1038200)
09-18 07:27:16.935 16985 17018 D BKA_OTR : Bypassing virtual/BSS segment code_74ED0 (offset: 0x1038230)
09-18 07:27:16.935 16985 17018 D BKA_OTR : Bypassing virtual/BSS segment code_75480 (offset: 0x1038260)
09-18 07:27:16.935 16985 17018 D BKA_OTR : Bypassing virtual/BSS segment code_75930 (offset: 0x1038290)
09-18 07:27:16.935 16985 17018 D BKA_OTR : Bypassing virtual/BSS segment code_75E90 (offset: 0x10382C0)
09-18 07:27:16.935 16985 17018 D BKA_OTR : Bypassing virtual/BSS segment fx/common2score (offset: 0x10382F0)
09-18 07:27:16.935 16985 17018 D BKA_OTR : Bypassing virtual/BSS segment fx/honeycarrierscore (offset: 0x10389E0)
09-18 07:27:16.935 16985 17018 D BKA_OTR : Bypassing virtual/BSS segment fx/jinjoscore (offset: 0x1038A40)
09-18 07:27:16.935 16985 17018 D BKA_OTR : Bypassing virtual/BSS segment fx/lifescore (offset: 0x1038C30)
09-18 07:27:16.935 16985 17018 D BKA_OTR : Bypassing virtual/BSS segment fx/common3score (offset: 0x1038C80)
09-18 07:27:16.935 16985 17018 D BKA_OTR : Bypassing virtual/BSS segment fx/healthscore (offset: 0x10392E0)
09-18 07:27:16.935 16985 17018 D BKA_OTR : Bypassing virtual/BSS segment fx/airscore (offset: 0x1039330)
09-18 07:27:16.935 16985 17018 D BKA_OTR : Bypassing virtual/BSS segment gccube (offset: 0x1039380)
09-18 07:27:16.935 16985 17018 D BKA_OTR : Bypassing virtual/BSS segment mapModel (offset: 0x10395B0)
09-18 07:27:16.935 16985 17018 D BKA_OTR : Bypassing virtual/BSS segment propModelList (offset: 0x103A1D0)
09-18 07:27:16.935 16985 17018 D BKA_OTR : Bypassing virtual/BSS segment gc/section (offset: 0x103A1E0)
09-18 07:27:16.935 16985 17018 D BKA_OTR : Bypassing virtual/BSS segment gc/sky (offset: 0x103A710)
09-18 07:27:16.935 16985 17018 D BKA_OTR : Bypassing virtual/BSS segment gc/transition (offset: 0x103AB20)
09-18 07:27:16.935 16985 17018 D BKA_OTR : Bypassing virtual/BSS segment code_851D0 (offset: 0x103AE20)
09-18 07:27:16.935 16985 17018 D BKA_OTR : Bypassing virtual/BSS segment gc/dialog (offset: 0x103AEA0)
09-18 07:27:16.935 16985 17018 D BKA_OTR : Bypassing virtual/BSS segment gc/pauseMenu (offset: 0x103AEB0)
09-18 07:27:16.935 16985 17018 D BKA_OTR : Bypassing virtual/BSS segment code_8DC20 (offset: 0x103B000)
09-18 07:27:16.935 16985 17018 D BKA_OTR : Bypassing virtual/BSS segment gc/zoombox (offset: 0x103B090)
09-18 07:27:16.935 16985 17018 D BKA_OTR : Bypassing virtual/BSS segment code_91E10 (offset: 0x103C310)
09-18 07:27:16.935 16985 17018 D BKA_OTR : Bypassing virtual/BSS segment code_935F0 (offset: 0x103C340)
09-18 07:27:16.935 16985 17018 D BKA_OTR : Bypassing virtual/BSS segment gc/parade (offset: 0x103C370)
09-18 07:27:16.935 16985 17018 D BKA_OTR : Bypassing virtual/BSS segment code_94A20 (offset: 0x103C790)
09-18 07:27:16.935 16985 17018 D BKA_OTR : Bypassing virtual/BSS segment code_956B0 (offset: 0x103C7A0)
09-18 07:27:16.935 16985 17018 D BKA_OTR : Bypassing virtual/BSS segment code_98CB0 (offset: 0x103C7C0)
09-18 07:27:16.935 16985 17018 D BKA_OTR : Bypassing virtual/BSS segment code_9B180 (offset: 0x103C7D0)
09-18 07:27:16.935 16985 17018 D BKA_OTR : Bypassing virtual/BSS segment code_9B650 (offset: 0x103C850)
09-18 07:27:16.935 16985 17018 D BKA_OTR : Bypassing virtual/BSS segment code_9B990 (offset: 0x103CC90)
09-18 07:27:16.935 16985 17018 D BKA_OTR : Bypassing virtual/BSS segment code_9D640 (offset: 0x103CDF0)
09-18 07:27:16.935 16985 17018 D BKA_OTR : Bypassing virtual/BSS segment code_9E370 (offset: 0x103CF30)
09-18 07:27:16.935 16985 17018 D BKA_OTR : Bypassing virtual/BSS segment code_A4D00 (offset: 0x103CFA0)
09-18 07:27:16.935 16985 17018 D BKA_OTR : Bypassing virtual/BSS segment code_A5BC0 (offset: 0x103D180)
09-18 07:27:16.935 16985 17018 D BKA_OTR : Bypassing virtual/BSS segment code_A5BC0 (offset: 0x103D1D0)
09-18 07:27:16.935 16985 17018 D BKA_OTR : Bypassing virtual/BSS segment code_ABC00 (offset: 0x103D200)
09-18 07:27:16.935 16985 17018 D BKA_OTR : Bypassing virtual/BSS segment gclights (offset: 0x103E340)
09-18 07:27:16.935 16985 17018 D BKA_OTR : Bypassing virtual/BSS segment code_AD110 (offset: 0x103E350)
09-18 07:27:16.935 16985 17018 D BKA_OTR : Bypassing virtual/BSS segment gsworld (offset: 0x103EC20)
09-18 07:27:16.935 16985 17018 D BKA_OTR : Bypassing virtual/BSS segment code_AEDA0 (offset: 0x103EC30)
09-18 07:27:16.935 16985 17018 D BKA_OTR : Bypassing virtual/BSS segment modelRender (offset: 0x103ED10)
09-18 07:27:16.935 16985 17018 D BKA_OTR : Bypassing virtual/BSS segment code_B3A80 (offset: 0x103F3B0)
09-18 07:27:16.935 16985 17018 D BKA_OTR : Bypassing virtual/BSS segment code_B5040 (offset: 0x103F3F0)
09-18 07:27:16.935 16985 17018 D BKA_OTR : Bypassing virtual/BSS segment code_B62B0 (offset: 0x103F490)
09-18 07:27:16.935 16985 17018 D BKA_OTR : Bypassing virtual/BSS segment time (offset: 0x10407F0)
09-18 07:27:16.935 16985 17018 D BKA_OTR : Bypassing virtual/BSS segment commonParticle (offset: 0x1040800)
09-18 07:27:16.935 16985 17018 D BKA_OTR : Bypassing virtual/BSS segment code_B7F40 (offset: 0x1040830)
09-18 07:27:16.935 16985 17018 D BKA_OTR : Bypassing virtual/BSS segment code_B9770 (offset: 0x1040840)
09-18 07:27:16.935 16985 17018 D BKA_OTR : Bypassing virtual/BSS segment code_BD100 (offset: 0x1040890)
09-18 07:27:16.935 16985 17018 D BKA_OTR : Bypassing virtual/BSS segment code_BE2C0 (offset: 0x10408A0)
09-18 07:27:16.935 16985 17018 D BKA_OTR : Bypassing virtual/BSS segment data_EAF40 (offset: 0x10408B0)
09-18 07:27:16.935 16985 17018 D BKA_OTR : Bypassing virtual/BSS segment code_C2F30 (offset: 0x10408C0)
09-18 07:27:16.935 16985 17018 D BKA_OTR : Bypassing virtual/BSS segment code_C4320 (offset: 0x10408D0)
09-18 07:27:16.935 16985 17018 D BKA_OTR : Bypassing virtual/BSS segment code_C4F40 (offset: 0x1040990)
09-18 07:27:16.935 16985 17018 D BKA_OTR : Bypassing virtual/BSS segment code_C5440 (offset: 0x1040A00)
09-18 07:27:16.935 16985 17018 D BKA_OTR : Bypassing virtual/BSS segment code_C8760 (offset: 0x1040A70)
09-18 07:27:16.935 16985 17018 D BKA_OTR : Bypassing virtual/BSS segment code_C97F0 (offset: 0x1040A80)
09-18 07:27:16.935 16985 17018 D BKA_OTR : Bypassing virtual/BSS segment code_C9F00 (offset: 0x1040F90)
09-18 07:27:16.935 16985 17018 D BKA_OTR : Bypassing virtual/BSS segment code_CBD10 (offset: 0x1041040)
09-18 07:27:16.935 16985 17018 D BKA_OTR : Bypassing virtual/BSS segment code_CC1E0 (offset: 0x1041070)
09-18 07:27:16.935 16985 17018 D BKA_OTR : Bypassing virtual/BSS segment code_CD6E0 (offset: 0x1041090)
09-18 07:27:16.935 16985 17018 D BKA_OTR : Bypassing virtual/BSS segment code_CECD0 (offset: 0x10410C0)
09-18 07:27:16.935 16985 17018 D BKA_OTR : Bypassing virtual/BSS segment code_CF090 (offset: 0x10410D0)
09-18 07:27:16.935 16985 17018 D BKA_OTR : Bypassing virtual/BSS segment progressDialog (offset: 0x1041100)
09-18 07:27:16.935 16985 17018 D BKA_OTR : Bypassing virtual/BSS segment code_CF5F0 (offset: 0x10411C0)
09-18 07:27:16.935 16985 17018 D BKA_OTR : Bypassing virtual/BSS segment ch/clankerwhipcrack (offset: 0x10411E0)
09-18 07:27:16.935 16985 17018 D BKA_OTR : Bypassing virtual/BSS segment ch/code_CFA60 (offset: 0x1041210)
09-18 07:27:16.935 16985 17018 D BKA_OTR : Bypassing virtual/BSS segment ch/clucker (offset: 0x1041240)
09-18 07:27:16.935 16985 17018 D BKA_OTR : Bypassing virtual/BSS segment code_D0CA0 (offset: 0x1041270)
09-18 07:27:16.935 16985 17018 D BKA_OTR : Bypassing virtual/BSS segment code_D2180 (offset: 0x1041310)
09-18 07:27:16.935 16985 17018 D BKA_OTR : Bypassing virtual/BSS segment ch/firefx (offset: 0x1041460)
09-18 07:27:16.935 16985 17018 D BKA_OTR : Bypassing virtual/BSS segment ch/drips (offset: 0x1041490)
09-18 07:27:16.937 16985 17018 D BKA_OTR : Bypassing virtual/BSS segment fx/ripple (offset: 0x1045BC0)
09-18 07:27:16.937 16985 17018 D BKA_OTR : Bypassing virtual/BSS segment fx/sparkle (offset: 0x1045BD0)
09-18 07:27:16.937 16985 17018 D BKA_OTR : Bypassing virtual/BSS segment code_6CEC0 (offset: 0x1045BE0)
09-18 07:27:16.937 16985 17018 D BKA_OTR : Bypassing virtual/BSS segment code_6D030 (offset: 0x1045BF0)
09-18 07:27:16.937 16985 17018 D BKA_OTR : Bypassing virtual/BSS segment code_6D270 (offset: 0x1045C00)
09-18 07:27:16.937 16985 17018 D BKA_OTR : Bypassing virtual/BSS segment code_6DA30 (offset: 0x1045C10)
09-18 07:27:16.937 16985 17018 D BKA_OTR : Bypassing virtual/BSS segment code_70F20 (offset: 0x1045C90)
09-18 07:27:16.937 16985 17018 D BKA_OTR : Bypassing virtual/BSS segment code_71820 (offset: 0x1045CF0)
09-18 07:27:16.937 16985 17018 D BKA_OTR : Bypassing virtual/BSS segment code_72060 (offset: 0x1045D10)
09-18 07:27:16.937 16985 17018 D BKA_OTR : Bypassing virtual/BSS segment code_73640 (offset: 0x1045D30)
09-18 07:27:16.937 16985 17018 D BKA_OTR : Bypassing virtual/BSS segment code_74420 (offset: 0x1045D60)
09-18 07:27:16.937 16985 17018 D BKA_OTR : Bypassing virtual/BSS segment fx/common2score (offset: 0x1045D70)
09-18 07:27:16.937 16985 17018 D BKA_OTR : Bypassing virtual/BSS segment fx/honeycarrierscore (offset: 0x1045D80)
09-18 07:27:16.937 16985 17018 D BKA_OTR : Bypassing virtual/BSS segment fx/jinjoscore (offset: 0x1045DD0)
09-18 07:27:16.937 16985 17018 D BKA_OTR : Bypassing virtual/BSS segment fx/jinjoscore (offset: 0x1045E00)
09-18 07:27:16.937 16985 17018 D BKA_OTR : Bypassing virtual/BSS segment fx/common3score (offset: 0x1045E30)
09-18 07:27:16.937 16985 17018 D BKA_OTR : Bypassing virtual/BSS segment fx/healthscore (offset: 0x1045E50)
09-18 07:27:16.937 16985 17018 D BKA_OTR : Bypassing virtual/BSS segment fx/airscore (offset: 0x1045E60)
09-18 07:27:16.937 16985 17018 D BKA_OTR : Bypassing virtual/BSS segment gccube (offset: 0x1045E80)
09-18 07:27:16.937 16985 17018 D BKA_OTR : Bypassing virtual/BSS segment mapModel (offset: 0x1045F40)
09-18 07:27:16.937 16985 17018 D BKA_OTR : Bypassing virtual/BSS segment propModelList (offset: 0x1046100)
09-18 07:27:16.937 16985 17018 D BKA_OTR : Bypassing virtual/BSS segment gc/section (offset: 0x1046110)
09-18 07:27:16.937 16985 17018 D BKA_OTR : Bypassing virtual/BSS segment gc/sky (offset: 0x1046E10)
09-18 07:27:16.937 16985 17018 D BKA_OTR : Bypassing virtual/BSS segment gc/transition (offset: 0x1046E20)
09-18 07:27:16.937 16985 17018 D BKA_OTR : Bypassing virtual/BSS segment code_85800 (offset: 0x1046E80)
09-18 07:27:16.937 16985 17018 D BKA_OTR : Bypassing virtual/BSS segment gc/dialog (offset: 0x1046EA0)
09-18 07:27:16.937 16985 17018 D BKA_OTR : Bypassing virtual/BSS segment gc/pauseMenu (offset: 0x1046F10)
09-18 07:27:16.937 16985 17018 D BKA_OTR : Bypassing virtual/BSS segment gc/zoombox (offset: 0x1047250)
09-18 07:27:16.937 16985 17018 D BKA_OTR : Bypassing virtual/BSS segment code_91E10 (offset: 0x1047320)
09-18 07:27:16.937 16985 17018 D BKA_OTR : Bypassing virtual/BSS segment code_935F0 (offset: 0x1047360)
09-18 07:27:16.937 16985 17018 D BKA_OTR : Bypassing virtual/BSS segment gc/parade (offset: 0x1047380)
09-18 07:27:16.937 16985 17018 D BKA_OTR : Bypassing virtual/BSS segment code_94A20 (offset: 0x1047700)
09-18 07:27:16.937 16985 17018 D BKA_OTR : Bypassing virtual/BSS segment code_956B0 (offset: 0x1047710)
09-18 07:27:16.937 16985 17018 D BKA_OTR : Bypassing virtual/BSS segment code_9A9D0 (offset: 0x1047720)
09-18 07:27:16.937 16985 17018 D BKA_OTR : Bypassing virtual/BSS segment code_9B180 (offset: 0x1047750)
09-18 07:27:16.937 16985 17018 D BKA_OTR : Bypassing virtual/BSS segment code_9C170 (offset: 0x1047770)
09-18 07:27:16.937 16985 17018 D BKA_OTR : Bypassing virtual/BSS segment code_9E370 (offset: 0x10477C0)
09-18 07:27:16.937 16985 17018 D BKA_OTR : Bypassing virtual/BSS segment code_A4D00 (offset: 0x1047840)
09-18 07:27:16.937 16985 17018 D BKA_OTR : Bypassing virtual/BSS segment code_A5BC0 (offset: 0x1047870)
09-18 07:27:16.937 16985 17018 D BKA_OTR : Bypassing virtual/BSS segment code_AD110 (offset: 0x1047890)
09-18 07:27:16.937 16985 17018 D BKA_OTR : Bypassing virtual/BSS segment skeletalanim (offset: 0x10478B0)
09-18 07:27:16.937 16985 17018 D BKA_OTR : Bypassing virtual/BSS segment code_AEDA0 (offset: 0x10478C0)
09-18 07:27:16.937 16985 17018 D BKA_OTR : Bypassing virtual/BSS segment modelRender (offset: 0x1047910)
09-18 07:27:16.937 16985 17018 D BKA_OTR : Bypassing virtual/BSS segment code_B3A80 (offset: 0x1047920)
09-18 07:27:16.937 16985 17018 D BKA_OTR : Bypassing virtual/BSS segment string (offset: 0x1047930)
09-18 07:27:16.938 16985 17018 D BKA_OTR : Bypassing virtual/BSS segment ch/clankerwhipcrack (offset: 0x1047EC0)
09-18 07:27:16.938 16985 17018 D BKA_OTR : Bypassing virtual/BSS segment ch/clucker (offset: 0x1047F30)
09-18 07:27:16.938 16985 17018 D BKA_OTR : Bypassing virtual/BSS segment code_D0CA0 (offset: 0x1047FD0)
09-18 07:27:16.938 16985 17018 D BKA_OTR : Bypassing virtual/BSS segment code_D2180 (offset: 0x1048050)
09-18 07:27:16.938 16985 17018 D BKA_OTR : Bypassing virtual/BSS segment ch/termite (offset: 0x1048280)
09-18 07:27:16.938 16985 17018 D BKA_OTR : Bypassing virtual/BSS segment ch/bat (offset: 0x10483C0)
09-18 07:27:16.938 16985 17018 D BKA_OTR : Bypassing virtual/BSS segment code_DA760 (offset: 0x1048460)
09-18 07:27:16.938 16985 17018 D BKA_OTR : Bypassing virtual/BSS segment code_DB010 (offset: 0x1048480)
09-18 07:27:16.938 16985 17018 D BKA_OTR : Bypassing virtual/BSS segment code_9BD0 (offset: 0x1048560)
09-18 07:27:16.938 16985 17018 D BKA_OTR : Bypassing virtual/BSS segment playerposition (offset: 0x1048560)
09-18 07:27:16.938 16985 17018 D BKA_OTR : Bypassing virtual/BSS segment bastick (offset: 0x1048560)
09-18 07:27:16.938 16985 17018 D BKA_OTR : Bypassing virtual/BSS segment batimer (offset: 0x1048560)
09-18 07:27:16.938 16985 17018 D BKA_OTR : Bypassing virtual/BSS segment bs/beeFly (offset: 0x1048560)
09-18 07:27:16.938 16985 17018 D BKA_OTR : Bypassing virtual/BSS segment bs/climb (offset: 0x1048560)
09-18 07:27:16.938 16985 17018 D BKA_OTR : Bypassing virtual/BSS segment bs/die (offset: 0x1048560)
09-18 07:27:16.938 16985 17018 D BKA_OTR : Bypassing virtual/BSS segment bs/splat (offset: 0x1048560)
09-18 07:27:16.938 16985 17018 D BKA_OTR : Bypassing virtual/BSS segment bs/stand (offset: 0x1048560)
09-18 07:27:16.938 16985 17018 D BKA_OTR : Bypassing virtual/BSS segment bs/swim (offset: 0x1048560)
09-18 07:27:16.938 16985 17018 D BKA_OTR : Bypassing virtual/BSS segment bs/walrus (offset: 0x1048560)
09-18 07:27:16.939 16985 17018 D BKA_OTR : Bypassing virtual/BSS segment gsworld (offset: 0x1048560)
09-18 07:27:16.939 16985 17018 D BKA_OTR : Bypassing virtual/BSS segment code_AE290 (offset: 0x1048560)
09-18 07:27:16.939 16985 17018 D BKA_OTR : Bypassing virtual/BSS segment code_B5E00 (offset: 0x1048560)
09-18 07:27:16.939 16985 17018 D BKA_OTR : Bypassing virtual/BSS segment time (offset: 0x1048560)
09-18 07:27:16.939 16985 17018 D BKA_OTR : Bypassing virtual/BSS segment code_BDCC0 (offset: 0x1048560)
09-18 07:27:16.939 16985 17018 D BKA_OTR : Bypassing virtual/BSS segment code_C2F30 (offset: 0x1048560)
09-18 07:27:16.939 16985 17018 D BKA_OTR : Bypassing virtual/BSS segment code_C9F00 (offset: 0x1048560)
09-18 07:27:16.939 16985 17018 D BKA_OTR : Bypassing virtual/BSS segment commonParticleTypeMap (offset: 0x1048560)
09-18 07:27:16.939 16985 17018 D BKA_OTR : Bypassing virtual/BSS segment code_CD0A0 (offset: 0x1048560)
09-18 07:27:16.939 16985 17018 D BKA_OTR : Bypassing virtual/BSS segment code_0 (offset: 0x1048560)
09-18 07:27:16.939 16985 17018 D BKA_OTR : Bypassing virtual/BSS segment code_530 (offset: 0x1048A90)
09-18 07:27:16.939 16985 17018 D BKA_OTR : Bypassing virtual/BSS segment code_1B90 (offset: 0x104A0F0)
09-18 07:27:16.939 16985 17018 D BKA_OTR : Bypassing virtual/BSS segment ch/sawblade (offset: 0x104B690)
09-18 07:27:16.939 16985 17018 D BKA_OTR : Bypassing virtual/BSS segment code_3400 (offset: 0x104B960)
09-18 07:27:16.939 16985 17018 D BKA_OTR : Bypassing virtual/BSS segment code_BF0 (offset: 0x104BC70)
09-18 07:27:16.939 16985 17018 D BKA_OTR : Bypassing virtual/BSS segment code_1F70 (offset: 0x104BD70)
09-18 07:27:16.939 16985 17018 D BKA_OTR : Bypassing virtual/BSS segment code_0 (offset: 0x104C020)
09-18 07:27:16.939 16985 17018 D BKA_OTR : Bypassing virtual/BSS segment bss_pad (offset: 0x104C0E0)
09-18 07:27:16.940 16985 17018 D BKA_OTR : Bypassing virtual/BSS segment ch/ancientone (offset: 0x104C310)
09-18 07:27:16.940 16985 17018 D BKA_OTR : Bypassing virtual/BSS segment ch/gobi2 (offset: 0x104D650)
09-18 07:27:16.940 16985 17018 D BKA_OTR : Bypassing virtual/BSS segment ch/gobi3 (offset: 0x104DF60)
09-18 07:27:16.940 16985 17018 D BKA_OTR : Bypassing virtual/BSS segment ch/gobirock (offset: 0x104E810)
09-18 07:27:16.940 16985 17018 D BKA_OTR : Bypassing virtual/BSS segment ch/sarcophagus (offset: 0x104F1A0)
09-18 07:27:16.940 16985 17018 D BKA_OTR : Bypassing virtual/BSS segment code_3630 (offset: 0x104F710)
09-18 07:27:16.940 16985 17018 D BKA_OTR : Bypassing virtual/BSS segment code_43B0 (offset: 0x1050490)
09-18 07:27:16.940 16985 17018 D BKA_OTR : Bypassing virtual/BSS segment code_9C10 (offset: 0x1055CF0)
09-18 07:27:16.940 16985 17018 D BKA_OTR : Bypassing virtual/BSS segment ch/ancientone (offset: 0x1056910)
09-18 07:27:16.940 16985 17018 D BKA_OTR : Bypassing virtual/BSS segment ch/gobirock (offset: 0x1056A50)
09-18 07:27:16.940 16985 17018 D BKA_OTR : Bypassing virtual/BSS segment ch/sarcophagus (offset: 0x1056AF0)
09-18 07:27:16.940 16985 17018 D BKA_OTR : Bypassing virtual/BSS segment code_43B0 (offset: 0x1056CF0)
09-18 07:27:16.940 16985 17018 D BKA_OTR : Bypassing virtual/BSS segment code_61E0 (offset: 0x1056E80)
09-18 07:27:16.940 16985 17018 D BKA_OTR : Bypassing virtual/BSS segment ch/histup (offset: 0x1056FD0)
09-18 07:27:16.940 16985 17018 D BKA_OTR : Bypassing virtual/BSS segment code_7DB0 (offset: 0x1057030)
09-18 07:27:16.940 16985 17018 D BKA_OTR : Bypassing virtual/BSS segment code_43B0 (offset: 0x10574B0)
09-18 07:27:16.940 16985 17018 D BKA_OTR : Bypassing virtual/BSS segment code_7060 (offset: 0x10575E0)
09-18 07:27:16.940 16985 17018 D BKA_OTR : Bypassing virtual/BSS segment ch/mazectrl (offset: 0x1057690)
09-18 07:27:16.940 16985 17018 D BKA_OTR : Bypassing virtual/BSS segment waterctrl (offset: 0x1057700)
09-18 07:27:16.940 16985 17018 D BKA_OTR : Bypassing virtual/BSS segment code_6F80 (offset: 0x1057710)
09-18 07:27:16.940 16985 17018 D BKA_OTR : Bypassing virtual/BSS segment code_7D50 (offset: 0x1057710)
09-18 07:27:16.940 16985 17018 D BKA_OTR : Bypassing virtual/BSS segment code_7FF0 (offset: 0x1057710)
09-18 07:27:16.940 16985 17018 D BKA_OTR : Bypassing virtual/BSS segment code_9C10 (offset: 0x1057710)
09-18 07:27:16.940 16985 17018 D BKA_OTR : Bypassing virtual/BSS segment matchinggame (offset: 0x1057710)
09-18 07:27:16.940 16985 17018 D BKA_OTR : Bypassing virtual/BSS segment waterctrl (offset: 0x1057710)
09-18 07:27:16.940 16985 17018 D BKA_OTR : Bypassing virtual/BSS segment MMM (offset: 0x1057710)
09-18 07:27:16.940 16985 17018 D BKA_OTR : Bypassing virtual/BSS segment ch/loggo (offset: 0x1057710)
09-18 07:27:16.940 16985 17018 D BKA_OTR : Bypassing virtual/BSS segment ch/napper (offset: 0x1057C80)
09-18 07:27:16.940 16985 17018 D BKA_OTR : Bypassing virtual/BSS segment code_DC0 (offset: 0x10584D0)
09-18 07:27:16.940 16985 17018 D BKA_OTR : Bypassing virtual/BSS segment ch/motzhand (offset: 0x1058730)
09-18 07:27:16.940 16985 17018 D BKA_OTR : Bypassing virtual/BSS segment code_16B0 (offset: 0x1058DC0)
09-18 07:27:16.949 15273 15284 I FontLog : (REDACTED) Received query %s, URI %s
09-18 07:27:16.949 15273 15284 I FontLog : (REDACTED) Query [%s] resolved to %s
09-18 07:27:16.950 16119 16125 W ocess.gservices: userfaultfd: MOVE ioctl seems unsupported: Connection timed out
09-18 07:27:16.953 15273 15284 I FontLog : (REDACTED) Fetch %s end status %s
09-18 07:27:16.960 15273 15315 I FontLog : (REDACTED) Pulling font file for id = %d, cache size = %d
09-18 07:27:16.976 15273 15284 I FontLog : (REDACTED) Pulling font file for id = %d, cache size = %d
09-18 07:27:16.984 24828 24852 I OpenGLRenderer: setGrContext validptr-->nullptr
09-18 07:27:16.993 16685 16820 E PlayCommon: [603] Failed to restore PlayMetalog
09-18 07:27:16.994 16685 16820 E PlayCommon: [603] Failed to restore LogsUploadAttempt
09-18 07:27:17.033 10964 10964 W Finsky  : [2] STU: Failed to get storage stats for package 'com.android.virt' (1601: Error getting stats: android.content.pm.PackageManager.NameNotFoundException)
09-18 07:27:17.076  2598  2709 D Surface : Surface::disconnect
09-18 07:27:17.076  2598  2709 D BufferQueueProducer: [VRI[bkawrapper]#1678(BLAST Consumer)1678](id:a260000068e,api:1,p:2598,c:2598) disconnect: api 1
09-18 07:27:17.082  2598  2685 W WindowOnBackDispatcher: sendCancelIfRunning: isInProgress=falsecallback=android.view.ViewRootImpl$$ExternalSyntheticLambda17@61f7743
09-18 07:27:17.085  2153  5216 W InputManager-JNI: Input channel object '77089c0 Splash Screen com.bkawrapper (client)' was disposed without first being removed with the input manager!
09-18 07:27:17.088  2153  3233 D CoreBackPreview: Window{77089c0 u0 Splash Screen com.bkawrapper EXITING}: Setting back callback null
09-18 07:27:17.090 16985 16990 I com.bkawrapper: Compiler allocated 4496KB to compile void android.view.ViewRootImpl.performTraversals()
09-18 07:27:17.425  4136  4136 W TooltipLifecycleManager: TooltipLifecycleManager.dismissTooltips():152 Tooltip with id undo_access_point_promotion_banner not found in tooltipManager.
09-18 07:27:17.427  4136  4179 D Surface : Surface::disconnect
09-18 07:27:17.427  4136  4179 D BufferQueueProducer: [VRI[InputMethod]#747(BLAST Consumer)747](id:1028000002eb,api:1,p:4136,c:4136) disconnect: api 1
09-18 07:27:17.439 10964 10964 W Finsky  : [2] STU: Failed to get storage stats for package 'com.google.android.resolv' (1601: Error getting stats: android.content.pm.PackageManager.NameNotFoundException)
09-18 07:27:17.630  1103  1167 E ANDR-PERF-UTIL: ANDR-PERF-UTIL: change_node_val() 319: Failed to update node /proc/sys/walt/sched_per_task_boost with value 65535 0
09-18 07:27:17.630  1103  1167 E ANDR-PERF-OPTSHANDLER: ANDR-PERF-OPTSHANDLER: sched_reset_task_boost() 3468: can't reset task 4294967295
09-18 07:27:17.630  1103  1167 E ANDR-PERF-RESOURCEQS: ANDR-PERF-RESOURCEQS: RemoveAndApply() 292: Failed to reset optimization here [3, 32]
09-18 07:27:17.767  2153  2396 D ActivityManager: freezing 16307 com.google.android.adservices.api, reason = oom_cached
09-18 07:27:17.902 16985 17018 I BKA_OTR : write_rom_base: wrote 16777216 bytes -> /data/user/0/com.bkawrapper/files/rom_base.bin
09-18 07:27:17.904 16685 17030 D SharedPreferencesImpl: Time required to fsync /data/user/0/com.android.vending/shared_prefs/event_generator_6.xml: [<1: 0, <2: 0, <4: 0, <8: 0, <16: 0, <32: 0, <64: 0, <128: 0, <256: 0, <512: 0, <1024: 1, <2048: 0, <4096: 0, <8192: 0, <16384: 0, >=16384: 0]
09-18 07:27:17.908  2760  3133 D ApfFilter: (wlan0): Adding RA fe80::ea2c:6dff:fec8:6a83 -> ff02::1 300s 
09-18 07:27:17.906  2760  2760 W IpClient.wlan0: type=1400 audit(0.0:101611): avc:  denied  { search } for  name="net" dev="sysfs" ino=29386 scontext=u:r:network_stack:s0 tcontext=u:object_r:sysfs_net:s0 tclass=dir permissive=0
09-18 07:27:17.925 10964 10964 W Finsky  : [2] STU: Failed to get storage stats for package 'com.google.android.configinfrastructure' (1601: Error getting stats: android.content.pm.PackageManager.NameNotFoundException)
09-18 07:27:17.926 10964 10964 W Finsky  : [2] STU: Failed to get storage stats for package 'com.google.android.media' (1601: Error getting stats: android.content.pm.PackageManager.NameNotFoundException)
09-18 07:27:17.935  2760  3133 E ProcfsParsingUtils: failed to read /sys/class/net/wlan0/mtu
09-18 07:27:17.935  2760  3133 E ProcfsParsingUtils: java.nio.file.AccessDeniedException: /sys/class/net/wlan0/mtu
09-18 07:27:17.935  2760  3133 E ProcfsParsingUtils: 	at sun.nio.fs.UnixFileSystemProvider.newByteChannel(UnixFileSystemProvider.java:220)
09-18 07:27:17.935  2760  3133 E ProcfsParsingUtils: 	at java.nio.file.Files.newByteChannel(Files.java:371)
09-18 07:27:17.935  2760  3133 E ProcfsParsingUtils: 	at java.nio.file.Files.newByteChannel(Files.java:422)
09-18 07:27:17.935  2760  3133 E ProcfsParsingUtils: 	at java.nio.file.spi.FileSystemProvider.newInputStream(FileSystemProvider.java:420)
09-18 07:27:17.935  2760  3133 E ProcfsParsingUtils: 	at java.nio.file.Files.newInputStream(Files.java:156)
09-18 07:27:17.935  2760  3133 E ProcfsParsingUtils: 	at java.nio.file.Files.newBufferedReader(Files.java:2844)
09-18 07:27:17.935  2760  3133 E ProcfsParsingUtils: 	at com.android.networkstack.com.android.net.module.util.ProcfsParsingUtils.readFile(ProcfsParsingUtils.java:75)
09-18 07:27:17.935  2760  3133 E ProcfsParsingUtils: 	at com.android.networkstack.com.android.net.module.util.ProcfsParsingUtils.getInterfaceMtu(ProcfsParsingUtils.java:350)
09-18 07:27:17.935  2760  3133 E ProcfsParsingUtils: 	at com.android.networkstack.android.net.apf.ApfFilter$Dependencies.getInterfaceMtu(ApfFilter.java:823)
09-18 07:27:17.935  2760  3133 E ProcfsParsingUtils: 	at com.android.networkstack.android.net.apf.ApfFilter.installNewProgram(ApfFilter.java:4004)
09-18 07:27:17.935  2760  3133 E ProcfsParsingUtils: 	at com.android.networkstack.android.net.apf.ApfFilter.processRa(ApfFilter.java:4215)
09-18 07:27:17.935  2760  3133 E ProcfsParsingUtils: 	at com.android.networkstack.android.net.apf.ApfFilter$RaPacketReader.handlePacket(ApfFilter.java:374)
09-18 07:27:17.935  2760  3133 E ProcfsParsingUtils: 	at com.android.networkstack.android.net.apf.ApfFilter$RaPacketReader.handlePacket(ApfFilter.java:358)
09-18 07:27:17.935  2760  3133 E ProcfsParsingUtils: 	at com.android.networkstack.com.android.net.module.util.FdEventsReader.handleInput(FdEventsReader.java:277)
09-18 07:27:17.935  2760  3133 E ProcfsParsingUtils: 	at com.android.networkstack.com.android.net.module.util.FdEventsReader.lambda$createAndRegisterFd$0(FdEventsReader.java:233)
09-18 07:27:17.935  2760  3133 E ProcfsParsingUtils: 	at com.android.networkstack.com.android.net.module.util.FdEventsReader.$r8$lambda$jjSC4hVD2AlVH3T-DbWnF2T3fK8(FdEventsReader.java:0)
09-18 07:27:17.935  2760  3133 E ProcfsParsingUtils: 	at com.android.networkstack.com.android.net.module.util.FdEventsReader$$ExternalSyntheticLambda0.onFileDescriptorEvents(R8$$SyntheticClass:0)
09-18 07:27:17.935  2760  3133 E ProcfsParsingUtils: 	at android.os.MessageQueue.dispatchEvents(MessageQueue.java:300)
09-18 07:27:17.935  2760  3133 E ProcfsParsingUtils: 	at android.os.MessageQueue.nativePollOnce(Native Method)
09-18 07:27:17.935  2760  3133 E ProcfsParsingUtils: 	at android.os.MessageQueue.next(MessageQueue.java:342)
09-18 07:27:17.935  2760  3133 E ProcfsParsingUtils: 	at android.os.Looper.loopOnce(Looper.java:183)
09-18 07:27:17.935  2760  3133 E ProcfsParsingUtils: 	at android.os.Looper.loop(Looper.java:362)
09-18 07:27:17.935  2760  3133 E ProcfsParsingUtils: 	at android.os.HandlerThread.run(HandlerThread.java:85)
09-18 07:27:17.952 16985 16985 I NativeBridge: NativeBridge: ANativeWindow successfully bound to native engine context.
09-18 07:27:17.961 16985 17032 I BKA-GLRenderer: onSurfaceCreated: GL context ready
09-18 07:27:17.970 10964 10964 W Finsky  : [2] STU: Failed to get storage stats for package 'com.android.vndk.v31' (1601: Error getting stats: android.content.pm.PackageManager.NameNotFoundException)
09-18 07:27:17.975 10964 10964 W Finsky  : [2] STU: Failed to get storage stats for package 'com.android.vndk.v30' (1601: Error getting stats: android.content.pm.PackageManager.NameNotFoundException)
09-18 07:27:17.980 10964 10964 W Finsky  : [2] STU: Failed to get storage stats for package 'com.android.vndk.v33' (1601: Error getting stats: android.content.pm.PackageManager.NameNotFoundException)
09-18 07:27:17.980 10964 10964 W Finsky  : [2] STU: Failed to get storage stats for package 'com.android.vndk.v32' (1601: Error getting stats: android.content.pm.PackageManager.NameNotFoundException)
09-18 07:27:17.982 10964 10964 W Finsky  : [2] STU: Failed to get storage stats for package 'com.android.vndk.v34' (1601: Error getting stats: android.content.pm.PackageManager.NameNotFoundException)
09-18 07:27:17.986 16985 17032 I BKA-GLRenderer: onSurfaceChanged: 720×1449
09-18 07:27:17.987 16985 17032 I NativeBridge: NativeBridge: Host viewport surface layout geometry set to: 720x1449
09-18 07:27:17.987 16985 17032 I BKA-GLRenderer: Game thread starting — assetDir=/data/user/0/com.bkawrapper/files
09-18 07:27:17.987 16985 17032 I BKA-GLRenderer: onDrawFrame #1 surfaceReady=true
09-18 07:27:17.987 16985 17032 E BKA-UPD : updateTexture #1 rdr=0x0 regBase=0x0 ready=0 texId=1
09-18 07:27:17.987 16985 17033 I BKA-GLRenderer: Game thread dispatch — assetDir=/data/user/0/com.bkawrapper/files
09-18 07:27:17.988 16985 17033 E BKA-BOOT: nativeGameBoot ENTER
09-18 07:27:17.988  2153  2490 D WifiVendorHal: installPacketFilter filter length 504
09-18 07:27:17.988 16985 17033 I NativeBridge: NativeBridge: nativeGameBoot sequence triggered.
09-18 07:27:17.988 16985 17033 I NativeBridge: NativeBridge: Bound AAssetManager to handle directly pre-embedded configuration files.
09-18 07:27:17.988 16985 17033 I NativeBridge: NativeBridge: Base tracking path resolved cleanly to: /data/user/0/com.bkawrapper/files
09-18 07:27:17.988 16985 17033 I NativeBridge: NativeBridge: Allocating background worker thread contexts...
09-18 07:27:17.988 16985 17033 I NativeBridge: NativeBridge: Engine thread spawned and bound to waiting sequence state.
09-18 07:27:17.988 16985 17033 E BKA-BOOT: nativeGameBoot RETURN
09-18 07:27:17.988 16985 17033 I BKA-GLRenderer: nativeGameBoot returned
09-18 07:27:17.990 16985 17034 I NativeBridge: NativeBridge: Game thread execution loop initialized.
09-18 07:27:17.991 16985 17034 I NativeBridge: NativeBridge: Game thread securely attached to JVM environment.
09-18 07:27:17.991 16985 17034 I NativeBridge: NativeBridge: Executing ResourceMgr_Init sequence components on background thread...
09-18 07:27:17.991 16985 17034 I NativeBridge: ResourceMgr: Activated in Absolute Self-Building Mode at location /data/user/0/com.bkawrapper/files/
09-18 07:27:17.994 16985 17032 I BKA-GLRenderer: onDrawFrame #1 END err=0
09-18 07:27:18.014  2153  2490 D WifiClientModeImpl[101413:wlan0]:  ClientModeImpl$ConnectableState screen=on len=504
09-18 07:27:18.023 16985 17034 W NativeBridge: InitializeDecompressionBuffers: rom_base.bin is not a valid zlib stream! Proceeding anyway (may be raw data).
09-18 07:27:18.023 16985 17034 I NativeBridge: InitializeDecompressionBuffers: Successfully initialized buffers (inbuf=0x7969400bc0, D_80007284=0x796b65b9c0, D_80007290=0x7a0114f780, g_decomp_out_cap=16777216)
09-18 07:27:18.023 16985 17034 I NativeBridge: ResourceMgr: gN64_ROM_Base not yet allocated by InitN64Registers. Allocating fallback buffer of 16777216 bytes.
09-18 07:27:18.023 16985 17034 I NativeBridge: ResourceMgr: Streaming binary database targets into virtual memory locations...
09-18 07:27:18.036 16985 17034 I NativeBridge: ResourceMgr: Verification validation sequence populated 16777216 bytes into ROM base block.
09-18 07:27:18.039 16985 17034 I NativeBridge: ResourceMgr: Parsed 26 top-level segments from /data/user/0/com.bkawrapper/files/decompressed.us.v10.yaml (ROM size 16777216 bytes).
09-18 07:27:18.039 16985 17034 I BKA_STUBS: BKA-STUBS: Resource gate opened — engine boot unblocked.
09-18 07:27:18.039 16985 17034 I NativeBridge: NativeBridge: ResourceMgr structural mapping complete.
09-18 07:27:18.039 16985 17034 I NativeBridge: NativeBridge: Initializing N64 virtual architecture registers...
09-18 07:27:18.054 16985 17032 I BKA-GLRenderer: onDrawFrame #2 surfaceReady=true
09-18 07:27:18.054 16985 17032 E BKA-UPD : updateTexture #2 rdr=0x7965306000 regBase=0x7964306000 ready=0 texId=1
09-18 07:27:18.059 16985 17032 I BKA-GLRenderer: onDrawFrame #2 END err=0
09-18 07:27:18.096 16985 17034 I BKA_MEM : Heap region validated: RDRAM+0x2D500 (0x211120 bytes) for D_8002D500
09-18 07:27:18.096 16985 17034 I BKA_MEM : RDRAM allocated: 16781312 bytes (16MB usable + 4KB overflow guard)
09-18 07:27:18.103 16985 17034 I BKA_MEM : Memory Engine Stabilized: physical ROM mapped from /data/user/0/com.bkawrapper/files/rom_base.bin (16777216 bytes).
09-18 07:27:18.103 16985 17034 I NativeBridge: NativeBridge: Synchronizing resource gate states to release execution threads...
09-18 07:27:18.103 16985 17034 I BKA_STUBS: BKA-STUBS: Resource gate opened — engine boot unblocked.
09-18 07:27:18.103 16985 17034 I NativeBridge: NativeBridge: Invoking BKA_StartEngine runtime entry point.
09-18 07:27:18.103 16985 17034 I BKA_STUBS: BKA-STUBS: Waiting for resource gate before engine ignition...
09-18 07:27:18.103 16985 17034 I BKA_STUBS: BKA-STUBS: Resource gate passed.
09-18 07:27:18.103 16985 17034 I BKA_STUBS: BKA-STUBS: ROM verification successful. RDRAM=0x7965306000 ROM=0x7960306000
09-18 07:27:18.103 16985 17034 I BKA_STUBS: BKA-STUBS: Launching engine entry func_80000450.
09-18 07:27:18.103 16985 17034 I BKA_PI  : osPiRawStartDma: dir=0 devAddr=0x795A50C0 dramAddr=0x797a939f58 size=8
09-18 07:27:18.103 16985 17034 W NativeBridge: ResourceMgr_HandleDma: Unrecognized devAddr=0x795A50C0 dramAddr=0x797a939f58 size=8. Zeroing.
09-18 07:27:18.105 16985 17035 I BKA_STUBS: BKA-HLE: Native Thread ID 1 starting execution.
09-18 07:27:18.105 16985 17036 I BKA_STUBS: BKA-HLE: Native Thread ID 6 starting execution.
09-18 07:27:18.105 16985 17036 I BKA-CORE: mainThread_entry before core1_init
09-18 07:27:18.105 16985 17036 I BKA-CORE: core1_init: ucode_load
09-18 07:27:18.105 16985 17036 I BKA-CORE: core1_init: setBootMap
09-18 07:27:18.105 16985 17036 I BKA-CORE: core1_init: rarezip_init
09-18 07:27:18.105 16985 17036 I BKA-CORE: core1_init: viMgr_init
09-18 07:27:18.105 16985 17036 I BKA-CORE: core1_init: overlayManager_loadCore2
09-18 07:27:18.105 16985 17036 I BKA-CORE: core1_init: heap_init
09-18 07:27:18.105 16985 17036 I BKA-CORE: core1_init: core1_15B30_init
09-18 07:27:18.105 16985 17036 I BKA-RDP : osCreateMesgQueue: mq=0x797ab50c90 capacity=1
09-18 07:27:18.105 16985 17036 I BKA-RDP : osSendMesg: message 1 sent to mq=0x797ab50c90
09-18 07:27:18.105 16985 17036 I BKA-RDP : osCreateMesgQueue: mq=0x797ab51220 capacity=20
09-18 07:27:18.105 16985 17036 I BKA-RDP : osCreateMesgQueue: mq=0x797ab513b8 capacity=10
09-18 07:27:18.105 16985 17036 I BKA_STUBS: BKA-HLE: Bound hardware event 9 to queue
09-18 07:27:18.105 16985 17036 I BKA_STUBS: BKA-HLE: Bound hardware event 4 to queue
09-18 07:27:18.105 16985 17036 I BKA_STUBS: BKA-HLE: Bound hardware event 12 to queue
09-18 07:27:18.105 16985 17036 I BKA_STUBS: BKA-HLE: Bound hardware event 14 to queue
09-18 07:27:18.105 16985 17036 I BKA-CORE: core1_init: dummy_func_8025AFB0
09-18 07:27:18.105 16985 17036 I BKA-CORE: core1_init: allocUnusedBlock
09-18 07:27:18.106 16985 17036 I BKA-CORE: core1_init: assetCache_init
09-18 07:27:18.106 16985 17036 I BKA-PI  : ROM read @0x00005E90 size=8 first16: 00 00 15 C7 FF FF FF FF 00 00 00 00 00 00 00 00
09-18 07:27:18.106 16985 17036 I BKA-META: swapped count=0x000015C7 unk4=0xFFFFFFFF
09-18 07:27:18.107 16985 17036 I BKA-META: swapped meta[0] offset=0x00000000 comp=1 unk6=3
09-18 07:27:18.107 16985 17036 I BKA-META: swapped meta[1] offset=0x000000D8 comp=1 unk6=3
09-18 07:27:18.107 16985 17036 I BKA-META: swapped meta[2] offset=0x000006A0 comp=1 unk6=3
09-18 07:27:18.107 16985 17036 I BKA-CORE: core1_init: pfsManager_init
09-18 07:27:18.107 16985 17036 I BKA-CORE: core1_init: baMotor_init
09-18 07:27:18.107 16985 17036 I BKA-CORE: core1_init: audioManager_init
09-18 07:27:18.107 16985 17036 I BKA-CORE: core1_init: graphicsCache_init
09-18 07:27:18.107 16985 17036 I BKA-CORE: core1_init: ml_init
09-18 07:27:18.107 16985 17036 I BKA-CORE: core1_init: gctransition_reset
09-18 07:27:18.107 16985 17036 I BKA-CORE: core1_init: func_8023DA9C(3)
09-18 07:27:18.107 16985 17036 I BKA-CORE: core1_init: func_8023DA9C: core1_15B30_sendMesg3ToRenderThread
09-18 07:27:18.107 16985 17036 I BKA-RDP : osSendMesg: message 2 sent to mq=0x797ab51220
09-18 07:27:18.107 16985 17036 I BKA-RDP : osSendMesg: message 3 sent to mq=0x797ab513b8
09-18 07:27:18.107 16985 17036 I BKA-CORE: core1_init: func_8023DA9C: viMgr_clearFramebuffers
09-18 07:27:18.107 16985 17036 I BKA-CORE: core1_init: func_8023DA9C: func_8023DA74
09-18 07:27:18.107 16985 17036 I BKA-CORE: core1_init: func_8023DA9C: func_802E4214
09-18 07:27:18.107 16985 17036 I BKA-CORE: func_802E4214: start
09-18 07:27:18.107 16985 17036 I BKA-CORE: func_802E4214: savedata_init
09-18 07:27:18.107 16985 17036 I BKA-CORE: func_802E4214: sns_save_and_update_global_data
09-18 07:27:18.107 16985 17036 I BKA-CORE: func_802E4214: func_8030D86C
09-18 07:27:18.107 16985 17036 I BKA-CORE: func_802E4214: coMusicPlayer_init
09-18 07:27:18.107 16985 17036 I BKA-CORE: func_802E4214: func_80322764
09-18 07:27:18.107 16985 17036 I BKA-CORE: func_802E4214: timedFuncQueue_init
09-18 07:27:18.107 16985 17036 I BKA-CORE: func_802E4214: func_802F9CD8
09-18 07:27:18.107 16985 17036 I BKA-CORE: func_802E4214: func_8031B62C
09-18 07:27:18.107 16985 17036 I BKA-CORE: func_802E4214: print_init
09-18 07:27:18.107 16985 17036 I BKA-CORE: func_802E4214: func_802E5F38
09-18 07:27:18.107 16985 17036 I BKA-CORE: func_802E4214: defragManager_init
09-18 07:27:18.107 16985 17036 I BKA-CORE: func_802E4214: modelRender_init
09-18 07:27:18.107 16985 17036 I BKA-CORE: func_802E4214: depthbuffer_enable
09-18 07:27:18.107 16985 17036 I BKA-CORE: func_802E4214: animCache_init
09-18 07:27:18.107 16985 17036 I BKA-CORE: func_802E4214: viewport_reset
09-18 07:27:18.107 16985 17036 I BKA-CORE: func_802E4214: viewport_setNearAndFar
09-18 07:27:18.107 16985 17036 I BKA-CORE: func_802E4214: rand_reset
09-18 07:27:18.107 16985 17036 I BKA-CORE: func_802E4214: scissorBox_setDefault
09-18 07:27:18.107 16985 17036 I BKA-CORE: func_802E4214: func_80253FE8
09-18 07:27:18.107 16985 17036 I BKA-CORE: func_802E4214: time_reset
09-18 07:27:18.107 16985 17036 I BKA-CORE: func_802E4214: func_8033DC04
09-18 07:27:18.107 16985 17036 I BKA-CORE: func_802E4214: clearScoreStates
09-18 07:27:18.107 16985 17036 I BKA-CORE: func_802E4214: func_803216D0(map_id)
09-18 07:27:18.108 16985 17036 I BKA-CORE: func_802E4214: func_8030AFA0(map_id)
09-18 07:27:18.109 16985 17036 I BKA-CORE: func_802E4214: func_802E3854
09-18 07:27:18.109 16985 17036 I BKA-CORE: func_802E4214: func_802E38E8
09-18 07:27:18.109 16985 17036 I BKA-CORE: func_802E4214: func_802E38E8: start
09-18 07:27:18.109 16985 17036 I BKA-CORE: func_802E4214: func_802E38E8: func_8030AFD8(1) (else)
09-18 07:27:18.109 16985 17036 I BKA-CORE: func_802E4214: func_802E38E8: func_8030AFA0(map) (else)
09-18 07:27:18.109 16985 17036 I BKA-CORE: func_802E4214: func_802E38E8: func_802FA508
09-18 07:27:18.109 16985 17036 I BKA-CORE: func_802E4214: func_802E38E8: gsworld_set
09-18 07:27:18.109 16985 17036 I BKA-CORE: gsworld_set: start
09-18 07:27:18.109 16985 17036 I BKA-CORE: gsworld_set: leveloverlay_init
09-18 07:27:18.109 16985 17036 I BKA-CORE: gsworld_set: func_802D2CB8
09-18 07:27:18.109 16985 17036 I BKA-CORE: gsworld_set: core1_7090_alloc
09-18 07:27:18.109 16985 17036 I BKA-CORE: gsworld_set: musicTrack_load
09-18 07:27:18.109 16985 17036 I BKA-CORE: gsworld_set: func_80320B84
09-18 07:27:18.109 16985 17036 I BKA-CORE: gsworld_set: AnimTextureListCache_init
09-18 07:27:18.109 16985 17036 I BKA-CORE: gsworld_set: func_8034C97C
09-18 07:27:18.110 16985 17036 I BKA-CORE: gsworld_set: func_8030A078
09-18 07:27:18.110 16985 17036 I BKA_GFX : func_8030A078 ENTER
09-18 07:27:18.110 16985 17036 I BKA_GFX : func_8030A078: map=1 opa_model_id=0x14cf xlu_model_id=0x14d0
09-18 07:27:18.110 16985 17036 I BKA-CORE: assetcache_get: START assetId=5327
09-18 07:27:18.110 16985 17036 I BKA-CORE: assetcache_get: comp_size=202144
09-18 07:27:18.110 16985 17036 I BKA-CORE: assetcache_get: COMPRESSED assetId=5327, reading header
09-18 07:27:18.110 16985 17036 I BKA-PI  : ROM read @0x008B8AB0 size=16 first16: 11 72 00 05 E6 14 8C FD 0B 40 13 67 BA 3F 8E 4F
09-18 07:27:18.110 16985 17036 I BKA-CORE: assetcache_get: uncomp_size=386592
09-18 07:27:18.110 16985 17036 I BKA-CORE: assetcache_get: single alloc uncomp=0x796c679380 comp=0x796c6d79a0
09-18 07:27:18.110 16985 17036 I BKA-CORE: assetcache_get: before piMgr_read assetId=5327
09-18 07:27:18.110 16985 17036 I BKA-CORE: assetcache_get: after piMgr_read assetId=5327
09-18 07:27:18.110 16985 17036 I BKA-CORE: assetcache_get: before bk_inflate assetId=5327
09-18 07:27:18.118 16985 17036 I BKA-CORE: assetcache_get: after bk_inflate assetId=5327
09-18 07:27:18.118 16985 17036 I BKA-CORE: assetcache_get: COMPLETE assetId=5327
09-18 07:27:18.119 16985 17036 I BKA_GFX : func_8030A078: model_bin_opa=0x796c679380 collision_opa=0x796c6c33e8
09-18 07:27:18.119 16985 17036 I BKA-CORE: assetcache_get: START assetId=5328
09-18 07:27:18.119 16985 17036 I BKA-CORE: assetcache_get: comp_size=28152
09-18 07:27:18.119 16985 17036 I BKA-CORE: assetcache_get: COMPRESSED assetId=5328, reading header
09-18 07:27:18.119 16985 17036 I BKA-PI  : ROM read @0x008EA050 size=16 first16: 11 72 00 00 D6 14 CD 7D 0B 40 93 E5 FE FF FB BE
09-18 07:27:18.119 16985 17036 I BKA-CORE: assetcache_get: uncomp_size=54816
09-18 07:27:18.119 16985 17036 I BKA-CORE: assetcache_get: single alloc uncomp=0x7a010f9200 comp=0x7a01106820
09-18 07:27:18.119 16985 17036 I BKA-CORE: assetcache_get: before piMgr_read assetId=5328
09-18 07:27:18.119 16985 17036 I BKA-CORE: assetcache_get: after piMgr_read assetId=5328
09-18 07:27:18.119 16985 17036 I BKA-CORE: assetcache_get: before bk_inflate assetId=5328
09-18 07:27:18.120 16985 17036 I BKA-CORE: assetcache_get: after bk_inflate assetId=5328
09-18 07:27:18.120 16985 17036 I BKA-CORE: assetcache_get: COMPLETE assetId=5328
09-18 07:27:18.120 16985 17036 I BKA_GFX : modelbin_getMeshList: this=0x796c679380 mesh_list_offset=0xf0b40500 vtx_list_offset=0xd0820300
09-18 07:27:18.120 16985 17036 I BKA_GFX : modelbin_getMeshList: this=0x796c679380 mesh_list_offset=0xf0b40500 vtx_list_offset=0xd0820300
09-18 07:27:18.120 16985 17036 I BKA_GFX : func_8030A078: sp24=0x796c6d4870 vtxList=0x796c6b1650
09-18 07:27:18.120 16985 17036 I BKA-MESH: meshList_createModel: this=0x796c6d4870 bk_vtx_list=0x796c6b1650 this->count=512 vtxCount=72
09-18 07:27:18.120 16985 17036 I BKA-MESH: mesh raw bytes: 00 02 00 C8 00 40 0D CB
09-18 07:27:18.120 16985 17032 I BKA-GLRenderer: onDrawFrame #3 surfaceReady=true
09-18 07:27:18.120 16985 17032 E BKA-UPD : updateTexture #3 rdr=0x7965306000 regBase=0x7964306000 ready=1 texId=1
09-18 07:27:18.121 16985 17032 E BKA-UPD : past-ready #1
09-18 07:27:18.121 16985 17036 I BKA-MESH: meshList_createModel loop 0: in_mesh=0x796c6d4872 uid=-14336 vtx_count=16384 out_mesh=0x7a08edfa10
09-18 07:27:18.121 16985 17036 I BKA-MESH: meshList_createModel loop 1: in_mesh=0x796c6d48f6 uid=-14080 vtx_count=2048 out_mesh=0x7a08ee0014
09-18 07:27:18.121 16985 17036 I BKA_GFX : func_8030A078: model_opa created=0x7a08edfa00
09-18 07:27:18.121 16985 17036 I BKA_GFX : func_8030A078: before func_8034C6DC
09-18 07:27:18.121 16985 17036 I BKA_GFX : func_8030A078: after func_8034C6DC
09-18 07:27:18.121 16985 17036 I BKA_GFX : func_8030A078: continuing past previous early return
09-18 07:27:18.121 16985 17036 I BKA_GFX : func_8030A078: model_bin_xlu=0x7a010f9200
09-18 07:27:18.121 16985 17036 I BKA_GFX : modelbin_getMeshList: this=0x7a010f9200 mesh_list_offset=0xf0cc0000 vtx_list_offset=0x38940000
09-18 07:27:18.121 16985 17036 I BKA_GFX : modelbin_getMeshList: this=0x7a010f9200 mesh_list_offset=0xf0cc0000 vtx_list_offset=0x38940000
09-18 07:27:18.121 16985 17036 I BKA-MESH: meshList_createModel: this=0x7a01105ef0 bk_vtx_list=0x7a01102638 this->count=1792 vtxCount=390
09-18 07:27:18.121 16985 17036 I BKA-MESH: mesh raw bytes: 00 07 00 73 00 65 01 D4
09-18 07:27:18.121 16985 17036 I BKA-MESH: meshList_createModel loop 0: in_mesh=0x7a01105ef2 uid=29440 vtx_count=25856 out_mesh=0x7a01033810
09-18 07:27:18.121 16985 17036 I BKA-MESH: meshList_createModel loop 1: in_mesh=0x7a01105fc0 uid=30720 vtx_count=26368 out_mesh=0x7a0103418c
09-18 07:27:18.121 16985 17036 I BKA-MESH: meshList_createModel loop 2: in_mesh=0x7a01106092 uid=-30976 vtx_count=13568 out_mesh=0x7a01034b38
09-18 07:27:18.121 16985 17036 I BKA-MESH: meshList_createModel loop 3: in_mesh=0x7a01106100 uid=11265 vtx_count=25856 out_mesh=0x7a01035034
09-18 07:27:18.121 16985 17036 I BKA-MESH: meshList_createModel loop 4: in_mesh=0x7a011061ce uid=-3839 vtx_count=1024 out_mesh=0x7a010359b0
09-18 07:27:18.121 16985 17036 I BKA-MESH: meshList_createModel loop 5: in_mesh=0x7a011061da uid=-3583 vtx_count=4096 out_mesh=0x7a01035a14
09-18 07:27:18.121 16985 17036 I BKA-MESH: meshList_createModel loop 6: in_mesh=0x7a011061fe uid=-3327 vtx_count=3072 out_mesh=0x7a01035b98
09-18 07:27:18.121 16985 17036 I BKA-CORE: gsworld_set: func_8031B718
09-18 07:27:18.121 16985 17036 I BKA-CORE: gsworld_set: playerModel_set
09-18 07:27:18.121 16985 17036 I BKA-CORE: gsworld_set: itemPrint_init
09-18 07:27:18.121 16985 17036 I BKA-CORE: gsworld_set: dialogBin_initialize
09-18 07:27:18.121 16985 17036 I BKA-CORE: gsworld_set: spawnQueue_malloc
09-18 07:27:18.121 16985 17036 I BKA-CORE: gsworld_set: func_803329AC
09-18 07:27:18.121 16985 17032 E BKA-UPD : COPYCHECK #1 activeFb=0 src_fb=0x79795c8a38 nz_first1000=0
09-18 07:27:18.121 16985 17032 E BKA-UPD : eglSwapInterval set to 1
09-18 07:27:18.121 16985 17032 I BKA_MEM : VideoPlugin: call=1 texId=1 rdr=0x7965306000 fb_ofs=00400000 w=292 h=216
09-18 07:27:18.122 16985 17032 E BKA-FB  : frame 1: nonZero=0 nonFFFF=1705 first16=0000 0000 0000 0000
09-18 07:27:18.122 16985 17036 I BKA-CORE: gsworld_set: func_80350BFC
09-18 07:27:18.122 16985 17036 I BKA-CORE: func_80350BFC: start
09-18 07:27:18.122 16985 17036 I BKA-CORE: func_80350BFC: calling func_803507CC
09-18 07:27:18.122 16985 17036 I BKA-CORE: func_80350BFC: func_803507CC returned 0x0
09-18 07:27:18.122 16985 17036 I BKA-CORE: func_80350BFC: complete
09-18 07:27:18.122 16985 17036 I BKA-CORE: gsworld_set: func_80323190
09-18 07:27:18.122 16985 17036 I BKA-CORE: gsworld_set: func_80332894
09-18 07:27:18.122 16985 17036 I BKA-CORE: gsworld_set: func_803305AC
09-18 07:27:18.122 16985 17036 I BKA-CORE: gsworld_set: func_8031F9E8
09-18 07:27:18.122 16985 17036 I BKA-CORE: gsworld_set: func_80323230
09-18 07:27:18.122 16985 17036 I BKA-CORE: gsworld_set: commonParticleType_init
09-18 07:27:18.122 16985 17036 I BKA-CORE: gsworld_set: animBinCache_init
09-18 07:27:18.122 16985 17036 I BKA-CORE: animBinCache: loadAll start
09-18 07:27:18.122 16985 17036 I BKA-CORE: animBinCache: loadAll before get i=1
09-18 07:27:18.122 16985 17036 I BKA-CORE: animBinCache: get start id=1
09-18 07:27:18.122 16985 17036 I BKA-CORE: animBinCache: get calling assetcache_get id=1
09-18 07:27:18.122 16985 17036 I BKA-CORE: assetcache_get: START assetId=1
09-18 07:27:18.122 16985 17036 I BKA-CORE: assetcache_get: comp_size=1480
09-18 07:27:18.122 16985 17036 I BKA-CORE: assetcache_get: COMPRESSED assetId=1, reading header
09-18 07:27:18.122 16985 17036 I BKA-PI  : ROM read @0x00010DA8 size=16 first16: 11 72 00 00 08 80 8D 55 5B 6C 15 55 14 DD 67 EE
09-18 07:27:18.122 16985 17036 I BKA-CORE: assetcache_get: uncomp_size=2176
09-18 07:27:18.122 16985 17036 I BKA-CORE: assetcache_get: single alloc uncomp=0x7a01054000 comp=0x7a01054880
09-18 07:27:18.122 16985 17036 I BKA-CORE: assetcache_get: before piMgr_read assetId=1
09-18 07:27:18.122 16985 17036 I BKA-CORE: assetcache_get: after piMgr_read assetId=1
09-18 07:27:18.122 16985 17036 I BKA-CORE: assetcache_get: before bk_inflate assetId=1
09-18 07:27:18.122 16985 17036 I BKA-CORE: assetcache_get: after bk_inflate assetId=1
09-18 07:27:18.122 16985 17036 I BKA-CORE: assetcache_get: COMPLETE assetId=1
09-18 07:27:18.122 16985 17036 I BKA-CORE: animBinCache: get assetcache_get returned id=1
09-18 07:27:18.122 16985 17036 I BKA-ANIMCACHE: loaded asset_id=1 ptr=0x7a00f6da00
09-18 07:27:18.122 16985 17036 I BKA-CORE: animBinCache: loadAll after get i=1
09-18 07:27:18.122 16985 17036 I BKA-CORE: animBinCache: loadAll before get i=3
09-18 07:27:18.122 16985 17036 I BKA-CORE: animBinCache: get start id=3
09-18 07:27:18.122 16985 17036 I BKA-CORE: animBinCache: get calling assetcache_get id=3
09-18 07:27:18.122 16985 17036 I BKA-CORE: assetcache_get: START assetId=3
09-18 07:27:18.122 16985 17036 I BKA-CORE: assetcache_get: comp_size=816
09-18 07:27:18.122 16985 17036 I BKA-CORE: assetcache_get: COMPRESSED assetId=3, reading header
09-18 07:27:18.123 16985 17036 I BKA-PI  : ROM read @0x000115E8 size=16 first16: 11 72 00 00 04 6C 4D 94 4F 68 14 67 18 C6 DF 6F
09-18 07:27:18.123 16985 17036 I BKA-CORE: assetcache_get: uncomp_size=1136
09-18 07:27:18.123 16985 17036 I BKA-CORE: assetcache_get: single alloc uncomp=0x7a00fc7800 comp=0x7a00fc7c70
09-18 07:27:18.123 16985 17036 I BKA-CORE: assetcache_get: before piMgr_read assetId=3
09-18 07:27:18.123 16985 17036 I BKA-CORE: assetcache_get: after piMgr_read assetId=3
09-18 07:27:18.123 16985 17036 I BKA-CORE: assetcache_get: before bk_inflate assetId=3
09-18 07:27:18.123 16985 17036 I BKA-CORE: assetcache_get: after bk_inflate assetId=3
09-18 07:27:18.123 16985 17036 I BKA-CORE: assetcache_get: COMPLETE assetId=3
09-18 07:27:18.123 16985 17036 I BKA-CORE: animBinCache: get assetcache_get returned id=3
09-18 07:27:18.123 16985 17036 I BKA-ANIMCACHE: loaded asset_id=3 ptr=0x7a0109d400
09-18 07:27:18.123 16985 17036 I BKA-CORE: animBinCache: loadAll after get i=3
09-18 07:27:18.123 16985 17036 I BKA-CORE: animBinCache: loadAll before get i=5
09-18 07:27:18.123 16985 17036 I BKA-CORE: animBinCache: get start id=5
09-18 07:27:18.123 16985 17036 I BKA-CORE: animBinCache: get calling assetcache_get id=5
09-18 07:27:18.123 16985 17036 I BKA-CORE: assetcache_get: START assetId=5
09-18 07:27:18.123 16985 17036 I BKA-CORE: assetcache_get: comp_size=4816
09-18 07:27:18.123 16985 17036 I BKA-CORE: assetcache_get: COMPRESSED assetId=5, reading header
09-18 07:27:18.123 16985 17036 I BKA-PI  : ROM read @0x00011918 size=16 first16: 11 72 00 00 17 DC 55 58 09 58 54 E7 D5 7E EF 0C
09-18 07:27:18.123 16985 17036 I BKA-CORE: assetcache_get: uncomp_size=6112
09-18 07:27:18.123 16985 17036 I BKA-CORE: assetcache_get: single alloc uncomp=0x7a01084000 comp=0x7a010857e0
09-18 07:27:18.123 16985 17036 I BKA-CORE: assetcache_get: before piMgr_read assetId=5
09-18 07:27:18.123 16985 17036 I BKA-CORE: assetcache_get: after piMgr_read assetId=5
09-18 07:27:18.123 16985 17036 I BKA-CORE: assetcache_get: before bk_inflate assetId=5
09-18 07:27:18.123 16985 17032 E BKA-FB  : conv frame 1: rgba[0..3] = 00 00 00 FF  00 00 00 FF
09-18 07:27:18.123 16985 17036 I BKA-CORE: assetcache_get: after bk_inflate assetId=5
09-18 07:27:18.123 16985 17036 I BKA-CORE: assetcache_get: COMPLETE assetId=5
09-18 07:27:18.123 16985 17036 I BKA-CORE: animBinCache: get assetcache_get returned id=5
09-18 07:27:18.123 16985 17036 I BKA-ANIMCACHE: loaded asset_id=5 ptr=0x7a0102a800
09-18 07:27:18.123 16985 17036 I BKA-CORE: animBinCache: loadAll after get i=5
09-18 07:27:18.123 16985 17036 I BKA-CORE: animBinCache: loadAll before get i=12
09-18 07:27:18.123 16985 17036 I BKA-CORE: animBinCache: get start id=12
09-18 07:27:18.123 16985 17036 I BKA-CORE: animBinCache: get calling assetcache_get id=12
09-18 07:27:18.123 16985 17036 I BKA-CORE: assetcache_get: START assetId=12
09-18 07:27:18.123 16985 17036 I BKA-CORE: assetcache_get: comp_size=696
09-18 07:27:18.123 16985 17036 I BKA-CORE: assetcache_get: COMPRESSED assetId=12, reading header
09-18 07:27:18.123 16985 17036 I BKA-PI  : ROM read @0x00014440 size=16 first16: 11 72 00 00 03 B4 65 53 3D 4C 53 51 14 3E F7 BD
09-18 07:27:18.123 16985 17036 I BKA-CORE: assetcache_get: uncomp_size=960
09-18 07:27:18.123 16985 17036 I BKA-CORE: assetcache_get: single alloc uncomp=0x7a08ee2400 comp=0x7a08ee27c0
09-18 07:27:18.123 16985 17036 I BKA-CORE: assetcache_get: before piMgr_read assetId=12
09-18 07:27:18.123 16985 17036 I BKA-CORE: assetcache_get: after piMgr_read assetId=12
09-18 07:27:18.123 16985 17036 I BKA-CORE: assetcache_get: before bk_inflate assetId=12
09-18 07:27:18.123 16985 17036 I BKA-CORE: assetcache_get: after bk_inflate assetId=12
09-18 07:27:18.123 16985 17036 I BKA-CORE: assetcache_get: COMPLETE assetId=12
09-18 07:27:18.123 16985 17036 I BKA-CORE: animBinCache: get assetcache_get returned id=12
09-18 07:27:18.123 16985 17036 I BKA-ANIMCACHE: loaded asset_id=12 ptr=0x7a01049800
09-18 07:27:18.123 16985 17036 I BKA-CORE: animBinCache: loadAll after get i=12
09-18 07:27:18.123 16985 17036 I BKA-CORE: animBinCache: loadAll before get i=14
09-18 07:27:18.123 16985 17036 I BKA-CORE: animBinCache: get start id=14
09-18 07:27:18.123 16985 17036 I BKA-CORE: animBinCache: get calling assetcache_get id=14
09-18 07:27:18.123 16985 17036 I BKA-CORE: assetcache_get: START assetId=14
09-18 07:27:18.123 16985 17036 I BKA-CORE: assetcache_get: comp_size=3224
09-18 07:27:18.123 16985 17036 I BKA-CORE: assetcache_get: COMPRESSED assetId=14, reading header
09-18 07:27:18.123 16985 17036 I BKA-PI  : ROM read @0x000146F8 size=16 first16: 11 72 00 00 11 30 55 57 69 70 14 65 1A EE AF EF
09-18 07:27:18.123 16985 17036 I BKA-CORE: assetcache_get: uncomp_size=4400
09-18 07:27:18.123 16985 17036 I BKA-CORE: assetcache_get: single alloc uncomp=0x7a0105d000 comp=0x7a0105e130
09-18 07:27:18.123 16985 17036 I BKA-CORE: assetcache_get: before piMgr_read assetId=14
09-18 07:27:18.123 16985 17036 I BKA-CORE: assetcache_get: after piMgr_read assetId=14
09-18 07:27:18.123 16985 17036 I BKA-CORE: assetcache_get: before bk_inflate assetId=14
09-18 07:27:18.123 16985 17036 I BKA-CORE: assetcache_get: after bk_inflate assetId=14
09-18 07:27:18.123 16985 17036 I BKA-CORE: assetcache_get: COMPLETE assetId=14
09-18 07:27:18.123 16985 17036 I BKA-CORE: animBinCache: get assetcache_get returned id=14
09-18 07:27:18.124 16985 17036 I BKA-ANIMCACHE: loaded asset_id=14 ptr=0x7a01077800
09-18 07:27:18.124 16985 17036 I BKA-CORE: animBinCache: loadAll after get i=14
09-18 07:27:18.124 16985 17036 I BKA-CORE: animBinCache: loadAll before get i=23
09-18 07:27:18.124 16985 17036 I BKA-CORE: animBinCache: get start id=23
09-18 07:27:18.124 16985 17036 I BKA-CORE: animBinCache: get calling assetcache_get id=23
09-18 07:27:18.124 16985 17036 I BKA-CORE: assetcache_get: START assetId=23
09-18 07:27:18.124 16985 17036 I BKA-CORE: assetcache_get: comp_size=704
09-18 07:27:18.124 16985 17036 I BKA-CORE: assetcache_get: COMPRESSED assetId=23, reading header
09-18 07:27:18.124 16985 17036 I BKA-PI  : ROM read @0x00016F50 size=16 first16: 11 72 00 00 03 DC 55 93 BB 4F 14 51 14 C6 CF 9D
09-18 07:27:18.124 16985 17036 I BKA-CORE: assetcache_get: uncomp_size=992
09-18 07:27:18.124 16985 17036 I BKA-CORE: assetcache_get: single alloc uncomp=0x7a08ee2400 comp=0x7a08ee27e0
09-18 07:27:18.124 16985 17036 I BKA-CORE: assetcache_get: before piMgr_read assetId=23
09-18 07:27:18.124 16985 17036 I BKA-CORE: assetcache_get: after piMgr_read assetId=23
09-18 07:27:18.124 16985 17036 I BKA-CORE: assetcache_get: before bk_inflate assetId=23
09-18 07:27:18.124 16985 17036 I BKA-CORE: assetcache_get: after bk_inflate assetId=23
09-18 07:27:18.124 16985 17036 I BKA-CORE: assetcache_get: COMPLETE assetId=23
09-18 07:27:18.124 16985 17036 I BKA-CORE: animBinCache: get assetcache_get returned id=23
09-18 07:27:18.124 16985 17036 I BKA-ANIMCACHE: loaded asset_id=23 ptr=0x7a01049c00
09-18 07:27:18.124 16985 17036 I BKA-CORE: animBinCache: loadAll after get i=23
09-18 07:27:18.124 16985 17036 I BKA-CORE: animBinCache: loadAll before get i=24
09-18 07:27:18.124 16985 17036 I BKA-CORE: animBinCache: get start id=24
09-18 07:27:18.124 16985 17036 I BKA-CORE: animBinCache: get calling assetcache_get id=24
09-18 07:27:18.124 16985 17036 I BKA-CORE: assetcache_get: START assetId=24
09-18 07:27:18.124 16985 17036 I BKA-CORE: assetcache_get: comp_size=608
09-18 07:27:18.124 16985 17036 I BKA-CORE: assetcache_get: COMPRESSED assetId=24, reading header
09-18 07:27:18.124 16985 17036 I BKA-PI  : ROM read @0x00017210 size=16 first16: 11 72 00 00 04 40 75 92 4F 48 54 51 14 C6 CF 7D
09-18 07:27:18.124 16985 17036 I BKA-CORE: assetcache_get: uncomp_size=1088
09-18 07:27:18.124 16985 17036 I BKA-CORE: assetcache_get: single alloc uncomp=0x7a08ee2400 comp=0x7a08ee2840
09-18 07:27:18.124 16985 17036 I BKA-CORE: assetcache_get: before piMgr_read assetId=24
09-18 07:27:18.124 16985 17036 I BKA-CORE: assetcache_get: after piMgr_read assetId=24
09-18 07:27:18.124 16985 17036 I BKA-CORE: assetcache_get: before bk_inflate assetId=24
09-18 07:27:18.124 16985 17036 I BKA-CORE: assetcache_get: after bk_inflate assetId=24
09-18 07:27:18.124 16985 17036 I BKA-CORE: assetcache_get: COMPLETE assetId=24
09-18 07:27:18.124 16985 17036 I BKA-CORE: animBinCache: get assetcache_get returned id=24
09-18 07:27:18.124 16985 17036 I BKA-ANIMCACHE: loaded asset_id=24 ptr=0x7a0109d900
09-18 07:27:18.124 16985 17036 I BKA-CORE: animBinCache: loadAll after get i=24
09-18 07:27:18.124 16985 17036 I BKA-CORE: animBinCache: loadAll before get i=25
09-18 07:27:18.124 16985 17036 I BKA-CORE: animBinCache: get start id=25
09-18 07:27:18.124 16985 17036 I BKA-CORE: animBinCache: get calling assetcache_get id=25
09-18 07:27:18.124 16985 17036 I BKA-CORE: assetcache_get: START assetId=25
09-18 07:27:18.124 16985 17036 I BKA-CORE: assetcache_get: comp_size=664
09-18 07:27:18.124 16985 17036 I BKA-CORE: assetcache_get: COMPRESSED assetId=25, reading header
09-18 07:27:18.124 16985 17036 I BKA-PI  : ROM read @0x00017470 size=16 first16: 11 72 00 00 04 04 75 93 BF 4F 54 41 10 C7 67 F7
09-18 07:27:18.124 16985 17036 I BKA-CORE: assetcache_get: uncomp_size=1040
09-18 07:27:18.124 16985 17036 I BKA-CORE: assetcache_get: single alloc uncomp=0x7a08ee2400 comp=0x7a08ee2810
09-18 07:27:18.124 16985 17036 I BKA-CORE: assetcache_get: before piMgr_read assetId=25
09-18 07:27:18.124 16985 17036 I BKA-CORE: assetcache_get: after piMgr_read assetId=25
09-18 07:27:18.124 16985 17036 I BKA-CORE: assetcache_get: before bk_inflate assetId=25
09-18 07:27:18.124 16985 17036 I BKA-CORE: assetcache_get: after bk_inflate assetId=25
09-18 07:27:18.124 16985 17036 I BKA-CORE: assetcache_get: COMPLETE assetId=25
09-18 07:27:18.124 16985 17036 I BKA-CORE: animBinCache: get assetcache_get returned id=25
09-18 07:27:18.124 16985 17036 I BKA-ANIMCACHE: loaded asset_id=25 ptr=0x7a010a0100
09-18 07:27:18.124 16985 17036 I BKA-CORE: animBinCache: loadAll after get i=25
09-18 07:27:18.124 16985 17036 I BKA-CORE: animBinCache: loadAll before get i=26
09-18 07:27:18.124 16985 17036 I BKA-CORE: animBinCache: get start id=26
09-18 07:27:18.124 16985 17036 I BKA-CORE: animBinCache: get calling assetcache_get id=26
09-18 07:27:18.124 16985 17036 I BKA-CORE: assetcache_get: START assetId=26
09-18 07:27:18.124 16985 17036 I BKA-CORE: assetcache_get: comp_size=520
09-18 07:27:18.124 16985 17036 I BKA-CORE: assetcache_get: COMPRESSED assetId=26, reading header
09-18 07:27:18.124 16985 17036 I BKA-PI  : ROM read @0x00017708 size=16 first16: 11 72 00 00 03 28 6D 92 31 48 55 61 14 C7 FF DF
09-18 07:27:18.124 16985 17036 I BKA-CORE: assetcache_get: uncomp_size=816
09-18 07:27:18.124 16985 17036 I BKA-CORE: assetcache_get: single alloc uncomp=0x7a01042a00 comp=0x7a01042d30
09-18 07:27:18.124 16985 17036 I BKA-CORE: assetcache_get: before piMgr_read assetId=26
09-18 07:27:18.124 16985 17036 I BKA-CORE: assetcache_get: after piMgr_read assetId=26
09-18 07:27:18.124 16985 17036 I BKA-CORE: assetcache_get: before bk_inflate assetId=26
09-18 07:27:18.124 16985 17036 I BKA-CORE: assetcache_get: after bk_inflate assetId=26
09-18 07:27:18.124 16985 17036 I BKA-CORE: assetcache_get: COMPLETE assetId=26
09-18 07:27:18.124 16985 17036 I BKA-CORE: animBinCache: get assetcache_get returned id=26
09-18 07:27:18.124 16985 17036 I BKA-ANIMCACHE: loaded asset_id=26 ptr=0x7a552a2b00
09-18 07:27:18.124 16985 17036 I BKA-CORE: animBinCache: loadAll after get i=26
09-18 07:27:18.124 16985 17036 I BKA-CORE: animBinCache: loadAll before get i=28
09-18 07:27:18.124 16985 17036 I BKA-CORE: animBinCache: get start id=28
09-18 07:27:18.124 16985 17036 I BKA-CORE: animBinCache: get calling assetcache_get id=28
09-18 07:27:18.124 16985 17036 I BKA-CORE: assetcache_get: START assetId=28
09-18 07:27:18.124 16985 17036 I BKA-CORE: assetcache_get: comp_size=2288
09-18 07:27:18.124 16985 17036 I BKA-CORE: assetcache_get: COMPRESSED assetId=28, reading header
09-18 07:27:18.124 16985 17036 I BKA-PI  : ROM read @0x00017F28 size=16 first16: 11 72 00 00 0D D4 8D 57 6B 6C 1C D5 15 FE 66 76
09-18 07:27:18.124 16985 17036 I BKA-CORE: assetcache_get: uncomp_size=3552
09-18 07:27:18.124 16985 17036 I BKA-CORE: assetcache_get: single alloc uncomp=0x7a01084000 comp=0x7a01084de0
09-18 07:27:18.124 16985 17036 I BKA-CORE: assetcache_get: before piMgr_read assetId=28
09-18 07:27:18.124 16985 17036 I BKA-CORE: assetcache_get: after piMgr_read assetId=28
09-18 07:27:18.124 16985 17036 I BKA-CORE: assetcache_get: before bk_inflate assetId=28
09-18 07:27:18.125 16985 17036 I BKA-CORE: assetcache_get: after bk_inflate assetId=28
09-18 07:27:18.125 16985 17036 I BKA-CORE: assetcache_get: COMPLETE assetId=28
09-18 07:27:18.125 16985 17036 I BKA-CORE: animBinCache: get assetcache_get returned id=28
09-18 07:27:18.125 16985 17036 I BKA-ANIMCACHE: loaded asset_id=28 ptr=0x7a0111c000
09-18 07:27:18.125 16985 17036 I BKA-CORE: animBinCache: loadAll after get i=28
09-18 07:27:18.125 16985 17036 I BKA-CORE: animBinCache: loadAll before get i=29
09-18 07:27:18.125 16985 17036 I BKA-CORE: animBinCache: get start id=29
09-18 07:27:18.125 16985 17036 I BKA-CORE: animBinCache: get calling assetcache_get id=29
09-18 07:27:18.125 16985 17036 I BKA-CORE: assetcache_get: START assetId=29
09-18 07:27:18.125 16985 17036 I BKA-CORE: assetcache_get: comp_size=1960
09-18 07:27:18.125 16985 17036 I BKA-CORE: assetcache_get: COMPRESSED assetId=29, reading header
09-18 07:27:18.125 16985 17036 I BKA-PI  : ROM read @0x00018818 size=16 first16: 11 72 00 00 0D 74 A5 57 7D 6C 53 D7 1D FD 3D 3B
09-18 07:27:18.125 16985 17036 I BKA-CORE: assetcache_get: uncomp_size=3456
09-18 07:27:18.125 16985 17036 I BKA-CORE: assetcache_get: single alloc uncomp=0x7a01084000 comp=0x7a01084d80
09-18 07:27:18.125 16985 17036 I BKA-CORE: assetcache_get: before piMgr_read assetId=29
09-18 07:27:18.125 16985 17036 I BKA-CORE: assetcache_get: after piMgr_read assetId=29
09-18 07:27:18.125 16985 17036 I BKA-CORE: assetcache_get: before bk_inflate assetId=29
09-18 07:27:18.125 16985 17036 I BKA-CORE: assetcache_get: after bk_inflate assetId=29
09-18 07:27:18.125 16985 17036 I BKA-CORE: assetcache_get: COMPLETE assetId=29
09-18 07:27:18.125 16985 17036 I BKA-CORE: animBinCache: get assetcache_get returned id=29
09-18 07:27:18.125 16985 17036 I BKA-ANIMCACHE: loaded asset_id=29 ptr=0x7a0111ce00
09-18 07:27:18.125 16985 17036 I BKA-CORE: animBinCache: loadAll after get i=29
09-18 07:27:18.125 16985 17036 I BKA-CORE: animBinCache: loadAll done
09-18 07:27:18.125 16985 17036 I BKA-CORE: gsworld_set: animsprite_init
09-18 07:27:18.125 16985 17036 I BKA-CORE: gsworld_set: func_80344C50
09-18 07:27:18.125 16985 17036 I BKA-CORE: gsworld_set: func_8033F9C0
09-18 07:27:18.125 16985 17036 I BKA-CORE: gsworld_set: ncCameraNodeList_init
09-18 07:27:18.125   632   632 I lowmemorykiller: Kill 'moe.shizuku.privileged.api' (15693), uid 10594, oom_score_adj 920 to free 67160kB rss, 34016kB swap; reason: device is in medium stall and watermark low
09-18 07:27:18.125 16985 17036 I BKA-CORE: gsworld_set: nccamera_init
09-18 07:27:18.125 16985 17036 I BKA-CORE: gsworld_set: partEmitMgr_init
09-18 07:27:18.125 16985 17036 I BKA-CORE: gsworld_set: pem_setAllInactive
09-18 07:27:18.125 16985 17036 I BKA-CORE: gsworld_set: pem_initDependencies
09-18 07:27:18.126 16985 17036 I BKA-CORE: gsworld_set: func_802F7D30
09-18 07:27:18.126 16985 17036 I BKA-CORE: gsworld_set: propModelList_init
09-18 07:27:18.126 16985 17036 I BKA-CORE: gsworld_set: lighting_init
09-18 07:27:18.126 16985 17036 I BKA-CORE: gsworld_set: sky_reset
09-18 07:27:18.126 16985 17036 I BKA-CORE: sky_reset: start
09-18 07:27:18.126 16985 17036 I BKA-CORE: sky_reset: got sky_info
09-18 07:27:18.126 16985 17036 I BKA-CORE: sky_reset: loop start
09-18 07:27:18.126 16985 17036 I BKA-CORE: sky_reset: calling assetcache_get
09-18 07:27:18.126 16985 17036 I BKA-CORE: assetcache_get: START assetId=1988
09-18 07:27:18.126 16985 17036 I BKA-CORE: assetcache_get: comp_size=2848
09-18 07:27:18.126 16985 17036 I BKA-CORE: assetcache_get: COMPRESSED assetId=1988, reading header
09-18 07:27:18.126 16985 17036 I BKA-PI  : ROM read @0x005063B8 size=16 first16: 11 72 00 00 14 CC ED 58 79 4C 9B E7 19 7F 93 A2
09-18 07:27:18.126 16985 17036 I BKA-CORE: assetcache_get: uncomp_size=5328
09-18 07:27:18.126 16985 17036 I BKA-CORE: assetcache_get: single alloc uncomp=0x7a01125000 comp=0x7a011264d0
09-18 07:27:18.126 16985 17036 I BKA-CORE: assetcache_get: before piMgr_read assetId=1988
09-18 07:27:18.126 16985 17036 I BKA-CORE: assetcache_get: after piMgr_read assetId=1988
09-18 07:27:18.126 16985 17036 I BKA-CORE: assetcache_get: before bk_inflate assetId=1988
09-18 07:27:18.126 16985 17036 I BKA-CORE: assetcache_get: after bk_inflate assetId=1988
09-18 07:27:18.126 16985 17036 I BKA-CORE: assetcache_get: COMPLETE assetId=1988
09-18 07:27:18.126 16985 17036 I BKA-CORE: sky_reset: assetcache_get returned
09-18 07:27:18.126 16985 17036 I BKA_GFX : modelbin_getMeshList: this=0x7a01099000 mesh_list_offset=0x0 vtx_list_offset=0xe8110000
09-18 07:27:18.126 16985 17036 I BKA_GFX : modelbin_getMeshList: this=0x7a01099000 mesh_list_offset=0x0 vtx_list_offset=0xe8110000
09-18 07:27:18.126 16985 17036 I BKA-CORE: sky_reset: loop start
09-18 07:27:18.126 16985 17036 I BKA-CORE: sky_reset: loop start
09-18 07:27:18.126 16985 17036 I BKA-CORE: sky_reset: complete
09-18 07:27:18.126 16985 17036 I BKA-CORE: gsworld_set: func_803343D0
09-18 07:27:18.126 16985 17036 I BKA-CORE: gsworld_set: cubeList_init
09-18 07:27:18.126 16985 17036 I BKA-CORE: gsworld_set: func_802FA69C
09-18 07:27:18.127 16985 17036 I BKA-CORE: gsworld_set: commonParticle_init
09-18 07:27:18.127 16985 17036 I BKA-CORE: gsworld_set: gsworld_load
09-18 07:27:18.127 16985 17036 I BKA-CORE: gsworld_set: gsworld_load: start
09-18 07:27:18.127 16985 17036 I BKA-RDP : osSendMesg: message 4 sent to mq=0x797ab51220
09-18 07:27:18.127 16985 17036 I BKA-RDP : osSendMesg: message 5 sent to mq=0x797ab513b8
09-18 07:27:18.127 16985 17036 I BKA-CORE: assetcache_get: START assetId=1821
09-18 07:27:18.127 16985 17036 I BKA-CORE: assetcache_get: comp_size=5040
09-18 07:27:18.127 16985 17036 I BKA-CORE: assetcache_get: COMPRESSED assetId=1821, reading header
09-18 07:27:18.127 16985 17036 I BKA-PI  : ROM read @0x004C4680 size=16 first16: 11 72 00 00 26 A0 9D 59 09 78 14 55 F2 AF D7 3D
09-18 07:27:18.127 16985 17036 I BKA-CORE: assetcache_get: uncomp_size=9888
09-18 07:27:18.127 16985 17036 I BKA-CORE: assetcache_get: single alloc uncomp=0x7a01125540 comp=0x7a01127be0
09-18 07:27:18.127 16985 17036 I BKA-CORE: assetcache_get: before piMgr_read assetId=1821
09-18 07:27:18.127 16985 17036 I BKA-CORE: assetcache_get: after piMgr_read assetId=1821
09-18 07:27:18.127 16985 17036 I BKA-CORE: assetcache_get: before bk_inflate assetId=1821
09-18 07:27:18.127 16985 17036 I BKA-CORE: assetcache_get: after bk_inflate assetId=1821
09-18 07:27:18.127 16985 17036 I BKA-CORE: assetcache_get: COMPLETE assetId=1821
09-18 07:27:18.127 16985 17036 I BKA-CORE: gsworld_load: file_openMap returned 0x7a0103dee0
09-18 07:27:18.127 16985 17036 I BKA-CORE: gsworld_set: func_80305990
09-18 07:27:18.127 16985 17036 I BKA-CORE: gsworld_set: func_8030C740
09-18 07:27:18.127 16985 17036 I BKA-CORE: gsworld_set: gcdialog_init
09-18 07:27:18.127 16985 17036 I BKA-CORE: gsworld_set: mapSpecificFlags_clearAll
09-18 07:27:18.127 16985 17036 I BKA-CORE: gsworld_set: func_803411B0
09-18 07:27:18.127 16985 17036 I BKA-CORE: gsworld_set: spawnQueue_reset
09-18 07:27:18.127 16985 17036 I BKA-CORE: assetcache_get: START assetId=1796
09-18 07:27:18.127 16985 17036 I BKA-CORE: assetcache_get: comp_size=4152
09-18 07:27:18.127 16985 17036 I BKA-CORE: assetcache_get: UNCOMPRESSED assetId=1796 ptr=0x7a01078c00
09-18 07:27:18.127 16985 17036 I BKA-CORE: assetcache_get: before piMgr_read assetId=1796
09-18 07:27:18.127 16985 17036 I BKA-CORE: assetcache_get: after piMgr_read assetId=1796
09-18 07:27:18.127 16985 17036 I BKA-CORE: assetcache_get: COMPLETE assetId=1796
09-18 07:27:18.127 16985 17036 I BKA-CORE: assetcache_get: START assetId=1797
09-18 07:27:18.127 16985 17036 I BKA-CORE: assetcache_get: comp_size=1080
09-18 07:27:18.127 16985 17036 I BKA-CORE: assetcache_get: UNCOMPRESSED assetId=1797 ptr=0x7a01006000
09-18 07:27:18.127 16985 17036 I BKA-CORE: assetcache_get: before piMgr_read assetId=1797
09-18 07:27:18.127 16985 17036 I BKA-CORE: assetcache_get: after piMgr_read assetId=1797
09-18 07:27:18.127 16985 17036 I BKA-CORE: assetcache_get: COMPLETE assetId=1797
09-18 07:27:18.128 16985 17036 I BKA-CORE: gsworld_set: leveloverlay_initCallback_NotFP
09-18 07:27:18.128 16985 17036 I BKA-CORE: gsworld_set: func_8028E4B0
09-18 07:27:18.128 16985 17036 I BKA-CORE: func_8028E4B0: start
09-18 07:27:18.128 16985 17036 I BKA_GFX : func_8028E4B0 ENTER
09-18 07:27:18.128 16985 17036 I BKA-CORE: func_8028E4B0: bsmethods_reset
09-18 07:27:18.128 16985 17036 I BKA-CORE: animBinCache: get start id=0
09-18 07:27:18.128 16985 17036 I BKA-CORE: animBinCache: get calling assetcache_get id=0
09-18 07:27:18.128 16985 17036 I BKA-CORE: assetcache_get: START assetId=0
09-18 07:27:18.128 16985 17036 I BKA-CORE: assetcache_get: comp_size=216
09-18 07:27:18.128 16985 17036 I BKA-CORE: assetcache_get: COMPRESSED assetId=0, reading header
09-18 07:27:18.128 16985 17036 I BKA-PI  : ROM read @0x00010CD0 size=16 first16: 11 72 00 00 01 58 6D 50 31 0E 82 40 10 9C 35 84
09-18 07:27:18.128 16985 17036 I BKA-CORE: assetcache_get: uncomp_size=352
09-18 07:27:18.128 16985 17036 I BKA-CORE: assetcache_get: single alloc uncomp=0x7a08dbfe00 comp=0x7a08dbff60
09-18 07:27:18.128 16985 17036 I BKA-CORE: assetcache_get: before piMgr_read assetId=0
09-18 07:27:18.128 16985 17036 I BKA-CORE: assetcache_get: after piMgr_read assetId=0
09-18 07:27:18.128 16985 17036 I BKA-CORE: assetcache_get: before bk_inflate assetId=0
09-18 07:27:18.128 16985 17036 I BKA-CORE: assetcache_get: after bk_inflate assetId=0
09-18 07:27:18.128 16985 17036 I BKA-CORE: assetcache_get: COMPLETE assetId=0
09-18 07:27:18.128 16985 17036 I BKA-CORE: animBinCache: get assetcache_get returned id=0
09-18 07:27:18.128 16985 17036 I BKA-ANIMCACHE: loaded asset_id=0 ptr=0x796b625c80
09-18 07:27:18.128 16985 17036 E BKA-BONE: animFile_getBoneTransformList anim_file=0x796b625c80 bone_transform_list=0x7a01125000 progress=0.000000
09-18 07:27:18.128 16985 17036 E BKA-BONE: func_8033AFB8 entry this=0x7a01125000 bone_id=10
09-18 07:27:18.128 16985 17036 E BKA-BONE: func_8033AFB8 after CD4 tail=0.000000 0.000000 0.000000 0.000000
09-18 07:27:18.128 16985 17036 E BKA-BONE: func_8033A8F0 entry this=0x7a01125000 bone_id=10
09-18 07:27:18.128 16985 17036 I BKA-BONE: func_8033A8F0: this=0x7a01125000 ptr=0x7a01125010 count=109 bone=10
09-18 07:27:18.128 16985 17036 E BKA-BONE: func_8033AFB8 after A8F0 tail=0.000000 0.000000 0.000000 0.000000
09-18 07:27:18.128 16985 17036 E BKA-BONE: func_8033AFB8 after setBoneScale
09-18 07:27:18.128 16985 17036 E BKA-BONE: func_8033AFB8 after A968 tail=0.000000 0.000000 0.000000 0.000000
09-18 07:27:18.128 16985 17036 E BKA-BONE: func_8033AFB8 entry this=0x7a01125000 bone_id=14
09-18 07:27:18.128 16985 17036 E BKA-BONE: func_8033AFB8 after CD4 tail=0.000000 0.000000 0.000000 0.000000
09-18 07:27:18.128 16985 17036 E BKA-BONE: func_8033A8F0 entry this=0x7a01125000 bone_id=14
09-18 07:27:18.128 16985 17036 I BKA-BONE: func_8033A8F0: this=0x7a01125000 ptr=0x7a01125010 count=109 bone=14
09-18 07:27:18.128 16985 17036 E BKA-BONE: func_8033AFB8 after A8F0 tail=0.000000 0.000000 0.000000 0.000000
09-18 07:27:18.128 16985 17036 E BKA-BONE: func_8033AFB8 after setBoneScale
09-18 07:27:18.128 16985 17036 E BKA-BONE: func_8033AFB8 after A968 tail=0.000000 0.000000 0.000000 0.000000
09-18 07:27:18.128 16985 17036 E BKA-BONE: func_8033AFB8 entry this=0x7a01125000 bone_id=18
09-18 07:27:18.128 16985 17036 E BKA-BONE: func_8033AFB8 after CD4 tail=0.000000 0.000000 0.000000 0.000000
09-18 07:27:18.128 16985 17036 E BKA-BONE: func_8033A8F0 entry this=0x7a01125000 bone_id=18
09-18 07:27:18.128 16985 17036 I BKA-BONE: func_8033A8F0: this=0x7a01125000 ptr=0x7a01125010 count=109 bone=18
09-18 07:27:18.128 16985 17036 E BKA-BONE: func_8033AFB8 after A8F0 tail=0.000000 0.000000 0.000000 0.000000
09-18 07:27:18.128 16985 17036 E BKA-BONE: func_8033AFB8 after setBoneScale
09-18 07:27:18.128 16985 17036 E BKA-BONE: func_8033AFB8 after A968 tail=0.000000 0.000000 0.000000 0.000000
09-18 07:27:18.128 16985 17036 E BKA-BONE: func_8033AFB8 entry this=0x7a01125000 bone_id=24
09-18 07:27:18.128 16985 17036 E BKA-BONE: func_8033AFB8 after CD4 tail=0.000000 0.000000 0.000000 0.000000
09-18 07:27:18.128 16985 17036 E BKA-BONE: func_8033A8F0 entry this=0x7a01125000 bone_id=24
09-18 07:27:18.128 16985 17036 I BKA-BONE: func_8033A8F0: this=0x7a01125000 ptr=0x7a01125010 count=109 bone=24
09-18 07:27:18.128 16985 17036 E BKA-BONE: func_8033AFB8 after A8F0 tail=0.000000 0.000000 0.000000 0.000000
09-18 07:27:18.128 16985 17036 E BKA-BONE: func_8033AFB8 after setBoneScale
09-18 07:27:18.128 16985 17036 E BKA-BONE: func_8033AFB8 after A968 tail=0.000000 0.000000 0.000000 0.000000
09-18 07:27:18.128 16985 17036 E BKA-BONE: func_8033AFB8 entry this=0x7a01125000 bone_id=28
09-18 07:27:18.128 16985 17036 E BKA-BONE: func_8033AFB8 after CD4 tail=0.000000 0.000000 0.000000 0.000000
09-18 07:27:18.128 16985 17036 E BKA-BONE: func_8033A8F0 entry this=0x7a01125000 bone_id=28
09-18 07:27:18.128 16985 17036 I BKA-BONE: func_8033A8F0: this=0x7a01125000 ptr=0x7a01125010 count=109 bone=28
09-18 07:27:18.128 16985 17036 E BKA-BONE: func_8033AFB8 after A8F0 tail=0.000000 0.000000 0.000000 0.000000
09-18 07:27:18.128 16985 17036 E BKA-BONE: func_8033AFB8 after setBoneScale
09-18 07:27:18.128 16985 17036 E BKA-BONE: func_8033AFB8 after A968 tail=0.000000 0.000000 0.000000 0.000000
09-18 07:27:18.128 16985 17036 I BKA-CORE: assetcache_get: START assetId=845
09-18 07:27:18.128 16985 17036 I BKA-CORE: assetcache_get: comp_size=22264
09-18 07:27:18.128 16985 17036 I BKA-CORE: assetcache_get: COMPRESSED assetId=845, reading header
09-18 07:27:18.128 16985 17036 I BKA-PI  : ROM read @0x00197E38 size=16 first16: 11 72 00 01 87 A8 EC 5A 0F 74 53 55 9A FF 92 BE
09-18 07:27:18.128 16985 17036 I BKA-CORE: assetcache_get: uncomp_size=100272
09-18 07:27:18.128 16985 17036 I BKA-CORE: assetcache_get: single alloc uncomp=0x796c71bc40 comp=0x796c7343f0
09-18 07:27:18.128 16985 17036 I BKA-CORE: assetcache_get: before piMgr_read assetId=845
09-18 07:27:18.128 16985 17036 I BKA-CORE: assetcache_get: after piMgr_read assetId=845
09-18 07:27:18.128 16985 17036 I BKA-CORE: assetcache_get: before bk_inflate assetId=845
09-18 07:27:18.129   632   639 E lowmemorykiller: process_mrelease 15693 failed: No such process
09-18 07:27:18.129 16985 17032 I BKA-GLRenderer: onDrawFrame #3 END err=0
09-18 07:27:18.130 16985 17036 I BKA-CORE: assetcache_get: after bk_inflate assetId=845
09-18 07:27:18.130 16985 17036 I BKA-CORE: assetcache_get: COMPLETE assetId=845
09-18 07:27:18.130 16985 17036 E BKA-MARKER: baMarker_init entry
09-18 07:27:18.130 16985 17036 E BKA-MARKER: baMarker_init position=0.000000 0.000000 0.000000 baModel_80291AAC=0x79794512cc
09-18 07:27:18.130 16985 17036 E BKA-MARKER: baMarker_init after func_8032FBE4 playerMarker=0x7a01108480
09-18 07:27:18.130 16985 17036 E BKA-MARKER: baMarker_init after playerMarker->unk2C_1
09-18 07:27:18.130 16985 17036 E BKA-MARKER: baMarker_init after marker_setCollisionScripts
09-18 07:27:18.130 16985 17036 E BKA-MARKER: baMarker_init after func_803300B8
09-18 07:27:18.131 16985 17036 E BKA-MARKER: baMarker_init complete
09-18 07:27:18.131 16985 17036 I BKA-CORE: func_8028E4B0: playerPosition_set
09-18 07:27:18.131 16985 17036 I BKA-CORE: func_8028E4B0: early checks
09-18 07:27:18.131 16985 17036 I BKA-CORE: func_8028E4B0: calling func_8028E440
09-18 07:27:18.131 16985 17036 I BKA_GFX : func_8028E4B0: func_8028E440 returned -1
09-18 07:27:18.131 16985 17036 I BKA-CORE: func_8028E4B0: complete
09-18 07:27:18.131 16985 17036 I BKA-CORE: gsworld_set: leveloverlay_initCallback_OnlyFP
09-18 07:27:18.131 16985 17036 I BKA-CORE: gsworld_set: func_80323120
09-18 07:27:18.131 16985 17036 I BKA-CORE: gsworld_set: func_803223AC
09-18 07:27:18.131 16985 17036 I BKA-CORE: gsworld_set: bundle_reset
09-18 07:27:18.131 16985 17036 I BKA-CORE: gsworld_set: func_8034F774
09-18 07:27:18.131 16985 17036 I BKA-CORE: gsworld_set: func_80350174
09-18 07:27:18.131 16985 17036 I BKA-CORE: gsworld_set: gcparade_init
09-18 07:27:18.131 16985 17036 I BKA-CORE: gsworld_set: func_80351998
09-18 07:27:18.131 16985 17036 I BKA-CORE: gsworld_set: func_802BC2CC
09-18 07:27:18.131 16985 17036 I BKA-CORE: gsworld_set: func_802D63D4
09-18 07:27:18.132 16985 17036 I BKA-CORE: gsworld_set: func_80255A04
09-18 07:27:18.132 16985 17036 I BKA-CORE: gsworld_set: func_802D6948
09-18 07:27:18.132 16985 17036 I BKA-CORE: gsworld_set: print_resetBoldFontTexture
09-18 07:27:18.132 16985 17036 I BKA-CORE: assetcache_get: START assetId=1773
09-18 07:27:18.132 16985 17036 I BKA-CORE: assetcache_get: comp_size=3240
09-18 07:27:18.132 16985 17036 I BKA-CORE: assetcache_get: COMPRESSED assetId=1773, reading header
09-18 07:27:18.132 16985 17036 I BKA-PI  : ROM read @0x004ABDC8 size=16 first16: 11 72 00 00 31 E0 BD 9A 49 52 23 4B 12 86 23 23
09-18 07:27:18.132 16985 17036 I BKA-CORE: assetcache_get: uncomp_size=12768
09-18 07:27:18.132 16985 17036 I BKA-CORE: assetcache_get: single alloc uncomp=0x7a01135b00 comp=0x7a01138ce0
09-18 07:27:18.132 16985 17036 I BKA-CORE: assetcache_get: before piMgr_read assetId=1773
09-18 07:27:18.132 16985 17036 I BKA-CORE: assetcache_get: after piMgr_read assetId=1773
09-18 07:27:18.132 16985 17036 I BKA-CORE: assetcache_get: before bk_inflate assetId=1773
09-18 07:27:18.132 16985 17036 I BKA-CORE: assetcache_get: after bk_inflate assetId=1773
09-18 07:27:18.132 16985 17036 I BKA-CORE: assetcache_get: COMPLETE assetId=1773
09-18 07:27:18.132 16985 17036 I BKA-CORE: assetcache_get: START assetId=1776
09-18 07:27:18.132 16985 17036 I BKA-CORE: assetcache_get: comp_size=1304
09-18 07:27:18.132 16985 17036 I BKA-CORE: assetcache_get: COMPRESSED assetId=1776, reading header
09-18 07:27:18.132 16985 17036 I BKA-PI  : ROM read @0x004AD088 size=16 first16: 11 72 00 00 08 38 55 52 4D 68 DB 48 18 8D 44 2F
09-18 07:27:18.132 16985 17036 I BKA-CORE: assetcache_get: uncomp_size=2112
09-18 07:27:18.132 16985 17036 I BKA-CORE: assetcache_get: single alloc uncomp=0x7a0111ea00 comp=0x7a0111f240
09-18 07:27:18.132 16985 17036 I BKA-CORE: assetcache_get: before piMgr_read assetId=1776
09-18 07:27:18.132 16985 17036 I BKA-CORE: assetcache_get: after piMgr_read assetId=1776
09-18 07:27:18.132 16985 17036 I BKA-CORE: assetcache_get: before bk_inflate assetId=1776
09-18 07:27:18.132 16985 17036 I BKA-CORE: assetcache_get: after bk_inflate assetId=1776
09-18 07:27:18.132 16985 17036 I BKA-CORE: assetcache_get: COMPLETE assetId=1776
09-18 07:27:18.132 16985 17036 I BKA-CORE: gsworld_set: func_8024F150
09-18 07:27:18.132 16985 17036 I BKA-CORE: gsworld_set: complete
09-18 07:27:18.132 16985 17036 I BKA-CORE: func_802E4214: func_802E38E8: func_802E3800
09-18 07:27:18.132 16985 17036 I BKA-CORE: func_802E4214: func_802E38E8: func_8033DC10
09-18 07:27:18.132 16985 17036 I BKA-CORE: func_802E4214: func_802E38E8: complete
09-18 07:27:18.132 16985 17036 I BKA-CORE: func_802E4214: game_setMode
09-18 07:27:18.132 16985 17036 I BKA-RDP : osSendMesg: message 6 sent to mq=0x797ab51220
09-18 07:27:18.132 16985 17036 I BKA-RDP : osSendMesg: message 7 sent to mq=0x797ab513b8
09-18 07:27:18.132 16985 17036 I BKA-CORE: func_802E4214: complete
09-18 07:27:18.132 16985 17036 I BKA-CORE: core1_init: func_8023DA9C: ucode_stub1
09-18 07:27:18.132 16985 17036 I BKA-CORE: core1_init: func_8023DA9C: complete
09-18 07:27:18.132 16985 17036 I BKA-CORE: core1_init: complete
09-18 07:27:18.132 16985 17036 I BKA-CORE: mainThread_entry after core1_init
09-18 07:27:18.132 16985 17036 I BKA-CORE: mainThread_entry entering loop
09-18 07:27:18.132 16985 17036 I BKA-CORE: mainLoop iteration 1 - D_8027A130=3
09-18 07:27:18.132 16985 17036 I BKA_INPUT: mainLoop before update sDisableInput=0 D_8027A130=3 gameMode=3
09-18 07:27:18.132 16985 17036 I BKA_INPUT: pfsManager_update ENTER
09-18 07:27:18.132 16985 17036 E BKA-LOOP: before func_802E4424
09-18 07:27:18.132 16985 17036 I BKA_GFX : func_802E4424 entry
09-18 07:27:18.133 16985 17036 E BKA-TFQ : timedFuncQueue_update enter ptr=0x0
09-18 07:27:18.133 16985 17036 E BKA-TFQ : timedFuncQueue_update NULL ptr, initializing
09-18 07:27:18.133 16985 17036 E BKA-TFQ : timedFuncQueue_update after init ptr=0x7a00fc7800
09-18 07:27:18.133 16985 17036 E BKA-SFX : func_802FA0F8 enter D_803810A0=0x0
09-18 07:27:18.133 16985 17036 E BKA-SFX : func_802FA0F8 D_803810A0 NULL, skipping
09-18 07:27:18.133 16985 17036 E BKA-LOOP: func_802E4424 returned TRUE, calling game_draw
09-18 07:27:18.133 16985 17036 E BKA-DRAW: gsworld_draw entry: sEnableDraw=1
09-18 07:27:18.133 16985 17036 I BKA_GFX : gsworld_draw actors: suBaddieActorArray=0x0 cnt=-1 map=1
09-18 07:27:18.133 16985 17036 E BKA_GFX : GDMARA #1 ra=0x79795244c4 first_v=0x797ab54068 total=1
09-18 07:27:18.133 16985 17036 E BKA_VP  : pre-persp *mtx=0x7a010ec2c0 mtx=0x795e2fbaf8
09-18 07:27:18.133 16985 17036 E BKA_GFX : guPerspective CALLED m=0x7a010ec2c0
09-18 07:27:18.133 16985 17036 E BKA_GFX : guPerspective WROTE m=0x7a010ec2c0
09-18 07:27:18.133 16985 17036 E BKA_VP  : post-persp *mtx=0x7a010ec2c0
09-18 07:27:18.133 16985 17036 E BKA_GFX : GDMARA #2 ra=0x797944773c first_v=0x7a010ec2c0 total=2
09-18 07:27:18.133 16985 17036 E BKA_VP  : post-spmatrix *mtx=0x7a010ec300 gfx=0x7a010c5c50
09-18 07:27:18.133 16985 17036 I BKA_GFX : modelRender_draw ENTER model_bin=0x7a01099000
09-18 07:27:18.133 16985 17036 I BKA_GFX : modelRender_draw: sanitized camera position
09-18 07:27:18.133 16985 17036 E BKA_GFX : MAPREG call#=0 key=0x0109A200 vaddr=0x7a0109a200
09-18 07:27:18.133 16985 17036 E BKA_GFX : MAPREG call#=1 key=0x0109A040 vaddr=0x7a0109a040
09-18 07:27:18.133 16985 17036 E BKA_GFX : SEGSETUP-b100 vtx=0x7a0109a200 vtx_phys=0x0109A200 tex=0x7a0109a040 tex_phys=0x0109A040
09-18 07:27:18.133 16985 17036 E BKA_GFX : MAPREG call#=2 key=0x0109A200 vaddr=0x7a0109a200
09-18 07:27:18.133 16985 17036 E BKA_GFX : MAPREG call#=3 key=0x0109A040 vaddr=0x7a0109a040
09-18 07:27:18.133 16985 17036 E BKA_GFX : GDMARA #3 ra=0x7979524574 first_v=0x79795c2100 total=7
09-18 07:27:18.133 16985 17036 E BKA_GFX : MAPREG call#=4 key=0x795C2740 vaddr=0x79795c2740
09-18 07:27:18.133 16985 17036 E BKA-MODEL: modelRender_draw: model_bin=0x7a01099000 raw_geo_off=0xc0140000 swapped=0x000014c0 geoCmd=0x7a0109a4c0
09-18 07:27:18.133 16985 17036 I BKA-MODEL: BKA-MODEL: executeGeoCmds #1 data=0x7a0109a4c0 D_80370990=1
09-18 07:27:18.133 16985 17036 I BKA-MODEL: geoCmd: data=0x7a0109a4c0 raw_cmd=0x03000000 raw_next=0x00000000 cmd=3 next=0x00000000
09-18 07:27:18.133 16985 17036 E BKA-MODEL: LOADDL enter idx=0 D_80370990=1
09-18 07:27:18.133 16985 17036 I BKA-MODEL: LOADDL: index=0 ptr=0x7a0109a058 first4=B6000000
09-18 07:27:18.133 16985 17036 E BKA_GFX : MAPREG call#=5 key=0x0109A058 vaddr=0x7a0109a058
09-18 07:27:18.133 16985 17036 E BKA_GFX : GDMARA #4 ra=0x797953b700 first_v=0x109a058 total=9
09-18 07:27:18.133 16985 17036 E BKA_GFX : GDMARA #5 ra=0x7979533aec first_v=0x797ab54068 total=10
09-18 07:27:18.133 16985 17036 E BKA_VP  : pre-persp *mtx=0x7a010ec440 mtx=0x795e2fbaf8
09-18 07:27:18.133 16985 17036 E BKA_GFX : guPerspective CALLED m=0x7a010ec440
09-18 07:27:18.133 16985 17036 E BKA_GFX : guPerspective WROTE m=0x7a010ec440
09-18 07:27:18.133 16985 17036 E BKA_VP  : post-persp *mtx=0x7a010ec440
09-18 07:27:18.133 16985 17036 E BKA_VP  : post-spmatrix *mtx=0x7a010ec480 gfx=0x7a010c5d60
09-18 07:27:18.133 16985 17036 I BKA_GFX : mapModel_opa_draw entry
09-18 07:27:18.133 16985 17036 I BKA_GFX : mapModel_opa_draw: model_opa=0x7a08edfa00 model_bin_opa=0x796c679380 func_80320708=1 crc2=1 dummy=1
09-18 07:27:18.133 16985 17036 I BKA_GFX : mapModel_opa_draw: pre-setup
09-18 07:27:18.133 16985 17036 I BKA_GFX : mapModel_opa_draw: setRefPoints done
09-18 07:27:18.133 16985 17036 I BKA_GFX : mapModel_opa_draw: setDepthMode done
09-18 07:27:18.133 16985 17036 I BKA_GFX : mapModel_opa_draw: setEnvColor done, calling modelRender_draw
09-18 07:27:18.133 16985 17036 I BKA_GFX : modelRender_draw ENTER model_bin=0x796c679380
09-18 07:27:18.133 16985 17036 I BKA_GFX : modelRender_draw: sanitized camera position
09-18 07:27:18.133 16985 17036 E BKA_GFX : MAPREG call#=6 key=0x6C6B1668 vaddr=0x796c6b1668
09-18 07:27:18.133 16985 17036 E BKA_GFX : MAPREG call#=7 key=0x6C6C63C0 vaddr=0x796c6c63c0
09-18 07:27:18.133 16985 17036 E BKA_GFX : SEGSETUP-b100 vtx=0x796c6b1668 vtx_phys=0x6C6B1668 tex=0x796c6c63c0 tex_phys=0x6C6C63C0
09-18 07:27:18.133 16985 17036 E BKA_GFX : MAPREG call#=8 key=0x6C6B1668 vaddr=0x796c6b1668
09-18 07:27:18.133 16985 17036 E BKA_GFX : MAPREG call#=9 key=0x6C6C63C0 vaddr=0x796c6c63c0
09-18 07:27:18.133 16985 17036 E BKA_GFX : GDMARA #6 ra=0x7979537b34 first_v=0x79795c2150 total=16
09-18 07:27:18.133 16985 17036 E BKA_GFX : MAPREG call#=10 key=0x795C2400 vaddr=0x79795c2400
09-18 07:27:18.133 16985 17036 E BKA-MODEL: modelRender_draw: model_bin=0x796c679380 raw_geo_off=0xa0b50500 swapped=0x0005b5a0 geoCmd=0x796c6d4920
09-18 07:27:18.133 16985 17036 I BKA-MODEL: BKA-MODEL: executeGeoCmds #2 data=0x796c6d4920 D_80370990=1
09-18 07:27:18.133 16985 17036 I BKA-MODEL: geoCmd: data=0x796c6d4920 raw_cmd=0x0d000000 raw_next=0x28000000 cmd=13 next=0x00000028
09-18 07:27:18.133 16985 17036 I BKA-MODEL: DRAWDIST bswap data=0x796c6d4920 branch=24 min=-2037,-500,-1412 max=-1281,200,540
09-18 07:27:18.133 16985 17036 E BKA-MODEL: geoCmd next_offset=0x00000028 cmd_index=13 data=0x796c6d4920
09-18 07:27:18.133 16985 17036 I BKA-MODEL: geoCmd: data=0x796c6d4948 raw_cmd=0x0f000000 raw_next=0x38000000 cmd=15 next=0x00000038
09-18 07:27:18.133 16985 17036 I BKA-MODEL: CAMERA bswap data=0x796c6d4948 branch=16 count=1 flags=1
09-18 07:27:18.133 16985 17036 I BKA-MODEL: BKA-MODEL: executeGeoCmds #3 data=0x796c6d4958 D_80370990=1
09-18 07:27:18.133 16985 17036 I BKA-MODEL: geoCmd: data=0x796c6d4958 raw_cmd=0x0d000000 raw_next=0x00000000 cmd=13 next=0x00000000
09-18 07:27:18.133 16985 17036 I BKA-MODEL: DRAWDIST bswap data=0x796c6d4958 branch=24 min=1281,-500,0 max=2000,0,1412
09-18 07:27:18.133 16985 17036 I BKA-MODEL: geoCmd: data=0x796c6d4980 raw_cmd=0x0f000000 raw_next=0x38000000 cmd=15 next=0x00000038
09-18 07:27:18.133 16985 17036 I BKA-MODEL: CAMERA bswap data=0x796c6d4980 branch=16 count=1 flags=1
09-18 07:27:18.133 16985 17036 I BKA-MODEL: BKA-MODEL: executeGeoCmds #4 data=0x796c6d4990 D_80370990=1
09-18 07:27:18.133 16985 17036 I BKA-MODEL: geoCmd: data=0x796c6d4990 raw_cmd=0x0d000000 raw_next=0x00000000 cmd=13 next=0x00000000
09-18 07:27:18.133 16985 17036 I BKA-MODEL: DRAWDIST bswap data=0x796c6d4990 branch=24 min=0,-500,1275 max=1419,0,2000
09-18 07:27:18.133 16985 17036 I BKA-MODEL: geoCmd: data=0x796c6d49b8 raw_cmd=0x0f000000 raw_next=0x38000000 cmd=15 next=0x00000038
09-18 07:27:18.133 16985 17036 I BKA-MODEL: CAMERA bswap data=0x796c6d49b8 branch=16 count=1 flags=1
09-18 07:27:18.133 16985 17036 I BKA-MODEL: BKA-MODEL: executeGeoCmds #5 data=0x796c6d49c8 D_80370990=1
09-18 07:27:18.133 16985 17036 I BKA-MODEL: geoCmd: data=0x796c6d49c8 raw_cmd=0x0d000000 raw_next=0x00000000 cmd=13 next=0x00000000
09-18 07:27:18.133 16985 17036 I BKA-MODEL: DRAWDIST bswap data=0x796c6d49c8 branch=24 min=-1412,-500,1281 max=0,0,2000
09-18 07:27:18.133 16985 17036 I BKA-MODEL: geoCmd: data=0x796c6d49f0 raw_cmd=0x0f000000 raw_next=0x38000000 cmd=15 next=0x00000038
09-18 07:27:18.133 16985 17036 I BKA-MODEL: CAMERA bswap data=0x796c6d49f0 branch=16 count=1 flags=1
09-18 07:27:18.133 16985 17036 I BKA-MODEL: geoCmd: data=0x796c6d4a00 raw_cmd=0x0d000000 raw_next=0x00000000 cmd=13 next=0x00000000
09-18 07:27:18.133 16985 17036 I BKA-MODEL: DRAWDIST bswap data=0x796c6d4a00 branch=24 min=0,-500,-1999 max=1412,0,-1281
09-18 07:27:18.133 16985 17036 I BKA-MODEL: geoCmd: data=0x796c6d4a28 raw_cmd=0x0f000000 raw_next=0x38000000 cmd=15 next=0x00000038
09-18 07:27:18.133 16985 17036 I BKA-MODEL: CAMERA bswap data=0x796c6d4a28 branch=16 count=1 flags=1
09-18 07:27:18.133 16985 17036 I BKA-MODEL: geoCmd: data=0x796c6d4a38 raw_cmd=0x0d000000 raw_next=0x00000000 cmd=13 next=0x00000000
09-18 07:27:18.133 16985 17036 I BKA-MODEL: DRAWDIST bswap data=0x796c6d4a38 branch=24 min=-1419,-500,-1999 max=0,200,-1275
09-18 07:27:18.133 16985 17036 I BKA-MODEL: geoCmd: data=0x796c6d4a60 raw_cmd=0x0d000000 raw_next=0x28000000 cmd=13 next=0x00000028
09-18 07:27:18.133 16985 17036 I BKA-MODEL: DRAWDIST bswap data=0x796c6d4a60 branch=24 min=-6400,100,-3200 max=-5400,1300,-2577
09-18 07:27:18.133 16985 17036 I BKA-MODEL: geoCmd: data=0x796c6d4a88 raw_cmd=0x0d000000 raw_next=0x28000000 cmd=13 next=0x00000028
09-18 07:27:18.133 16985 17036 I BKA-MODEL: DRAWDIST bswap data=0x796c6d4a88 branch=24 min=-5400,200,-2800 max=-4394,1300,-2043
09-18 07:27:18.133 16985 17036 I BKA-MODEL: geoCmd: data=0x796c6d4ab0 raw_cmd=0x0d000000 raw_next=0x28000000 cmd=13 next=0x00000028
09-18 07:27:18.133 16985 17036 I BKA-MODEL: DRAWDIST bswap data=0x796c6d4ab0 branch=24 min=-5400,1300,-2800 max=-4700,2500,-2100
09-18 07:27:18.133 16985 17036 I BKA-MODEL: geoCmd: data=0x796c6d4ad8 raw_cmd=0x0d000000 raw_next=0x28000000 cmd=13 next=0x00000028
09-18 07:27:18.133 16985 17036 I BKA-MODEL: DRAWDIST bswap data=0x796c6d4ad8 branch=24 min=-6400,1300,-3200 max=-5400,2500,-2677
09-18 07:27:18.133 16985 17036 I BKA-MODEL: geoCmd: data=0x796c6d4b00 raw_cmd=0x0f000000 raw_next=0x00010000 cmd=15 next=0x00000100
09-18 07:27:18.133 16985 17036 I BKA-MODEL: CAMERA bswap data=0x796c6d4b00 branch=16 count=1 flags=1
09-18 07:27:18.133 16985 17036 I BKA-MODEL: geoCmd: data=0x796c6d4b10 raw_cmd=0x0d000000 raw_next=0x28000000 cmd=13 next=0x00000028
09-18 07:27:18.133 16985 17036 I BKA-MODEL: DRAWDIST bswap data=0x796c6d4b10 branch=24 min=-1107,-200,3314 max=-499,50,3841
09-18 07:27:18.133 16985 17036 I BKA-MODEL: geoCmd: data=0x796c6d4b38 raw_cmd=0x0d000000 raw_next=0x28000000 cmd=13 next=0x00000028
09-18 07:27:18.133 16985 17036 I BKA-MODEL: DRAWDIST bswap data=0x796c6d4b38 branch=24 min=-1656,-200,4607 max=-1153,100,5043
09-18 07:27:18.133 16985 17036 I BKA-MODEL: geoCmd: data=0x796c6d4b60 raw_cmd=0x0d000000 raw_next=0x28000000 cmd=13 next=0x00000028
09-18 07:27:18.133 16985 17036 I BKA-MODEL: DRAWDIST bswap data=0x796c6d4b60 branch=24 min=886,-200,3751 max=1460,50,4248
09-18 07:27:18.133 16985 17036 I BKA-MODEL: geoCmd: data=0x796c6d4b88 raw_cmd=0x0d000000 raw_next=0x28000000 cmd=13 next=0x00000028
09-18 07:27:18.133 16985 17036 I BKA-MODEL: DRAWDIST bswap data=0x796c6d4b88 branch=24 min=-444,-200,3615 max=444,-50,4384
09-18 07:27:18.133 16985 17036 I BKA-MODEL: geoCmd: data=0x796c6d4bb0 raw_cmd=0x0d000000 raw_next=0x28000000 cmd=13 next=0x00000028
09-18 07:27:18.133 16985 17036 I BKA-MODEL: DRAWDIST bswap data=0x796c6d4bb0 branch=24 min=-304,-200,4595 max=304,50,5122
09-18 07:27:18.133 16985 17036 I BKA-MODEL: geoCmd: data=0x796c6d4bd8 raw_cmd=0x0d000000 raw_next=0x00000000 cmd=13 next=0x00000000
09-18 07:27:18.133 16985 17036 I BKA-MODEL: DRAWDIST bswap data=0x796c6d4bd8 branch=24 min=706,-200,4510 max=1314,100,5037
09-18 07:27:18.133 16985 17036 I BKA-MODEL: geoCmd: data=0x796c6d4c00 raw_cmd=0x0f000000 raw_next=0x38000000 cmd=15 next=0x00000038
09-18 07:27:18.133 16985 17036 I BKA-MODEL: CAMERA bswap data=0x796c6d4c00 branch=16 count=1 flags=1
09-18 07:27:18.133 16985 17036 I BKA-MODEL: geoCmd: data=0x796c6d4c10 raw_cmd=0x0d000000 raw_next=0x00000000 cmd=13 next=0x00000000
09-18 07:27:18.133 16985 17036 I BKA-MODEL: DRAWDIST bswap data=0x796c6d4c10 branch=24 min=-4700,200,-1743 max=-4194,800,800
09-18 07:27:18.133 16985 17036 I BKA-MODEL: geoCmd: data=0x796c6d4c38 raw_cmd=0x0d000000 raw_next=0x28000000 cmd=13 next=0x00000028
09-18 07:27:18.133 16985 17036 I BKA-MODEL: DRAWDIST bswap data=0x796c6d4c38 branch=24 min=-7200,1200,-3200 max=-6400,2500,-2600
09-18 07:27:18.133 16985 17036 I BKA-MODEL: geoCmd: data=0x796c6d4c60 raw_cmd=0x0d000000 raw_next=0x28000000 cmd=13 next=0x00000028
09-18 07:27:18.133 16985 17036 I BKA-MODEL: DRAWDIST bswap data=0x796c6d4c60 branch=24 min=-5704,200,85 max=-4600,1000,1200
09-18 07:27:18.133 16985 17036 I BKA-MODEL: geoCmd: data=0x796c6d4c88 raw_cmd=0x0d000000 raw_next=0x28000000 cmd=13 next=0x00000028
09-18 07:27:18.133 16985 17036 I BKA-MODEL: DRAWDIST bswap data=0x796c6d4c88 branch=24 min=-6304,200,85 max=-5704,1000,385
09-18 07:27:18.133 16985 17036 I BKA-MODEL: geoCmd: data=0x796c6d4cb0 raw_cmd=0x0d000000 raw_next=0x28000000 cmd=13 next=0x00000028
09-18 07:27:18.133 16985 17036 I BKA-MODEL: DRAWDIST bswap data=0x796c6d4cb0 branch=24 min=-6671,200,-565 max=-6304,1200,385
09-18 07:27:18.133 16985 17036 I BKA-MODEL: geoCmd: data=0x796c6d4cd8 raw_cmd=0x0d000000 raw_next=0x28000000 cmd=13 next=0x00000028
09-18 07:27:18.133 16985 17036 I BKA-MODEL: DRAWDIST bswap data=0x796c6d4cd8 branch=24 min=-6771,1000,-965 max=-6304,2500,385
09-18 07:27:18.133 16985 17036 I BKA-MODEL: DRAWDIST bswap data=0x796c6d4d00 branch=24 min=-6939,100,-2026 max=-6671,1300,-565
09-18 07:27:18.133 16985 17036 I BKA-MODEL: DRAWDIST bswap data=0x796c6d4d28 branch=24 min=-6939,1200,-2026 max=-6671,2500,-565
09-18 07:27:18.133 16985 17036 I BKA-MODEL: DRAWDIST bswap data=0x796c6d4d50 branch=24 min=-7200,1300,-2600 max=-6939,2500,-2026
09-18 07:27:18.133 16985 17036 I BKA-MODEL: DRAWDIST bswap data=0x796c6d4d78 branch=24 min=-7200,100,-2600 max=-6939,1300,-2026
09-18 07:27:18.133 16985 17036 I BKA-MODEL: DRAWDIST bswap data=0x796c6d4da0 branch=24 min=-7200,100,-3200 max=-6400,1300,-2600
09-18 07:27:18.133 16985 17036 I BKA-MODEL: DRAWDIST bswap data=0x796c6d4dc8 branch=24 min=-6584,800,-406 max=-5973,1100,143
09-18 07:27:18.133 16985 17036 I BKA-MODEL: DRAWDIST bswap data=0x796c6d4df0 branch=24 min=-6771,800,-1065 max=-6193,1200,-565
09-18 07:27:18.133 16985 17036 I BKA-MODEL: DRAWDIST bswap data=0x796c6d4e18 branch=24 min=-6939,800,-2026 max=-6477,1300,-1526
09-18 07:27:18.133 16985 17036 I BKA-MODEL: CAMERA bswap data=0x796c6d4e40 branch=16 count=1 flags=1
09-18 07:27:18.133 16985 17036 I BKA-MODEL: DRAWDIST bswap data=0x796c6d4e50 branch=24 min=-6304,800,85 max=-4600,1000,1600
09-18 07:27:18.133 16985 17036 I BKA-MODEL: DRAWDIST bswap data=0x796c6d4e78 branch=24 min=-6939,1300,-2026 max=-6477,1300,-1526
09-18 07:27:18.133 16985 17036 I BKA-MODEL: DRAWDIST bswap data=0x796c6d4ea0 branch=24 min=-6771,1200,-1065 max=-6193,1200,-565
09-18 07:27:18.133 16985 17036 I BKA-MODEL: DRAWDIST bswap data=0x796c6d4ec8 branch=24 min=-6584,1100,-406 max=-5973,1100,143
09-18 07:27:18.133 16985 17036 I BKA-MODEL: DRAWDIST bswap data=0x796c6d4ef0 branch=24 min=-7347,1200,-3294 max=-6741,1610,-2700
09-18 07:27:18.133 16985 17036 I BKA-MODEL: DRAWDIST bswap data=0x796c6d4f18 branch=24 min=-2506,-100,-1339 max=-1481,500,-152
09-18 07:27:18.133 16985 17036 I BKA-MODEL: DRAWDIST bswap data=0x796c6d4f40 branch=24 min=-4300,450,-1450 max=-3300,800,-650
09-18 07:27:18.133 16985 17036 I BKA-MODEL: DRAWDIST bswap data=0x796c6d4f68 branch=24 min=-3300,250,-1350 max=-2315,700,-604
09-18 07:27:18.133 16985 17036 I BKA-MODEL: DRAWDIST bswap data=0x796c6d4f90 branch=24 min=2839,0,1835 max=3292,400,2427
09-18 07:27:18.133 16985 17036 I BKA-MODEL: DRAWDIST bswap data=0x796c6d4fb8 branch=24 min=3089,0,78 max=4099,400,393
09-18 07:27:18.133 16985 17036 I BKA-MODEL: DRAWDIST bswap data=0x796c6d4fe0 branch=24 min=2839,0,393 max=3089,400,1835
09-18 07:27:18.133 16985 17036 I BKA-MODEL: DRAWDIST bswap data=0x796c6d5008 branch=24 min=3428,-503,6564 max=4876,300,6943
09-18 07:27:18.133 16985 17036 I BKA-MODEL: DRAWDIST bswap data=0x796c6d5030 branch=24 min=3292,-214,2427 max=3901,400,2996
09-18 07:27:18.133 16985 17036 I BKA-MODEL: DRAWDIST bswap data=0x796c6d5058 branch=24 min=1700,-153,3118 max=2497,400,4263
09-18 07:27:18.133 16985 17036 I BKA-MODEL: DRAWDIST bswap data=0x796c6d5080 branch=24 min=2486,-500,4263 max=2535,400,5695
09-18 07:27:18.133 16985 17036 I BKA-MODEL: DRAWDIST bswap data=0x796c6d50a8 branch=24 min=2486,-503,5695 max=3428,400,6687
09-18 07:27:18.133 16985 17036 I BKA-MODEL: DRAWDIST bswap data=0x796c6d50d0 branch=24 min=4812,-503,5967 max=5183,400,6921
09-18 07:27:18.134 16985 17036 I BKA-MODEL: DRAWDIST bswap data=0x796c6d50f8 branch=24 min=4979,-503,4382 max=5183,400,6050
09-18 07:27:18.134 16985 17036 I BKA-MODEL: DRAWDIST bswap data=0x796c6d5120 branch=24 min=3901,-437,2996 max=4979,400,4382
09-18 07:27:18.134 16985 17036 I BKA-MODEL: DRAWDIST bswap data=0x796c6d5148 branch=24 min=2783,-503,5762 max=3497,-500,6687
09-18 07:27:18.134 16985 17036 I BKA-MODEL: DRAWDIST bswap data=0x796c6d5170 branch=24 min=4518,-503,5603 max=4975,-499,6943
09-18 07:27:18.134 16985 17036 I BKA-MODEL: DRAWDIST bswap data=0x796c6d5198 branch=24 min=3797,-500,6596 max=4175,-250,6911
09-18 07:27:18.134 16985 17036 I BKA-MODEL: DRAWDIST bswap data=0x796c6d51c0 branch=24 min=3447,-270,6411 max=4498,42,6761
09-18 07:27:18.134 16985 17036 I BKA-MODEL: DRAWDIST bswap data=0x796c6d51e8 branch=24 min=3601,-450,6596 max=4349,-311,6596
09-18 07:27:18.134 16985 17036 I BKA-MODEL: DRAWDIST bswap data=0x796c6d5210 branch=24 min=4294,-500,6687 max=4655,4,6943
09-18 07:27:18.134 16985 17036 I BKA-MODEL: DRAWDIST bswap data=0x796c6d5238 branch=24 min=3428,-503,6471 max=4518,17,6687
09-18 07:27:18.134 16985 17036 I BKA-MODEL: DRAWDIST bswap data=0x796c6d5260 branch=24 min=3860,-503,5481 max=4152,-490,6597
09-18 07:27:18.134 16985 17036 I BKA-MODEL: DRAWDIST bswap data=0x796c6d5288 branch=24 min=3349,-503,5481 max=4654,-490,6687
09-18 07:27:18.134 16985 17036 I BKA-MODEL: DRAWDIST bswap data=0x796c6d52b0 branch=24 min=3853,-499,6585 max=3968,-311,6783
09-18 07:27:18.134 16985 17036 I BKA-MODEL: DRAWDIST bswap data=0x796c6d52d8 branch=24 min=4244,-490,5895 max=4404,-490,6097
09-18 07:27:18.134 16985 17036 I BKA-MODEL: DRAWDIST bswap data=0x796c6d5300 branch=24 min=3694,-490,5782 max=3854,-490,5911
09-18 07:27:18.134 16985 17036 I BKA-MODEL: DRAWDIST bswap data=0x796c6d5328 branch=24 min=4098,-490,6168 max=4301,-490,6360
09-18 07:27:18.134 16985 17036 I BKA-MODEL: DRAWDIST bswap data=0x796c6d5350 branch=24 min=3568,-490,6046 max=3832,-490,6296
09-18 07:27:18.134 16985 17036 I BKA-MODEL: DRAWDIST bswap data=0x796c6d5378 branch=24 min=2783,-500,5481 max=5183,-487,6943
09-18 07:27:18.134 16985 17036 I BKA-MODEL: CAMERA bswap data=0x796c6d53f0 branch=16 count=1 flags=1
09-18 07:27:18.134 16985 17036 I BKA-MODEL: DRAWDIST bswap data=0x796c6d5400 branch=24 min=1375,-114,-3231 max=2493,85,-2045
09-18 07:27:18.134 16985 17036 I BKA-MODEL: DRAWDIST bswap data=0x796c6d5428 branch=24 min=2290,-114,-2072 max=3311,0,-1089
09-18 07:27:18.134 16985 17036 I BKA-MODEL: CAMERA bswap data=0x796c6d5450 branch=16 count=1 flags=1
09-18 07:27:18.134 16985 17036 I BKA-MODEL: DRAWDIST bswap data=0x796c6d5460 branch=24 min=-6304,800,385 max=-4900,2500,1600
09-18 07:27:18.134 16985 17036 I BKA-MODEL: DRAWDIST bswap data=0x796c6d5488 branch=24 min=-3100,0,2000 max=-1400,1910,2800
09-18 07:27:18.134 16985 17036 I BKA-MODEL: DRAWDIST bswap data=0x796c6d54b0 branch=24 min=-4900,600,1600 max=-3100,1910,2100
09-18 07:27:18.134 16985 17036 I BKA-MODEL: CAMERA bswap data=0x796c6d54d8 branch=16 count=1 flags=1
09-18 07:27:18.134 16985 17036 I BKA-MODEL: DRAWDIST bswap data=0x796c6d54e8 branch=24 min=-2000,-200,2800 max=-1400,700,4200
09-18 07:27:18.134 16985 17036 I BKA-MODEL: DRAWDIST bswap data=0x796c6d5510 branch=24 min=1505,-200,3174 max=2100,600,5411
09-18 07:27:18.134 16985 17036 I BKA-MODEL: DRAWDIST bswap data=0x796c6d5538 branch=24 min=-600,-200,5411 max=1505,700,5500
09-18 07:27:18.134 16985 17036 I BKA-MODEL: DRAWDIST bswap data=0x796c6d5560 branch=24 min=-2000,-200,4200 max=-600,700,5500
09-18 07:27:18.134 16985 17036 I BKA-MODEL: CAMERA bswap data=0x796c6d5588 branch=16 count=1 flags=1
09-18 07:27:18.134 16985 17036 I BKA-MODEL: DRAWDIST bswap data=0x796c6d5598 branch=24 min=47,-200,2695 max=1000,0,3059
09-18 07:27:18.134 16985 17036 I BKA-MODEL: DRAWDIST bswap data=0x796c6d55c0 branch=24 min=937,-200,2800 max=2008,0,4167
09-18 07:27:18.134 16985 17036 I BKA-MODEL: DRAWDIST bswap data=0x796c6d55e8 branch=24 min=-1400,-200,2700 max=-267,0,2993
09-18 07:27:18.134 16985 17036 I BKA-MODEL: CAMERA bswap data=0x796c6d5610 branch=16 count=1 flags=1
09-18 07:27:18.134 16985 17036 I BKA-MODEL: DRAWDIST bswap data=0x796c6d5620 branch=24 min=-5078,200,-2383 max=-4194,798,-1132
09-18 07:27:18.134 16985 17036 I BKA-MODEL: CAMERA bswap data=0x796c6d5648 branch=16 count=1 flags=1
09-18 07:27:18.134 16985 17036 I BKA-MODEL: DRAWDIST bswap data=0x796c6d5658 branch=24 min=-4502,751,-2063 max=-4194,800,-1656
09-18 07:27:18.134 16985 17036 I BKA-MODEL: CAMERA bswap data=0x796c6d5680 branch=16 count=1 flags=1
09-18 07:27:18.134 16985 17036 I BKA-MODEL: DRAWDIST bswap data=0x796c6d5690 branch=24 min=-5200,400,300 max=-4400,800,1200
09-18 07:27:18.134 16985 17036 I BKA-MODEL: DRAWDIST bswap data=0x796c6d56b8 branch=24 min=-7200,100,-3200 max=-5856,200,-2026
09-18 07:27:18.134 16985 17036 I BKA-MODEL: DRAWDIST bswap data=0x796c6d56e0 branch=24 min=-5856,0,-2800 max=-4983,200,-1679
09-18 07:27:18.134 16985 17036 I BKA-MODEL: DRAWDIST bswap data=0x796c6d5708 branch=24 min=-6939,0,-2577 max=-5762,264,-965
09-18 07:27:18.134 16985 17036 I BKA-MODEL: DRAWDIST bswap data=0x796c6d5730 branch=24 min=-5762,0,-1780 max=-4300,200,-451
09-18 07:27:18.134 16985 17036 I BKA-MODEL: DRAWDIST bswap data=0x796c6d5758 branch=24 min=-6771,0,-1679 max=-5144,264,143
09-18 07:27:18.134 16985 17036 I BKA-MODEL: DRAWDIST bswap data=0x796c6d5780 branch=24 min=-6406,200,-174 max=-5200,400,500
09-18 07:27:18.134 16985 17036 I BKA-MODEL: DRAWDIST bswap data=0x796c6d57a8 branch=24 min=-5585,200,-750 max=-4300,600,500
09-18 07:27:18.134 16985 17036 I BKA-MODEL: CAMERA bswap data=0x796c6d57d0 branch=16 count=1 flags=1
09-18 07:27:18.134 16985 17036 I BKA-MODEL: DRAWDIST bswap data=0x796c6d57e0 branch=24 min=-4703,758,685 max=-4400,800,1200
09-18 07:27:18.134 16985 17036 I BKA-MODEL: CAMERA bswap data=0x796c6d5808 branch=16 count=1 flags=1
09-18 07:27:18.134 16985 17036 I BKA-MODEL: DRAWDIST bswap data=0x796c6d5818 branch=24 min=-1275,-500,711 max=0,-500,1806
09-18 07:27:18.134 16985 17036 I BKA-MODEL: DRAWDIST bswap data=0x796c6d5840 branch=24 min=0,-500,711 max=1281,-500,1806
09-18 07:27:18.134 16985 17036 I BKA-MODEL: DRAWDIST bswap data=0x796c6d5868 branch=24 min=-1281,-500,-1806 max=0,-500,-711
09-18 07:27:18.134 16985 17036 I BKA-MODEL: DRAWDIST bswap data=0x796c6d5890 branch=24 min=0,-500,-1806 max=1275,-500,-711
09-18 07:27:18.134 16985 17036 I BKA-MODEL: DRAWDIST bswap data=0x796c6d58b8 branch=24 min=711,-500,-964 max=1478,-500,0
09-18 07:27:18.134 16985 17036 I BKA-MODEL: DRAWDIST bswap data=0x796c6d58e0 branch=24 min=711,-500,-13 max=1806,-500,1275
09-18 07:27:18.134 16985 17036 I BKA-MODEL: DRAWDIST bswap data=0x796c6d5908 branch=24 min=-1806,-500,-1275 max=-711,-500,13
09-18 07:27:18.134 16985 17036 I BKA-MODEL: DRAWDIST bswap data=0x796c6d5930 branch=24 min=-1478,-500,0 max=-711,-500,964
09-18 07:27:18.134 16985 17036 I BKA-MODEL: DRAWDIST bswap data=0x796c6d5958 branch=24 min=-2037,-500,0 max=-1072,145,1419
09-18 07:27:18.134 16985 17036 I BKA-MODEL: DRAWDIST bswap data=0x796c6d5980 branch=24 min=1072,-500,-1419 max=2037,0,0
09-18 07:27:18.134 16985 17036 I BKA-MODEL: LOADDL: index=2297 ptr=0x796c6ad1a8 first4=FC269804
09-18 07:27:18.134 16985 17036 E BKA_GFX : MAPREG call#=11 key=0x6C6AD1A8 vaddr=0x796c6ad1a8
09-18 07:27:18.134 16985 17036 I BKA-MODEL: DRAWDIST bswap data=0x796c6d59b8 branch=24 min=2214,0,78 max=3089,50,1835
09-18 07:27:18.134 16985 17036 I BKA-MODEL: DRAWDIST bswap data=0x796c6d59e0 branch=24 min=1419,0,0 max=2301,50,1452
09-18 07:27:18.134 16985 17036 I BKA-MODEL: DRAWDIST bswap data=0x796c6d5a08 branch=24 min=-4700,624,-750 max=-3416,850,1005
09-18 07:27:18.134 16985 17036 I BKA-MODEL: DRAWDIST bswap data=0x796c6d5a30 branch=24 min=-3304,200,-650 max=-1936,750,768
09-18 07:27:18.134 16985 17036 I BKA-MODEL: DRAWDIST bswap data=0x796c6d5a58 branch=24 min=-4100,698,-2500 max=-3550,804,-1345
09-18 07:27:18.134 16985 17036 I BKA-MODEL: DRAWDIST bswap data=0x796c6d5a80 branch=24 min=535,85,-3153 max=923,135,-2309
09-18 07:27:18.134 16985 17036 I BKA-MODEL: DRAWDIST bswap data=0x796c6d5aa8 branch=24 min=-582,85,-2539 max=535,135,-2309
09-18 07:27:18.134 16985 17036 I BKA-MODEL: DRAWDIST bswap data=0x796c6d5ad0 branch=24 min=-1526,85,-2490 max=-582,245,-2218
09-18 07:27:18.134 16985 17036 I BKA-MODEL: DRAWDIST bswap data=0x796c6d5af8 branch=24 min=-1988,195,-2721 max=-1526,388,-2232
09-18 07:27:18.134 16985 17036 I BKA-MODEL: DRAWDIST bswap data=0x796c6d5b20 branch=24 min=-2602,338,-2721 max=-1988,493,-2323
09-18 07:27:18.134 16985 17036 I BKA-MODEL: DRAWDIST bswap data=0x796c6d5b48 branch=24 min=-3550,443,-2323 max=-2602,750,-1345
09-18 07:27:18.134 16985 17036 I BKA-MODEL: DRAWDIST bswap data=0x796c6d5b70 branch=24 min=-3913,700,-1747 max=-3600,789,-1350
09-18 07:27:18.134 16985 17036 I BKA-MODEL: DRAWDIST bswap data=0x796c6d5b98 branch=24 min=-4100,493,-3300 max=-2500,804,-2022
09-18 07:27:18.134 16985 17036 I BKA-MODEL: DRAWDIST bswap data=0x796c6d5bc0 branch=24 min=-582,50,-3400 max=923,135,-2309
09-18 07:27:18.134 16985 17036 I BKA-MODEL: DRAWDIST bswap data=0x796c6d5be8 branch=24 min=-1800,111,-3400 max=-400,366,-2218
09-18 07:27:18.134 16985 17036 I BKA-MODEL: DRAWDIST bswap data=0x796c6d5c10 branch=24 min=-2916,338,-3400 max=-1561,616,-2323
09-18 07:27:18.134 16985 17036 I BKA-MODEL: DRAWDIST bswap data=0x796c6d5c38 branch=24 min=-3913,605,-2181 max=-3203,789,-1350
09-18 07:27:18.134 16985 17036 I BKA-MODEL: DRAWDIST bswap data=0x796c6d5c60 branch=24 min=-3304,250,-650 max=-1936,750,768
09-18 07:27:18.134 16985 17036 I BKA-MODEL: DRAWDIST bswap data=0x796c6d5c88 branch=24 min=-4700,674,-750 max=-3416,850,1005
09-18 07:27:18.134 16985 17036 I BKA-MODEL: DRAWDIST bswap data=0x796c6d5cb0 branch=24 min=1419,50,0 max=2301,50,1452
09-18 07:27:18.134 16985 17036 I BKA-MODEL: DRAWDIST bswap data=0x796c6d5cd8 branch=24 min=2214,50,78 max=3089,50,1835
09-18 07:27:18.134 16985 17036 I BKA-MODEL: DRAWDIST bswap data=0x796c6d5d00 branch=24 min=0,1467,0 max=400,1800,400
09-18 07:27:18.134 16985 17036 I BKA-MODEL: DRAWDIST bswap data=0x796c6d5d28 branch=24 min=0,400,0 max=1006,629,1006
09-18 07:27:18.134 16985 17036 I BKA-MODEL: DRAWDIST bswap data=0x796c6d5d50 branch=24 min=0,400,-741 max=1006,923,0
09-18 07:27:18.134 16985 17036 I BKA-MODEL: DRAWDIST bswap data=0x796c6d5d78 branch=24 min=-600,400,-741 max=0,1200,0
09-18 07:27:18.134 16985 17036 I BKA-MODEL: DRAWDIST bswap data=0x796c6d5da0 branch=24 min=-599,400,0 max=0,1467,600
09-18 07:27:18.134 16985 17036 I BKA-MODEL: DRAWDIST bswap data=0x796c6d5dc8 branch=24 min=0,399,0 max=599,1800,599
09-18 07:27:18.134 16985 17036 I BKA-MODEL: DRAWDIST bswap data=0x796c6d5df0 branch=24 min=0,629,-400 max=600,1800,0
09-18 07:27:18.134 16985 17036 I BKA-MODEL: DRAWDIST bswap data=0x796c6d5e18 branch=24 min=-400,923,-400 max=0,1800,0
09-18 07:27:18.134 16985 17036 I BKA-MODEL: DRAWDIST bswap data=0x796c6d5e40 branch=24 min=-400,1200,0 max=0,1800,400
09-18 07:27:18.134 16985 17036 I BKA-MODEL: DRAWDIST bswap data=0x796c6d5e68 branch=24 min=-1006,-500,-1006 max=0,400,0
09-18 07:27:18.134 16985 17036 I BKA-MODEL: DRAWDIST bswap data=0x796c6d5e90 branch=24 min=0,-500,-1006 max=1006,400,0
09-18 07:27:18.134 16985 17036 I BKA-MODEL: DRAWDIST bswap data=0x796c6d5eb8 branch=24 min=0,-500,0 max=1006,400,1006
09-18 07:27:18.134 16985 17036 I BKA-MODEL: DRAWDIST bswap data=0x796c6d5ee0 branch=24 min=-1006,-500,0 max=0,400,1006
09-18 07:27:18.134 16985 17036 I BKA-MODEL: CAMERA bswap data=0x796c6d5f08 branch=16 count=1 flags=1
09-18 07:27:18.134 16985 17036 I BKA-MODEL: DRAWDIST bswap data=0x796c6d5f18 branch=24 min=-540,-494,-935 max=-56,-250,-505
09-18 07:27:18.134 16985 17036 I BKA-MODEL: DRAWDIST bswap data=0x796c6d5f40 branch=24 min=-400,1800,-400 max=400,1800,400
09-18 07:27:18.134 16985 17036 I BKA-MODEL: DRAWDIST bswap data=0x796c6d5f68 branch=24 min=-1006,400,-1006 max=1006,1066,1006
09-18 07:27:18.134 16985 17036 I BKA-MODEL: DRAWDIST bswap data=0x796c6d5f90 branch=24 min=-599,923,-741 max=599,1800,599
09-18 07:27:18.134 16985 17036 I BKA-MODEL: DRAWDIST bswap data=0x796c6d5fb8 branch=24 min=-3600,450,-1350 max=-3300,800,-650
09-18 07:27:18.134 16985 17036 I BKA-MODEL: CAMERA bswap data=0x796c6d5fe0 branch=16 count=1 flags=1
09-18 07:27:18.134 16985 17036 I BKA-MODEL: DRAWDIST bswap data=0x796c6d5ff0 branch=24 min=-891,0,-1784 max=-171,412,-782
09-18 07:27:18.134 16985 17036 I BKA-MODEL: DRAWDIST bswap data=0x796c6d6018 branch=24 min=3075,-114,-1116 max=4097,1000,-818
09-18 07:27:18.134 16985 17036 I BKA-MODEL: DRAWDIST bswap data=0x796c6d6040 branch=24 min=1672,399,3043 max=2643,1099,4263
09-18 07:27:18.134 16985 17036 I BKA-MODEL: DRAWDIST bswap data=0x796c6d6068 branch=24 min=-2000,400,2800 max=-1400,1500,4200
09-18 07:27:18.134 16985 17036 I BKA-MODEL: DRAWDIST bswap data=0x796c6d6090 branch=24 min=-4700,709,-3000 max=-3700,1530,-2100
09-18 07:27:18.134 16985 17036 I BKA-MODEL: DRAWDIST bswap data=0x796c6d60b8 branch=24 min=-3700,482,-3300 max=-2500,1530,-3000
09-18 07:27:18.134 16985 17036 I BKA-MODEL: DRAWDIST bswap data=0x796c6d60e0 branch=24 min=-2500,181,-3400 max=-1000,1300,-3300
09-18 07:27:18.134 16985 17036 I BKA-MODEL: DRAWDIST bswap data=0x796c6d6108 branch=24 min=-1000,0,-3400 max=285,1123,-3300
09-18 07:27:18.134 16985 17036 I BKA-MODEL: DRAWDIST bswap data=0x796c6d6130 branch=24 min=285,0,-3387 max=1375,1300,-2948
09-18 07:27:18.134 16985 17036 I BKA-MODEL: DRAWDIST bswap data=0x796c6d6158 branch=24 min=1375,-114,-3837 max=1820,1300,-2948
09-18 07:27:18.134 16985 17036 I BKA-MODEL: DRAWDIST bswap data=0x796c6d6180 branch=24 min=1712,-114,-4308 max=3517,1300,-3837
09-18 07:27:18.134 16985 17036 I BKA-MODEL: DRAWDIST bswap data=0x796c6d61a8 branch=24 min=3517,-114,-4214 max=4930,1500,-2645
09-18 07:27:18.134 16985 17036 I BKA-MODEL: DRAWDIST bswap data=0x796c6d61d0 branch=24 min=4097,-114,-2645 max=4930,1500,-1116
09-18 07:27:18.134 16985 17036 I BKA-MODEL: DRAWDIST bswap data=0x796c6d61f8 branch=24 min=3075,0,-818 max=3877,1000,-564
09-18 07:27:18.134 16985 17036 I BKA-MODEL: DRAWDIST bswap data=0x796c6d6220 branch=24 min=3877,200,-665 max=5527,1100,182
09-18 07:27:18.134 16985 17036 I BKA-MODEL: DRAWDIST bswap data=0x796c6d6248 branch=24 min=2486,300,5598 max=3428,1200,6687
09-18 07:27:18.134 16985 17036 I BKA-MODEL: DRAWDIST bswap data=0x796c6d6270 branch=24 min=2486,400,4197 max=2737,1200,5695
09-18 07:27:18.134 16985 17036 I BKA-MODEL: DRAWDIST bswap data=0x796c6d6298 branch=24 min=1415,399,3174 max=2100,1300,5411
09-18 07:27:18.134 16985 17036 I BKA-MODEL: DRAWDIST bswap data=0x796c6d62c0 branch=24 min=800,600,5033 max=1505,1500,5500
09-18 07:27:18.134 16985 17036 I BKA-MODEL: DRAWDIST bswap data=0x796c6d62e8 branch=24 min=-1700,700,5199 max=-600,1800,5500
09-18 07:27:18.134 16985 17036 I BKA-MODEL: DRAWDIST bswap data=0x796c6d6310 branch=24 min=-2000,700,4200 max=-1700,1700,5200
09-18 07:27:18.134 16985 17036 I BKA-MODEL: DRAWDIST bswap data=0x796c6d6338 branch=24 min=-600,700,5500 max=800,1800,5500
09-18 07:27:18.134 16985 17036 I BKA-MODEL: DRAWDIST bswap data=0x796c6d6360 branch=24 min=3399,300,6381 max=4812,1000,6687
09-18 07:27:18.134 16985 17036 I BKA-MODEL: DRAWDIST bswap data=0x796c6d6388 branch=24 min=4711,300,5068 max=5129,1300,6564
09-18 07:27:18.134 16985 17036 I BKA-MODEL: DRAWDIST bswap data=0x796c6d63b0 branch=24 min=4296,400,3725 max=5129,1200,5069
09-18 07:27:18.134 16985 17036 I BKA-MODEL: DRAWDIST bswap data=0x796c6d63d8 branch=24 min=3784,400,2669 max=4433,1000,3784
09-18 07:27:18.134 16985 17036 I BKA-MODEL: DRAWDIST bswap data=0x796c6d6400 branch=24 min=4051,400,1769 max=5391,1300,2669
09-18 07:27:18.134 16985 17036 I BKA-MODEL: DRAWDIST bswap data=0x796c6d6428 branch=24 min=5391,400,182 max=5563,1300,1769
09-18 07:27:18.134 16985 17036 I BKA-MODEL: DRAWDIST bswap data=0x796c6d6450 branch=24 min=-3550,555,-2022 max=-3070,702,-1345
09-18 07:27:18.134 16985 17036 I BKA-MODEL: DRAWDIST bswap data=0x796c6d6478 branch=24 min=-4900,700,1144 max=-4126,800,1600
09-18 07:27:18.134 16985 17036 I BKA-MODEL: DRAWDIST bswap data=0x796c6d64a0 branch=24 min=-360,-184,2387 max=271,0,3059
09-18 07:27:18.134 16985 17036 I BKA-MODEL: DRAWDIST bswap data=0x796c6d64c8 branch=24 min=-786,0,1957 max=-29,0,2466
09-18 07:27:18.134 16985 17036 I BKA-MODEL: DRAWDIST bswap data=0x796c6d64f0 branch=24 min=-1464,0,1836 max=-724,100,2197
09-18 07:27:18.134 16985 17036 I BKA-MODEL: DRAWDIST bswap data=0x796c6d6518 branch=24 min=-2178,100,1499 max=-1425,300,2053
09-18 07:27:18.134 16985 17036 I BKA-MODEL: DRAWDIST bswap data=0x796c6d6540 branch=24 min=-2927,300,1198 max=-2109,400,1715
09-18 07:27:18.134 16985 17036 I BKA-MODEL: DRAWDIST bswap data=0x796c6d6568 branch=24 min=-3550,675,-651 max=-3269,700,-134
09-18 07:27:18.134 16985 17036 I BKA-MODEL: DRAWDIST bswap data=0x796c6d6590 branch=24 min=-3527,550,-155 max=-3113,675,768
09-18 07:27:18.134 16985 17036 I BKA-MODEL: DRAWDIST bswap data=0x796c6d65b8 branch=24 min=-3416,400,725 max=-2804,624,1422
09-18 07:27:18.134 16985 17036 I BKA-MODEL: DRAWDIST bswap data=0x796c6d65e0 branch=24 min=-4165,600,758 max=-3262,700,1422
09-18 07:27:18.134 16985 17036 I BKA-MODEL: DRAWDIST bswap data=0x796c6d6608 branch=24 min=3248,0,-564 max=3856,200,-226
09-18 07:27:18.134 16985 17036 I BKA-MODEL: DRAWDIST bswap data=0x796c6d6630 branch=24 min=2487,0,-564 max=3254,0,78
09-18 07:27:18.134 16985 17036 I BKA-MODEL: DRAWDIST bswap data=0x796c6d6658 branch=24 min=2254,0,-148 max=2608,0,559
09-18 07:27:18.134 16985 17036 I BKA-MODEL: DRAWDIST bswap data=0x796c6d6680 branch=24 min=2060,0,552 max=2534,0,1166
09-18 07:27:18.134 16985 17036 I BKA-MODEL: DRAWDIST bswap data=0x796c6d66a8 branch=24 min=1567,0,1092 max=2401,0,1879
09-18 07:27:18.134 16985 17036 I BKA-MODEL: DRAWDIST bswap data=0x796c6d66d0 branch=24 min=3380,-503,4674 max=4590,-500,5762
09-18 07:27:18.134 16985 17036 I BKA-MODEL: DRAWDIST bswap data=0x796c6d66f8 branch=24 min=3335,-500,3774 max=4041,-300,4980
09-18 07:27:18.134 16985 17036 I BKA-MODEL: DRAWDIST bswap data=0x796c6d6720 branch=24 min=2838,-300,2740 max=3622,-126,3825
09-18 07:27:18.134 16985 17036 I BKA-MODEL: DRAWDIST bswap data=0x796c6d6748 branch=24 min=2394,-126,2193 max=3001,-53,2927
09-18 07:27:18.134 16985 17036 I BKA-MODEL: DRAWDIST bswap data=0x796c6d6770 branch=24 min=1834,-53,1853 max=2574,0,2415
09-18 07:27:18.134 16985 17036 I BKA-MODEL: DRAWDIST bswap data=0x796c6d6798 branch=24 min=997,0,1748 max=1893,0,2298
09-18 07:27:18.134 16985 17036 I BKA-MODEL: DRAWDIST bswap data=0x796c6d67c0 branch=24 min=-196,0,1975 max=1018,0,2450
09-18 07:27:18.134 16985 17036 I BKA-MODEL: DRAWDIST bswap data=0x796c6d67e8 branch=24 min=-3203,355,-2323 max=-1967,555,-1855
09-18 07:27:18.135 16985 17036 I BKA-MODEL: DRAWDIST bswap data=0x796c6d6810 branch=24 min=-1981,99,-2232 max=-932,355,-1890
09-18 07:27:18.135 16985 17036 I BKA-MODEL: DRAWDIST bswap data=0x796c6d6838 branch=24 min=-1128,0,-2490 max=-498,139,-1630
09-18 07:27:18.135 16985 17036 I BKA-MODEL: DRAWDIST bswap data=0x796c6d6860 branch=24 min=-582,85,-2539 max=535,85,-2106
09-18 07:27:18.135 16985 17036 I BKA-MODEL: DRAWDIST bswap data=0x796c6d6888 branch=24 min=479,51,-2309 max=1545,85,-1666
09-18 07:27:18.135 16985 17036 I BKA-MODEL: DRAWDIST bswap data=0x796c6d68b0 branch=24 min=2048,-114,-2328 max=2668,0,-1735
09-18 07:27:18.135 16985 17036 I BKA-MODEL: DRAWDIST bswap data=0x796c6d68d8 branch=24 min=1387,0,-2045 max=2290,51,-1401
09-18 07:27:18.135 16985 17036 I BKA-MODEL: DRAWDIST bswap data=0x796c6d6900 branch=24 min=1750,0,-1735 max=2392,0,-540
09-18 07:27:18.135 16985 17036 I BKA-MODEL: DRAWDIST bswap data=0x796c6d6928 branch=24 min=2037,0,-557 max=2695,0,45
09-18 07:27:18.135 16985 17036 I BKA-MODEL: DRAWDIST bswap data=0x796c6d6950 branch=24 min=3792,200,-538 max=4564,400,228
09-18 07:27:18.135 16985 17036 I BKA-MODEL: DRAWDIST bswap data=0x796c6d6978 branch=24 min=3487,379,78 max=4319,400,541
09-18 07:27:18.135 16985 17036 I BKA-MODEL: DRAWDIST bswap data=0x796c6d69a0 branch=24 min=-4700,698,-2500 max=-3718,800,-1400
09-18 07:27:18.135 16985 17036 I BKA-MODEL: DRAWDIST bswap data=0x796c6d69c8 branch=24 min=-1900,-50,2053 max=-267,254,2800
09-18 07:27:18.135 16985 17036 I BKA-MODEL: DRAWDIST bswap data=0x796c6d69f0 branch=24 min=-3100,100,1422 max=-1464,610,2200
09-18 07:27:18.135 16985 17036 I BKA-MODEL: DRAWDIST bswap data=0x796c6d6a18 branch=24 min=-222,-220,2988 max=1618,-184,3615
09-18 07:27:18.135 16985 17036 I BKA-MODEL: DRAWDIST bswap data=0x796c6d6a40 branch=24 min=-1900,-220,2800 max=47,-182,3615
09-18 07:27:18.135 16985 17036 I BKA-MODEL: DRAWDIST bswap data=0x796c6d6a68 branch=24 min=-4900,400,1175 max=-2697,800,2100
09-18 07:27:18.135 16985 17036 I BKA-MODEL: DRAWDIST bswap data=0x796c6d6a90 branch=24 min=-4600,699,800 max=-3732,800,1200
09-18 07:27:18.135 16985 17036 I BKA-MODEL: DRAWDIST bswap data=0x796c6d6ab8 branch=24 min=-1967,0,-2029 max=-891,355,-1262
09-18 07:27:18.135 16985 17036 I BKA-MODEL: DRAWDIST bswap data=0x796c6d6ae0 branch=24 min=-3350,200,-2113 max=-1481,702,-1262
09-18 07:27:18.135 16985 17036 I BKA-MODEL: DRAWDIST bswap data=0x796c6d6b08 branch=24 min=-2602,195,-2721 max=-1526,443,-2211
09-18 07:27:18.135 16985 17036 I BKA-MODEL: DRAWDIST bswap data=0x796c6d6b30 branch=24 min=-3600,675,-650 max=-3269,700,-135
09-18 07:27:18.135 16985 17036 I BKA-MODEL: DRAWDIST bswap data=0x796c6d6b58 branch=24 min=2214,-126,1633 max=3292,0,2740
09-18 07:27:18.135 16985 17036 I BKA-MODEL: DRAWDIST bswap data=0x796c6d6b80 branch=24 min=3001,-360,2427 max=4433,0,3774
09-18 07:27:18.135 16985 17036 I BKA-MODEL: DRAWDIST bswap data=0x796c6d6ba8 branch=24 min=3622,-500,3725 max=5129,-300,5078
09-18 07:27:18.135 16985 17036 I BKA-MODEL: DRAWDIST bswap data=0x796c6d6bd0 branch=24 min=4462,-503,5006 max=5183,-400,6050
09-18 07:27:18.135 16985 17036 I BKA-MODEL: DRAWDIST bswap data=0x796c6d6bf8 branch=24 min=2486,-503,4840 max=3498,-299,6437
09-18 07:27:18.135 16985 17036 I BKA-MODEL: DRAWDIST bswap data=0x796c6d6c20 branch=24 min=2729,-500,2927 max=3489,-126,4984
09-18 07:27:18.135 16985 17036 I BKA-MODEL: DRAWDIST bswap data=0x796c6d6c48 branch=24 min=1890,-233,2415 max=2838,-10,3680
09-18 07:27:18.135 16985 17036 I BKA-MODEL: DRAWDIST bswap data=0x796c6d6c70 branch=24 min=1000,-53,2100 max=2394,10,3200
09-18 07:27:18.135 16985 17036 I BKA-MODEL: DRAWDIST bswap data=0x796c6d6c98 branch=24 min=60,0,2298 max=1018,0,2800
09-18 07:27:18.135 16985 17036 I BKA-MODEL: DRAWDIST bswap data=0x796c6d6cc0 branch=24 min=-196,0,1412 max=1813,0,2148
09-18 07:27:18.135 16985 17036 I BKA-MODEL: DRAWDIST bswap data=0x796c6d6ce8 branch=24 min=-1425,0,1419 max=0,100,2148
09-18 07:27:18.135 16985 17036 I BKA-MODEL: DRAWDIST bswap data=0x796c6d6d10 branch=24 min=-2236,0,865 max=-1412,300,1836
09-18 07:27:18.135 16985 17036 I BKA-MODEL: DRAWDIST bswap data=0x796c6d6d38 branch=24 min=-3113,150,759 max=-2026,550,1499
09-18 07:27:18.135 16985 17036 I BKA-MODEL: DRAWDIST bswap data=0x796c6d6d60 branch=24 min=-2598,150,0 max=-1962,450,885
09-18 07:27:18.135 16985 17036 I BKA-MODEL: DRAWDIST bswap data=0x796c6d6d88 branch=24 min=2913,379,115 max=3551,400,1049
09-18 07:27:18.135 16985 17036 I BKA-MODEL: DRAWDIST bswap data=0x796c6d6db0 branch=24 min=2839,379,966 max=3579,400,2427
09-18 07:27:18.135 16985 17036 I BKA-MODEL: DRAWDIST bswap data=0x796c6d6dd8 branch=24 min=3292,379,2279 max=4768,400,2996
09-18 07:27:18.135 16985 17036 I BKA-MODEL: DRAWDIST bswap data=0x796c6d6e00 branch=24 min=4360,379,814 max=5563,400,2564
09-18 07:27:18.135 16985 17036 I BKA-MODEL: DRAWDIST bswap data=0x796c6d6e28 branch=24 min=4388,379,-497 max=5563,400,862
09-18 07:27:18.135 16985 17036 I BKA-MODEL: DRAWDIST bswap data=0x796c6d6e50 branch=24 min=3248,0,-664 max=4762,400,-230
09-18 07:27:18.135 16985 17036 I BKA-MODEL: DRAWDIST bswap data=0x796c6d6e78 branch=24 min=2608,0,-267 max=4099,400,393
09-18 07:27:18.135 16985 17036 I BKA-MODEL: DRAWDIST bswap data=0x796c6d6ea0 branch=24 min=2290,0,-1735 max=3248,0,-334
09-18 07:27:18.135 16985 17036 I BKA-MODEL: DRAWDIST bswap data=0x796c6d6ec8 branch=24 min=1962,0,-540 max=2301,0,45
09-18 07:27:18.135 16985 17036 I BKA-MODEL: DRAWDIST bswap data=0x796c6d6ef0 branch=24 min=1387,0,-1666 max=2026,51,-865
09-18 07:27:18.135 16985 17036 I BKA-MODEL: DRAWDIST bswap data=0x796c6d6f18 branch=24 min=-666,0,-2309 max=1412,85,-1419
09-18 07:27:18.135 16985 17036 I BKA-MODEL: DRAWDIST bswap data=0x796c6d6f40 branch=24 min=535,0,-3153 max=2127,85,-1895
09-18 07:27:18.135 16985 17036 I BKA-MODEL: DRAWDIST bswap data=0x796c6d6f78 branch=24 min=1890,-500,2832 max=3489,-10,5695
09-18 07:27:18.135 16985 17036 I BKA-MODEL: DRAWDIST bswap data=0x796c6d6fa0 branch=24 min=2486,-500,5006 max=5183,-392,6437
09-18 07:27:18.135 16985 17036 I BKA-MODEL: CAMERA bswap data=0x796c6d7018 branch=16 count=1 flags=1
09-18 07:27:18.135 16985 17036 I BKA-MODEL: DRAWDIST bswap data=0x796c6d7028 branch=24 min=3948,303,1430 max=4193,427,1655
09-18 07:27:18.135 16985 17036 I BKA-MODEL: DRAWDIST bswap data=0x796c6d7050 branch=24 min=4041,400,1736 max=5391,434,2669
09-18 07:27:18.135 16985 17036 I BKA-MODEL: DRAWDIST bswap data=0x796c6d7078 branch=24 min=2913,400,-93 max=4318,434,1049
09-18 07:27:18.135 16985 17036 I BKA-MODEL: DRAWDIST bswap data=0x796c6d70a0 branch=24 min=4216,400,-230 max=5563,434,888
09-18 07:27:18.135 16985 17036 I BKA-MODEL: DRAWDIST bswap data=0x796c6d70c8 branch=24 min=2839,400,966 max=4153,434,1835
09-18 07:27:18.135 16985 17036 I BKA-MODEL: DRAWDIST bswap data=0x796c6d70f0 branch=24 min=4041,400,814 max=5563,434,1789
09-18 07:27:18.135 16985 17036 I BKA-MODEL: DRAWDIST bswap data=0x796c6d7118 branch=24 min=2839,400,1789 max=4360,434,2669
09-18 07:27:18.135 16985 17036 I BKA-MODEL: CAMERA bswap data=0x796c6d7140 branch=16 count=1 flags=1
09-18 07:27:18.135 16985 17036 I BKA-MODEL: DRAWDIST bswap data=0x796c6d7150 branch=24 min=-2000,-200,2800 max=1984,-182,5500
09-18 07:27:18.135 16985 17036 I BKA-MODEL: DRAWDIST bswap data=0x796c6d7178 branch=24 min=-3223,-189,2047 max=2210,-189,6455
09-18 07:27:18.135 16985 17036 I BKA-MODEL: CAMERA bswap data=0x796c6d71a0 branch=16 count=1 flags=1
09-18 07:27:18.135 16985 17036 I BKA-MODEL: DRAWDIST bswap data=0x796c6d71b0 branch=24 min=-4376,1300,2000 max=-1400,2299,4745
09-18 07:27:18.135 16985 17036 I BKA-MODEL: DRAWDIST bswap data=0x796c6d71d8 branch=24 min=-3338,1300,4200 max=1415,2000,7305
09-18 07:27:18.135 16985 17036 I BKA-MODEL: DRAWDIST bswap data=0x796c6d7200 branch=24 min=1415,879,3043 max=2737,1300,5598
09-18 07:27:18.135 16985 17036 I BKA-MODEL: DRAWDIST bswap data=0x796c6d7228 branch=24 min=1230,900,5033 max=4895,1600,8325
09-18 07:27:18.135 16985 17036 I BKA-MODEL: DRAWDIST bswap data=0x796c6d7250 branch=24 min=4711,900,4406 max=8609,1553,8325
09-18 07:27:18.135 16985 17036 I BKA-MODEL: DRAWDIST bswap data=0x796c6d7278 branch=24 min=3784,900,1769 max=5481,1300,4406
09-18 07:27:18.135 16985 17036 I BKA-MODEL: DRAWDIST bswap data=0x796c6d72a0 branch=24 min=3075,900,-1688 max=4904,1300,-497
09-18 07:27:18.135 16985 17036 I BKA-MODEL: DRAWDIST bswap data=0x796c6d72c8 branch=24 min=4762,900,-497 max=8609,1553,5439
09-18 07:27:18.135 16985 17036 I BKA-MODEL: DRAWDIST bswap data=0x796c6d72f0 branch=24 min=4460,1100,-5747 max=7573,2100,-424
09-18 07:27:18.135 16985 17036 I BKA-MODEL: DRAWDIST bswap data=0x796c6d7318 branch=24 min=-7004,1899,385 max=-4200,2799,3624
09-18 07:27:18.135 16985 17036 I BKA-MODEL: DRAWDIST bswap data=0x796c6d7340 branch=24 min=-8470,2500,-3430 max=-6304,3300,1650
09-18 07:27:18.135 16985 17036 I BKA-MODEL: DRAWDIST bswap data=0x796c6d7368 branch=24 min=-7797,2500,-3964 max=-6400,2500,-2600
09-18 07:27:18.135 16985 17036 I BKA-MODEL: DRAWDIST bswap data=0x796c6d7390 branch=24 min=-7539,2100,-2300 max=-6406,2500,143
09-18 07:27:18.135 16985 17036 I BKA-MODEL: DRAWDIST bswap data=0x796c6d73b8 branch=24 min=-6969,2500,-3964 max=-5998,3200,-3153
09-18 07:27:18.135 16985 17036 I BKA-MODEL: DRAWDIST bswap data=0x796c6d73e0 branch=24 min=-7434,2200,-1303 max=-6304,3100,385
09-18 07:27:18.135 16985 17036 I BKA-MODEL: DRAWDIST bswap data=0x796c6d7408 branch=24 min=-7797,2400,-3430 max=-7200,3100,-1303
09-18 07:27:18.135 16985 17036 I BKA-MODEL: DRAWDIST bswap data=0x796c6d7430 branch=24 min=-5998,2200,-3153 max=-4700,3400,-2600
09-18 07:27:18.135 16985 17036 I BKA-MODEL: DRAWDIST bswap data=0x796c6d7458 branch=24 min=-6969,2880,-7259 max=-2353,3937,-2599
09-18 07:27:18.135 16985 17036 I BKA-MODEL: DRAWDIST bswap data=0x796c6d7480 branch=24 min=2345,1500,-6650 max=5481,3453,-3486
09-18 07:27:18.135 16985 17036 I BKA-MODEL: DRAWDIST bswap data=0x796c6d74a8 branch=24 min=-39,1500,-7779 max=5481,3979,-3486
09-18 07:27:18.135 16985 17036 I BKA-MODEL: DRAWDIST bswap data=0x796c6d74d0 branch=24 min=-4666,2364,-7779 max=0,3979,-3614
09-18 07:27:18.135 16985 17036 I BKA-MODEL: DRAWDIST bswap data=0x796c6d74f8 branch=24 min=2345,1258,-4308 max=4460,2563,-3486
09-18 07:27:18.135 16985 17036 I BKA-MODEL: DRAWDIST bswap data=0x796c6d7520 branch=24 min=-4700,1300,-3614 max=-3700,3400,-2100
09-18 07:27:18.135 16985 17036 I BKA-MODEL: DRAWDIST bswap data=0x796c6d7548 branch=24 min=-3700,1300,-3884 max=-2500,3081,-3000
09-18 07:27:18.135 16985 17036 I BKA-MODEL: DRAWDIST bswap data=0x796c6d7570 branch=24 min=-2500,1123,-4348 max=-1000,2890,-3300
09-18 07:27:18.135 16985 17036 I BKA-MODEL: DRAWDIST bswap data=0x796c6d7598 branch=24 min=-1088,1040,-4348 max=524,2364,-3299
09-18 07:27:18.135 16985 17036 I BKA-MODEL: DRAWDIST bswap data=0x796c6d75c0 branch=24 min=285,1040,-4348 max=1375,2364,-2948
09-18 07:27:18.135 16985 17036 I BKA-MODEL: DRAWDIST bswap data=0x796c6d75e8 branch=24 min=1043,1300,-4348 max=2345,2675,-2948
09-18 07:27:18.135 16985 17036 I BKA-MODEL: CAMERA bswap data=0x796c6d7610 branch=16 count=1 flags=1
09-18 07:27:18.135 16985 17036 I BKA-MODEL: DRAWDIST bswap data=0x796c6d7620 branch=24 min=1712,-114,-4308 max=4930,0,-1089
09-18 07:27:18.135 16985 17036 I BKA-MODEL: DRAWDIST bswap data=0x796c6d7648 branch=24 min=1659,-109,-4739 max=4791,-88,-907
09-18 07:27:18.135 16985 17036 I BKA-MODEL: DRAWDIST bswap data=0x796c6d7670 branch=24 min=-795,1546,-4424 max=795,2815,-3295
09-18 07:27:18.135 16985 17036 I BKA-MODEL: DRAWDIST bswap data=0x796c6d7698 branch=24 min=-375,1783,-3791 max=375,2112,-2801
09-18 07:27:18.135 16985 17036 I BKA-MODEL: DRAWDIST bswap data=0x796c6d76c0 branch=24 min=-231,1783,-3047 max=279,2105,-2837
09-18 07:27:18.135 16985 17036 I BKA-MODEL: DRAWDIST bswap data=0x796c6d76e8 branch=24 min=-533,2187,-3430 max=0,2737,-2959
09-18 07:27:18.135 16985 17036 I BKA-MODEL: DRAWDIST bswap data=0x796c6d7710 branch=24 min=0,2217,-3430 max=534,2737,-2959
09-18 07:27:18.135 16985 17036 I BKA-MODEL: DRAWDIST bswap data=0x796c6d7738 branch=24 min=-375,1176,-3547 max=375,2036,-2342
09-18 07:27:18.135 16985 17036 I BKA-MODEL: DRAWDIST bswap data=0x796c6d7760 branch=24 min=-533,1821,-3771 max=534,2960,-2809
09-18 07:27:18.135 16985 17036 I BKA-MODEL: DRAWDIST bswap data=0x796c6d7788 branch=24 min=-219,2100,-3084 max=219,2732,-2396
09-18 07:27:18.135 16985 17036 I BKA-MODEL: DRAWDIST bswap data=0x796c6d77b0 branch=24 min=-279,2412,-2999 max=304,2537,-2905
09-18 07:27:18.135 16985 17036 I BKA-MODEL: DRAWDIST bswap data=0x796c6d77d8 branch=24 min=-1475,2035,-4675 max=1475,2980,-2062
09-18 07:27:18.135 16985 17036 I BKA-MODEL: DRAWDIST bswap data=0x796c6d7800 branch=24 min=-671,6200,-3930 max=471,6600,-2979
09-18 07:27:18.135 16985 17036 I BKA-MODEL: DRAWDIST bswap data=0x796c6d7828 branch=24 min=-894,2635,-4283 max=767,3781,-2789
09-18 07:27:18.135 16985 17036 I BKA-MODEL: DRAWDIST bswap data=0x796c6d7850 branch=24 min=-671,5954,-4093 max=471,6200,-2979
09-18 07:27:18.135 16985 17036 I BKA-MODEL: DRAWDIST bswap data=0x796c6d7878 branch=24 min=-534,4910,-4081 max=650,5954,-2990
09-18 07:27:18.135 16985 17036 I BKA-MODEL: DRAWDIST bswap data=0x796c6d78a0 branch=24 min=-894,3780,-4213 max=650,4910,-2859
09-18 07:27:18.135 16985 17036 I BKA-MODEL: LOADDL: index=6538 ptr=0x796c6bdab8 first4=05880514
09-18 07:27:18.135 16985 17036 W BKA-MODEL: LOADDL refusing index=6538 ptr=0x796c6bdab8 (not a DL)
09-18 07:27:18.135 16985 17036 I BKA-MODEL: DRAWDIST bswap data=0x796c6d78d8 branch=24 min=76,1799,-408 max=124,1950,-359
09-18 07:27:18.135 16985 17036 I BKA-MODEL: DRAWDIST bswap data=0x796c6d7900 branch=24 min=76,1783,-2842 max=124,1933,-2793
09-18 07:27:18.135 16985 17036 I BKA-MODEL: DRAWDIST bswap data=0x796c6d7928 branch=24 min=-124,1783,-2842 max=-76,1933,-2793
09-18 07:27:18.135 16985 17036 I BKA-MODEL: DRAWDIST bswap data=0x796c6d7950 branch=24 min=-124,1800,-408 max=-76,1950,-359
09-18 07:27:18.135 16985 17036 I BKA_GFX : mapModel_opa_draw: modelRender_draw returned
09-18 07:27:18.135 16985 17036 I BKA_GFX : player_draw entry
09-18 07:27:18.135 16985 17036 I BKA_GFX : player_draw: D_8037BFB8=0 D_8037BFB9=0
09-18 07:27:18.135 16985 17036 I BKA_GFX : modelRender_draw ENTER model_bin=0x7a010f9200
09-18 07:27:18.135 16985 17036 I BKA_GFX : modelRender_draw: sanitized camera position
09-18 07:27:18.135 16985 17036 E BKA_GFX : MAPREG call#=12 key=0x01102650 vaddr=0x7a01102650
09-18 07:27:18.135 16985 17036 E BKA_GFX : MAPREG call#=13 key=0x01103240 vaddr=0x7a01103240
09-18 07:27:18.135 16985 17036 E BKA_GFX : SEGSETUP-b100 vtx=0x7a01102650 vtx_phys=0x01102650 tex=0x7a01103240 tex_phys=0x01103240
09-18 07:27:18.135 16985 17036 E BKA_GFX : MAPREG call#=14 key=0x01102650 vaddr=0x7a01102650
09-18 07:27:18.135 16985 17036 E BKA_GFX : MAPREG call#=15 key=0x01103240 vaddr=0x7a01103240
09-18 07:27:18.135 16985 17036 E BKA_GFX : GDMARA #7 ra=0x7979537c58 first_v=0x79795c2150 total=19
09-18 07:27:18.135 16985 17036 E BKA_GFX : MAPREG call#=16 key=0x795C25A0 vaddr=0x79795c25a0
09-18 07:27:18.135 16985 17036 E BKA-MODEL: modelRender_draw: model_bin=0x7a010f9200 raw_geo_off=0x30d00000 swapped=0x0000d030 geoCmd=0x7a01106230
09-18 07:27:18.135 16985 17036 I BKA-MODEL: DRAWDIST bswap data=0x7a01106280 branch=24 min=2783,-500,5481 max=5183,-324,6437
09-18 07:27:18.135 16985 17036 I BKA-MODEL: DRAWDIST bswap data=0x7a011062a8 branch=24 min=2916,400,132 max=4058,525,2910
09-18 07:27:18.135 16985 17036 I BKA-MODEL: DRAWDIST bswap data=0x7a011062f8 branch=24 min=-515,1485,-2809 max=527,2152,-391
09-18 07:27:18.135 16985 17036 I BKA-MODEL: DRAWDIST bswap data=0x7a01106340 branch=24 min=-7797,700,-4056 max=-6228,2537,-2450
09-18 07:27:18.135 16985 17036 I BKA-MODEL: DRAWDIST bswap data=0x7a01106368 branch=24 min=-7387,700,-1385 max=-6776,2225,-861
09-18 07:27:18.135 16985 17036 I BKA-MODEL: CAMERA bswap data=0x7a011063b8 branch=16 count=1 flags=1
09-18 07:27:18.135 16985 17036 I BKA-MODEL: DRAWDIST bswap data=0x7a011063c8 branch=24 min=-2038,-150,-2038 max=0,-150,0
09-18 07:27:18.135 16985 17036 I BKA-MODEL: DRAWDIST bswap data=0x7a011063f0 branch=24 min=0,-150,0 max=2038,-150,2038
09-18 07:27:18.135 16985 17036 I BKA-MODEL: DRAWDIST bswap data=0x7a01106418 branch=24 min=-2501,-150,0 max=0,-150,2038
09-18 07:27:18.136 16985 17036 I BKA-MODEL: DRAWDIST bswap data=0x7a01106440 branch=24 min=0,-150,-2038 max=2540,-150,0
09-18 07:27:18.136 16985 17036 I BKA-MODEL: DRAWDIST bswap data=0x7a01106468 branch=24 min=1355,-139,-1419 max=2037,0,0
09-18 07:27:18.136 16985 17036 I BKA-MODEL: DRAWDIST bswap data=0x7a011064e0 branch=24 min=-2037,-129,0 max=-1355,150,1419
09-18 07:27:18.136 16985 17036 I BKA-MODEL: CAMERA bswap data=0x7a01106558 branch=16 count=1 flags=1
09-18 07:27:18.136 16985 17036 I BKA-MODEL: DRAWDIST bswap data=0x7a01106568 branch=24 min=-1936,-150,-1262 max=-1102,-130,-73
09-18 07:27:18.136 16985 17036 I BKA-MODEL: CAMERA bswap data=0x7a01106590 branch=16 count=1 flags=1
09-18 07:27:18.136 16985 17036 I BKA-MODEL: DRAWDIST bswap data=0x7a011065a0 branch=24 min=-2004,-150,-1429 max=-919,-120,116
09-18 07:27:18.136 16985 17036 I BKA-MODEL: CAMERA bswap data=0x7a011065c8 branch=16 count=1 flags=1
09-18 07:27:18.136 16985 17036 I BKA-MODEL: DRAWDIST bswap data=0x7a011065d8 branch=24 min=-6771,700,-1476 max=-5463,700,-317
09-18 07:27:18.136 16985 17036 I BKA-MODEL: DRAWDIST bswap data=0x7a01106600 branch=24 min=-5704,700,-400 max=-4400,700,1200
09-18 07:27:18.136 16985 17036 I BKA-MODEL: DRAWDIST bswap data=0x7a01106628 branch=24 min=-5837,700,-1743 max=-4194,700,-215
09-18 07:27:18.136 16985 17036 I BKA-MODEL: DRAWDIST bswap data=0x7a01106650 branch=24 min=-6105,700,-2800 max=-4194,700,-1476
09-18 07:27:18.136 16985 17036 I BKA-MODEL: DRAWDIST bswap data=0x7a01106678 branch=24 min=-6939,700,-2182 max=-5837,700,-965
09-18 07:27:18.136 16985 17036 I BKA-MODEL: DRAWDIST bswap data=0x7a011066a0 branch=24 min=-7200,700,-3200 max=-5799,700,-2003
09-18 07:27:18.136 16985 17036 I BKA-MODEL: DRAWDIST bswap data=0x7a011066c8 branch=24 min=-6584,700,-869 max=-5153,700,385
09-18 07:27:18.136 16985 17036 I BKA-MODEL: DRAWDIST bswap data=0x7a011066f0 branch=24 min=-2506,4,-1339 max=-1487,350,-150
09-18 07:27:18.136 16985 17036 I BKA-MODEL: DRAWDIST bswap data=0x7a01106718 branch=24 min=-5031,550,-1743 max=-3600,705,-400
09-18 07:27:18.136 16985 17036 I BKA-MODEL: DRAWDIST bswap data=0x7a01106740 branch=24 min=-3600,350,-1350 max=-2315,550,-604
09-18 07:27:18.136 16985 17036 I BKA-MODEL: LOADDL: index=640 ptr=0x7a01103708 first4=014C17A1
09-18 07:27:18.136 16985 17036 E BKA_GFX : MAPREG call#=17 key=0x01103708 vaddr=0x7a01103708
09-18 07:27:18.136 16985 17036 I BKA-MODEL: DRAWDIST bswap data=0x7a01106778 branch=24 min=-7200,700,-3162 max=-6055,720,-2134
09-18 07:27:18.136 16985 17036 I BKA-MODEL: DRAWDIST bswap data=0x7a011067a0 branch=24 min=-7342,700,-3271 max=-5853,729,-1935
09-18 07:27:18.136 16985 17036 I BKA-MODEL: DRAWDIST bswap data=0x7a011067c8 branch=24 min=-6939,704,-1681 max=-6326,720,-745
09-18 07:27:18.136 16985 17036 I BKA-MODEL: DRAWDIST bswap data=0x7a011067f0 branch=24 min=-6970,704,-1822 max=-6173,728,-604
09-18 07:27:18.136 16985 17036 E BKA-PRINT: func_802E5F10: D_8037E900 NULL, initializing
09-18 07:27:18.136 16985 17036 I BKA-CORE: assetcache_get: START assetId=1769
09-18 07:27:18.136 16985 17036 I BKA-CORE: assetcache_get: comp_size=4856
09-18 07:27:18.136 16985 17036 I BKA-CORE: assetcache_get: COMPRESSED assetId=1769, reading header
09-18 07:27:18.136 16985 17036 I BKA-PI  : ROM read @0x004A72E8 size=16 first16: 11 72 00 00 2D 70 9D 5A 09 5C 95 55 D3 1F 43 2E
09-18 07:27:18.136 16985 17036 I BKA-CORE: assetcache_get: uncomp_size=11632
09-18 07:27:18.136 16985 17036 I BKA-CORE: assetcache_get: single alloc uncomp=0x7a01135a80 comp=0x7a011387f0
09-18 07:27:18.136 16985 17036 I BKA-CORE: assetcache_get: before piMgr_read assetId=1769
09-18 07:27:18.136 16985 17036 I BKA-CORE: assetcache_get: after piMgr_read assetId=1769
09-18 07:27:18.136 16985 17036 I BKA-CORE: assetcache_get: before bk_inflate assetId=1769
09-18 07:27:18.136 16985 17036 I BKA-CORE: assetcache_get: after bk_inflate assetId=1769
09-18 07:27:18.136 16985 17036 I BKA-CORE: assetcache_get: COMPLETE assetId=1769
09-18 07:27:18.136 16985 17036 E BKA-FONT: func_802E4D8C: sprite=0x7a010b1000 frame=0x7a010b1018 chunk_cnt=106
09-18 07:27:18.136 16985 17036 E BKA-FONT: func_802E4E54: font_id=0 half_width=5 height=11
09-18 07:27:18.136 16985 17036 E BKA-FONT: func_802E6820: SKIPPING font defrag relocation (temporary no-op)
09-18 07:27:18.136 16985 17036 E BKA-PRINT: func_802E5F10: after init D_8037E900=0x7a0101cce0
09-18 07:27:18.136 16985 17036 I BKA-RDP : osRecvMesg: message 1 received
09-18 07:27:18.136 16985 17036 I BKA-RDP : osSendMesg: message 8 sent to mq=0x797ab50c90
09-18 07:27:18.136 16985 17036 I BKA-RDP : osSendMesg: message 9 sent to mq=0x797ab51220
09-18 07:27:18.136 16985 17036 I BKA-TASK: handleF3DEX: sUnkFlag1=0x10 task7=0
09-18 07:27:18.136 16985 17036 E BKA_GFX : TASK SUBMIT: ptr=0x7a010c5ac0 size=2592 first_w0=0xBC000006 last_w0=0xA05D5C00
09-18 07:27:18.136 16985 17036 E BKA_GFX : TASKBYTES [0-15]  060000BC 00000000 005C2498 00010003
09-18 07:27:18.136 16985 17036 E BKA_GFX : TASKBYTES [16-31] 1D0300B9 00000000 005C2558 00000004
09-18 07:27:18.136 16985 17036 E BKA_GFX : TASKBYTES [32-47] 000000B6 05321F00 005C2558 00000004
09-18 07:27:18.136 16985 17036 E BKA_GFX : TASKBYTES [48-63] 000000E7 00000000 005C2558 00000004
09-18 07:27:18.136 16985 17036 E BKA_GFX : RSP_ProcessGfxTask CALL #1: tp=0x79795ad738 type=1 data=0x7a010c5ac0 size=2592 dmemVertexCount=0
09-18 07:27:18.136 16985 17036 E BKA_GFX : TASK#1 data=0x7a010c5ac0 size=2592 bytes: 060000BC 00000000 005C2498 00010003 | 1D0300B9 00000000 005C2558 00000004
09-18 07:27:18.137 16985 17036 I BKA_GFX : Framebuffers cleared (first frame)
09-18 07:27:18.137 16985 17036 E BKA_GFX : DLENC AMBIG->LE @0x7a010c5ac0 bytes 060000BC
09-18 07:27:18.137 16985 17036 E BKA_GFX : ENCDUMP @0x7a010c5ac0 enc=1 w0=0xBC000006 w1=0x00000000 op=0xBC depth=0 first4=060000BC
09-18 07:27:18.137 16985 17036 E BKA_GFX : CMD t#1 @0x7a010c5ac0 raw=060000BC 00000000 w0=0xBC000006 w1=0x00000000 op=0xBC enc=1 depth=0
09-18 07:27:18.137 16985 17036 I BKA_GFX : Cmd_MoveWord SEGMENT seg=0 base=0x00000000
09-18 07:27:18.137 16985 17036 E BKA_GFX : ENCFLIP at cur=0x7a010c5ac8 total=2 depth=0 0 -> 1 bytes=005C2498
09-18 07:27:18.137 16985 17036 E BKA_GFX : CMD t#2 @0x7a010c5ac8 raw=005C2498 00010003 w0=0x98245C00 w1=0x03000100 op=0x98 enc=1 depth=0
09-18 07:27:18.137 16985 17036 E BKA_GFX : MAPMISS key=0x03000100 map_count=28
09-18 07:27:18.137 16985 17036 E BKA_GFX : MAPLOOKUP key=0x03000100 -> 0x0
09-18 07:27:18.137 16985 17036 E BKA_GFX : XLT miss addr=0x03000100 map_size=?
09-18 07:27:18.137 16985 17036 E BKA_GFX : SEGCHK addr=0x03000100 seg=3 segB1=0x80000000 dlbase=0x0 cur=0x7a010c5ac8
09-18 07:27:18.137 16985 17036 E BKA_GFX : MAPMISS key=0x80000000 map_count=28
09-18 07:27:18.137 16985 17036 E BKA_GFX : MAPLOOKUP key=0x80000000 -> 0x0
09-18 07:27:18.137 16985 17036 E BKA_GFX : MAPMISS key=0x80000100 map_count=28
09-18 07:27:18.137 16985 17036 E BKA_GFX : MAPLOOKUP key=0x80000100 -> 0x0
09-18 07:27:18.137 16985 17036 E BKA_GFX : CMD t#3 @0x7a010c5ad0 raw=1D0300B9 00000000 w0=0xB900031D w1=0x00000000 op=0xB9 enc=1 depth=0
09-18 07:27:18.137 16985 17036 E BKA_GFX : CMD t#4 @0x7a010c5ad8 raw=005C2558 00000004 w0=0x58255C00 w1=0x04000000 op=0x58 enc=1 depth=0
09-18 07:27:18.137 16985 17036 E BKA_GFX : CMD t#5 @0x7a010c5ae0 raw=000000B6 05321F00 w0=0xB6000000 w1=0x001F3205 op=0xB6 enc=1 depth=0
09-18 07:27:18.137 16985 17036 E BKA_GFX : MAPLOOKUP key=0x010EC2C0 -> 0x7a010ec2c0
09-18 07:27:18.137 16985 17036 E BKA_GFX : MTXRAW 00-15: 0000 0100 0000 0000 0100 0000 0000 0000
09-18 07:27:18.137 16985 17036 E BKA_GFX : MTXRAW 16-31: 0000 0000 FFFF FFFF 0000 0000 0000 E1FF
09-18 07:27:18.137 16985 17036 E BKA_GFX : MTXRAW 32-47: 0000 2504 0000 0000 AD5F 0000 0000 0000
09-18 07:27:18.137 16985 17036 E BKA_GFX : MTXRAW 48-63: 0000 0000 0080 117E 0000 0000 0000 F7C5
09-18 07:27:18.137 16985 17036 E BKA_GFX : MTXRES r0=(1.0162 0.0000 0.0000 0.0000)
09-18 07:27:18.137 16985 17036 E BKA_GFX : MTXRES r1=(0.0000 1.3737 0.0000 0.0000)
09-18 07:27:18.137 16985 17036 E BKA_GFX : MTXRES r2=(0.0000 0.0000 -0.5076 -0.5000)
09-18 07:27:18.137 16985 17036 E BKA_GFX : MTXRES r3=(0.0000 0.0000 -30.2267 0.0000)
09-18 07:27:18.137 16985 17036 E BKA_GFX : MTXACT flag=0x03 src=0x010EC2C0 new[0][0]=1.0162 new[3][2]=-30.2267 | PROJ=1 LOAD=1 PUSH=0
09-18 07:27:18.137 16985 17036 E BKA_GFX : PROJ-AFTER-LOAD r0=(1.0162 0.0000 0.0000 0.0000) r3=(0.0000 0.0000 -30.2267 0.0000)
09-18 07:27:18.137 16985 17036 E BKA_GFX : PROJ-BEFORE-VP r0=(1.0162 0.0000 0.0000 0.0000) r3=(0.0000 0.0000 -30.2267 0.0000) flag=0x03
09-18 07:27:18.137 16985 17036 E BKA_GFX : MAPLOOKUP key=0x010EC300 -> 0x7a010ec300
09-18 07:27:18.137 16985 17036 E BKA_GFX : MTXRAW 00-15: 0000 0100 0000 0000 0100 0000 0000 0000
09-18 07:27:18.137 16985 17036 E BKA_GFX : MTXRAW 16-31: 0000 0000 0000 0100 0000 0000 0100 0000
09-18 07:27:18.137 16985 17036 E BKA_GFX : MTXRAW 32-47: 0000 0000 0000 0000 0000 0000 0000 0000
09-18 07:27:18.137 16985 17036 E BKA_GFX : MTXRAW 48-63: 0000 0000 0000 0000 0000 0000 0000 0000
09-18 07:27:18.137 16985 17036 E BKA_GFX : MTXRES r0=(1.0000 0.0000 0.0000 0.0000)
09-18 07:27:18.137 16985 17036 E BKA_GFX : MTXRES r1=(0.0000 1.0000 0.0000 0.0000)
09-18 07:27:18.137 16985 17036 E BKA_GFX : MTXRES r2=(0.0000 0.0000 1.0000 0.0000)
09-18 07:27:18.137 16985 17036 E BKA_GFX : MTXRES r3=(0.0000 0.0000 0.0000 1.0000)
09-18 07:27:18.137 16985 17036 E BKA_GFX : MTXACT flag=0x01 src=0x010EC300 new[0][0]=1.0000 new[3][2]=0.0000 | PROJ=1 LOAD=0 PUSH=0
09-18 07:27:18.137 16985 17036 E BKA_GFX : PROJ-BEFORE-VP r0=(1.0162 0.0000 0.0000 0.0000) r3=(0.0000 0.0000 -30.2267 0.0000) flag=0x01
09-18 07:27:18.137 16985 17036 E BKA_GFX : MAPLOOKUP key=0x010EC340 -> 0x7a010ec340
09-18 07:27:18.137 16985 17036 E BKA_GFX : MTXACT flag=0x01 src=0x010EC340 new[0][0]=1.0000 new[3][2]=0.0000 | PROJ=1 LOAD=0 PUSH=0
09-18 07:27:18.137 16985 17036 E BKA_GFX : PROJ-BEFORE-VP r0=(1.0162 0.0000 0.0000 0.0000) r3=(0.0000 0.0000 -30.2267 0.0000) flag=0x01
09-18 07:27:18.137 16985 17036 E BKA_GFX : MAPLOOKUP key=0x010EC380 -> 0x7a010ec380
09-18 07:27:18.137 16985 17036 E BKA_GFX : MTXACT flag=0x01 src=0x010EC380 new[0][0]=-0.9945 new[3][2]=0.0000 | PROJ=1 LOAD=0 PUSH=0
09-18 07:27:18.137 16985 17036 E BKA_GFX : MAPLOOKUP key=0x010EC3C0 -> 0x7a010ec3c0
09-18 07:27:18.137 16985 17036 E BKA_GFX : MTXACT flag=0x02 src=0x010EC3C0 new[0][0]=1.0000 new[3][2]=0.0000 | PROJ=0 LOAD=1 PUSH=0
09-18 07:27:18.137 16985 17036 I BKA_GFX : Cmd_MoveWord SEGMENT seg=1 base=0x0109A200
09-18 07:27:18.137 16985 17036 I BKA_GFX : Cmd_MoveWord SEGMENT seg=2 base=0x0109A040
09-18 07:27:18.137 16985 17036 E BKA_GFX : MAPLOOKUP key=0x795C2100 -> 0x79795c2100
09-18 07:27:18.137 16985 17036 E BKA_GFX : MAPLOOKUP key=0x795C2100 -> 0x79795c2100
09-18 07:27:18.137 16985 17036 E BKA_GFX : G_DL DEBUG: raw=0x795C2100 map_lookup=0x79795c2100 translate=0x79795c2100
09-18 07:27:18.138 16985 17036 E BKA_GFX : G_DL DL bytes: 00 00 00 E7 00 00 00 00 00 00 00 00 00 00 00 00
09-18 07:27:18.138 16985 17036 E BKA_GFX : G_DL RECOGNIZED cur=0x7a010c5cc8 w0=0x06000000 w1=0x795C2100
09-18 07:27:18.138 16985 17036 E BKA_GFX : G_DL S1 dl_ptr=0x79795c2100
09-18 07:27:18.138 16985 17036 I BKA_GFX : G_DL: addr=0x795C2100 resolved=0x79795c2100
09-18 07:27:18.139 16985 17036 E BKA_GFX : G_DL S2 depth=0 dl_ptr=0x79795c2100
09-18 07:27:18.139 16985 17036 E BKA_GFX : G_DL JUMP depth=0 target=0x795C2100 first32=000000E7 00000000 00000000 00000000 011700BA 00008000 00000000 00000000
09-18 07:27:18.139 16985 17036 I BKA_GFX : G_DL JUMP to addr=0x795C2100 resolved=0x79795c2100 cur_end=0x7a010c64e0 depth=0
09-18 07:27:18.139 16985 17036 I BKA_GFX : DL bytes at 0x79795c2100: 00 00 00 E7 00 00 00 00 00 00 00 00 00 00 00 00
09-18 07:27:18.140 10964 10964 W Finsky  : [2] STU: Failed to get storage stats for package 'com.google.android.sdkext' (1601: Error getting stats: android.content.pm.PackageManager.NameNotFoundException)
09-18 07:27:18.150 16985 17036 E BKA_GFX : G_DL ENC-PROBE target=0x795C2100 bytes=000000E7 chosen=1 parent=1
09-18 07:27:18.150 16985 17036 I BKA_GFX : Cmd_MoveWord SEGMENT seg=3 base=0x795C2740
09-18 07:27:18.150 16985 17036 E BKA_GFX : MAPLOOKUP key=0x010EC400 -> 0x7a010ec400
09-18 07:27:18.150 16985 17036 E BKA_GFX : PROJBYTES raw=0x010EC400 src=0x7a010ec400: 00000100 00000000 01000000 00000000 00000000 00000100 00000000 01000000 00000000 00000000 00000000 00000000 00000000 00000000 00000000 00000000
09-18 07:27:18.150 16985 17036 E BKA_GFX : MTXACT flag=0x06 src=0x010EC400 new[0][0]=1.0000 new[3][2]=0.0000 | PROJ=0 LOAD=1 PUSH=1
09-18 07:27:18.150 16985 17036 E BKA_GFX : MAPLOOKUP key=0x0109A058 -> 0x7a0109a058
09-18 07:27:18.150 16985 17036 E BKA_GFX : MAPLOOKUP key=0x0109A058 -> 0x7a0109a058
09-18 07:27:18.150 16985 17036 E BKA_GFX : G_DL DEBUG: raw=0x0109A058 map_lookup=0x7a0109a058 translate=0x7a0109a058
09-18 07:27:18.151 16985 17036 E BKA_GFX : G_DL DL bytes: B6 00 00 00 00 1F 32 04 B7 00 00 00 00 00 22 04
09-18 07:27:18.151 16985 17036 E BKA_GFX : G_DL RECOGNIZED cur=0x7a010c5d18 w0=0x06000000 w1=0x0109A058
09-18 07:27:18.151 16985 17036 E BKA_GFX : G_DL S1 dl_ptr=0x7a0109a058
09-18 07:27:18.151 16985 17036 I BKA_GFX : G_DL: addr=0x0109A058 resolved=0x7a0109a058
09-18 07:27:18.152   744 15729 I keystore2: system/security/keystore2/src/watchdog.rs:319 - Watchdog thread idle -> terminating. Have a great day.
09-18 07:27:18.152 16985 17036 E BKA_GFX : G_DL S2 depth=0 dl_ptr=0x7a0109a058
09-18 07:27:18.152 16985 17036 I BKA_GFX : G_DL JUMP to addr=0x0109A058 resolved=0x7a0109a058 cur_end=0x7a010c64e0 depth=0
09-18 07:27:18.152 16985 17036 I BKA_GFX : DL bytes at 0x7a0109a058: B6 00 00 00 00 1F 32 04 B7 00 00 00 00 00 22 04
09-18 07:27:18.153  2153  6145 I ActivityManager: appDiedLocked: app=ProcessRecord{1cdfab9 15693:moe.shizuku.privileged.api/u0a594} thread=android.os.BinderProxy@1c67d1f fromBinderDied=true isKilledByAm=false reason=null
09-18 07:27:18.154   977   977 I Zygote  : Process 15693 exited due to signal 9 (Killed)
09-18 07:27:18.154  2153  2235 I libprocessgroup: Successfully killed process cgroup uid 10594 pid 15693 in 0ms
09-18 07:27:18.154  2153  6145 I ActivityManager: Process moe.shizuku.privileged.api (pid 15693) has died: cch+20 CEM 
09-18 07:27:18.156  2153  2208 D DisplayManagerService: Drop pending events for gone uid 10594
09-18 07:27:18.157  2153  6145 D ActivityTaskManager: handleAppDied: uid=10594,diedCount=1,lastDiedTime=96042195,forceStopUids=false
09-18 07:27:18.157 12066 24440 V BinderSender: Uid 10594 already starts
09-18 07:27:18.158 12066 24440 V BinderSender: Uid 10594 dead
09-18 07:27:18.161 16985 17036 E BKA_GFX : G_DL ENC-PROBE target=0x0109A058 bytes=B6000000 chosen=2 parent=1
09-18 07:27:18.161 16985 17036 E BKA_GFX : ENCFLIP at cur=0x7a0109a058 total=85 depth=1 1 -> 2 bytes=B6000000
09-18 07:27:18.161 16985 17036 E BKA_GFX : MAPMISS key=0x03000000 map_count=28
09-18 07:27:18.161 16985 17036 E BKA_GFX : MAPLOOKUP key=0x03000000 -> 0x0
09-18 07:27:18.161 16985 17036 E BKA_GFX : MAPMISS key=0x03000000 map_count=28
09-18 07:27:18.161 16985 17036 E BKA_GFX : MAPLOOKUP key=0x03000000 -> 0x0
09-18 07:27:18.161 16985 17036 E BKA_GFX : XLT miss addr=0x03000000 map_size=?
09-18 07:27:18.161 16985 17036 E BKA_GFX : SEGCHK addr=0x03000000 seg=3 segB1=0x109A200 dlbase=0x7A0109A058 cur=0x7a0109a080
09-18 07:27:18.161 16985 17036 E BKA_GFX : MAPLOOKUP key=0x795C2740 -> 0x79795c2740
09-18 07:27:18.161 16985 17036 E BKA_GFX : MAPMISS key=0x03000000 map_count=28
09-18 07:27:18.161 16985 17036 E BKA_GFX : MAPLOOKUP key=0x03000000 -> 0x0
09-18 07:27:18.161 16985 17036 E BKA_GFX : G_DL DEBUG: raw=0x03000000 map_lookup=0x0 translate=0x0
09-18 07:27:18.161 16985 17036 E BKA_GFX : G_DL RECOGNIZED cur=0x7a0109a088 w0=0x06000000 w1=0x03000000
09-18 07:27:18.161 16985 17036 E BKA_GFX : G_DL S1 dl_ptr=0x0
09-18 07:27:18.161 16985 17036 I BKA_GFX : G_DL: addr=0x03000000 resolved=0x0
09-18 07:27:18.161 16985 17036 E BKA_GFX : MAPMISS key=0x03000000 map_count=28
09-18 07:27:18.161 16985 17036 E BKA_GFX : MAPLOOKUP key=0x03000000 -> 0x0
09-18 07:27:18.161 16985 17036 W BKA_GFX : G_DL: refusing addr=0x03000000 (dl_ptr=0x0 map_lookup=0x0)
09-18 07:27:18.161 16985 17036 E BKA_GFX : G_VTX@0x7a0109a090 w0=0x0400658F w1=0x01000000 next8=B1080A06 00060A02
09-18 07:27:18.161 16985 17036 E BKA_GFX : SYNC cur=0x7a0109a090 bytes_cur=B1000204 00060200 LE_w0=0x040200B1 LE_w1=0x00020600 BE_w0=0xB1000204 BE_w1=0x00060200 c.w0=0x0400658F c.w1=0x01000000
09-18 07:27:18.161 16985 17036 E BKA_GFX : VTXRAW32 @0x7a0109a090 = B1000204 00060200 | B1080A06 00060A02 | prev8: 0400658F 01000000
09-18 07:27:18.171 10964 10964 W Finsky  : [2] STU: Failed to get storage stats for package 'com.google.android.adservices' (1601: Error getting stats: android.content.pm.PackageManager.NameNotFoundException)
09-18 07:27:18.178 10964 10964 W Finsky  : [2] STU: Failed to get storage stats for package 'com.google.android.tethering' (1601: Error getting stats: android.content.pm.PackageManager.NameNotFoundException)
09-18 07:27:18.186 16985 17032 E BKA-UPD : updateTexture #4 rdr=0x7965306000 regBase=0x7964306000 ready=1 texId=1
09-18 07:27:18.186 16985 17032 E BKA-UPD : past-ready #2
09-18 07:27:18.186 16985 17032 E BKA-UPD : COPYCHECK #2 activeFb=0 src_fb=0x79795c8a38 nz_first1000=0
09-18 07:27:18.186 16985 17032 I BKA_MEM : VideoPlugin: call=2 texId=1 rdr=0x7965306000 fb_ofs=00400000 w=292 h=216
09-18 07:27:18.186 16985 17032 E BKA-FB  : frame 2: nonZero=0 nonFFFF=1705 first16=0000 0000 0000 0000
09-18 07:27:18.187 16985 17032 E BKA-FB  : conv frame 2: rgba[0..3] = 00 00 00 FF  00 00 00 FF
09-18 07:27:18.189 16985 17036 E BKA_GFX : PATFIND fff9153f: not present in RDRAM
09-18 07:27:18.189 16985 17036 E BKA_GFX : DLPREV[00] FFFFFF00 FFFFFF00
09-18 07:27:18.189 16985 17036 E BKA_GFX : DLPREV[01] FFFFFF00 FFFFFF00
09-18 07:27:18.189 16985 17036 E BKA_GFX : DLPREV[02] FFFFFF00 FFFFFF00
09-18 07:27:18.189 16985 17036 E BKA_GFX : DLPREV[03] FFFFFF00 FFFFFF00
09-18 07:27:18.189 16985 17036 E BKA_GFX : DLPREV[04] FFFFFF00 FFFFFF00
09-18 07:27:18.189 16985 17036 E BKA_GFX : DLPREV[05] FFFFFF00 FFFFFF00
09-18 07:27:18.189 16985 17036 E BKA_GFX : DLPREV[06] FFFFFF00 FFFFFF00
09-18 07:27:18.189 16985 17036 E BKA_GFX : DLPREV[07] FFFFFF00 FFFFFF00
09-18 07:27:18.189 16985 17036 E BKA_GFX : DLPREV[08] FFFFFF00 FFFFFF00
09-18 07:27:18.189 16985 17036 E BKA_GFX : DLPREV[09] FFFFFF00 FFFFFF00
09-18 07:27:18.189 16985 17036 E BKA_GFX : DLPREV[10] FFFFFF00 FFFFFF00
09-18 07:27:18.189 16985 17036 E BKA_GFX : DLPREV[11] FFFFFF00 FFFFFF00
09-18 07:27:18.189 16985 17036 E BKA_GFX : DLPREV[12] FFFFFF00 FFFFFF00
09-18 07:27:18.189 16985 17036 E BKA_GFX : DLPREV[13] FFFFFF00 FFFFFF00
09-18 07:27:18.189 16985 17036 E BKA_GFX : DLPREV[14] FFFFFF00 FFFFFF00
09-18 07:27:18.189 16985 17036 E BKA_GFX : DLPREV[15] FFFFFF00 FFFFFF00
09-18 07:27:18.189 16985 17036 E BKA_GFX : DLPREV[16] FFFFFF00 FFFFFF00
09-18 07:27:18.189 16985 17036 E BKA_GFX : DLPREV[17] FFFFFF00 FFFFFF00
09-18 07:27:18.189 16985 17036 E BKA_GFX : DLPREV[18] FFFFFF00 FFFFFF00
09-18 07:27:18.189 16985 17036 E BKA_GFX : DLPREV[19] FFFFFF00 FFFFFF00
09-18 07:27:18.189 16985 17036 E BKA_GFX : DLPREV[20] FFFFFF00 FFFFFF00
09-18 07:27:18.189 16985 17036 E BKA_GFX : DLPREV[21] FFFFFF00 FFFFFF00
09-18 07:27:18.189 16985 17036 E BKA_GFX : DLPREV[22] FFFFFF00 FFFFFF00
09-18 07:27:18.189 16985 17036 E BKA_GFX : DLPREV[23] FFFFFF00 FFFFFF00
09-18 07:27:18.189 16985 17036 E BKA_GFX : DLPREV[24] FFFFFF00 FFFFFF00
09-18 07:27:18.189 16985 17036 E BKA_GFX : DLPREV[25] FFFFFF00 FFFFFF00
09-18 07:27:18.189 16985 17036 E BKA_GFX : DLPREV[26] FFFFFF00 FFFFFF00
09-18 07:27:18.189 16985 17036 E BKA_GFX : DLPREV[27] FFFFFF00 FFFFFF00
09-18 07:27:18.189 16985 17036 E BKA_GFX : DLPREV[28] FFFFFF00 FFFFFF00
09-18 07:27:18.189 16985 17036 E BKA_GFX : DLPREV[29] FFFFFF00 FFFFFF00
09-18 07:27:18.189 16985 17036 E BKA_GFX : DLPREV[30] FFFFFF00 FFFFFF00
09-18 07:27:18.189 16985 17036 E BKA_GFX : DLPREV[31] FFFFFF00 FFFFFF00
09-18 07:27:18.189 16985 17036 E BKA_GFX : DLPREV[32] 00000032 B5B5B5FF
09-18 07:27:18.189 16985 17036 E BKA_GFX : DLPREV[33] B6000000 001F3204
09-18 07:27:18.189 16985 17036 E BKA_GFX : DLPREV[34] B7000000 00002204
09-18 07:27:18.189 16985 17036 E BKA_GFX : DLPREV[35] BB000000 80008000
09-18 07:27:18.189 16985 17036 E BKA_GFX : DLPREV[36] E7000000 00000000
09-18 07:27:18.189 16985 17036 E BKA_GFX : DLPREV[37] FC62FE04 3F15F9FF
09-18 07:27:18.189 16985 17036 E BKA_GFX : DLPREV[38] 06000000 03000000
09-18 07:27:18.189 16985 17036 E BKA_GFX : DLPREV[39] 0400658F 01000000
09-18 07:27:18.189 16985 17036 E BKA_GFX : Cmd_Vtx CALL #1: v0=0 n=26 addr=0x01000000 w0=0x0400658F cur=0x7a0109a088 cur+8=0x7a0109a090 delta=0
09-18 07:27:18.189 16985 17036 E BKA_GFX : MAPMISS key=0x01000000 map_count=28
09-18 07:27:18.189 16985 17036 E BKA_GFX : MAPLOOKUP key=0x01000000 -> 0x0
09-18 07:27:18.189 16985 17036 E BKA_GFX : XLT miss addr=0x01000000 map_size=?
09-18 07:27:18.189 16985 17036 E BKA_GFX : SEGCHK addr=0x01000000 seg=1 segB1=0x109A200 dlbase=0x7A0109A058 cur=0x7a0109a088
09-18 07:27:18.189 16985 17036 E BKA_GFX : MAPLOOKUP key=0x0109A200 -> 0x7a0109a200
09-18 07:27:18.189 16985 17036 E BKA_GFX : VtxOK addr=0x01000000 v0=0 n=26 first8=00A4FFEE 00000000
09-18 07:27:18.189 16985 17036 E BKA_GFX : VTXRAW 416 bytes @0x7a0109a200: 00A4FFEE 00000000 FFE0FFE0 008A00FF
09-18 07:27:18.189 16985 17036 E BKA_GFX : VTXDEC v0=(164,-18,0) v1=(108,18,108) v2=(152,18,0)
09-18 07:27:18.189 16985 17036 I BKA_GFX : Cmd_Vtx: loaded 26 vertices, dmemVertexCount=26
09-18 07:27:18.189 16985 17036 I BKA_GFX : GEOMETRY: op=0xB1 (tri) w0=0xB1000204 w1=0x00060200 total=91 depth=1
09-18 07:27:18.189 16985 17036 E BKA_GFX : Cmd_Tri2 CALLED #1: w0=0xB1000204 w1=0x00060200 dmem=26
09-18 07:27:18.189 16985 17036 I BKA_GFX : GEOMETRY: op=0xB1 (tri) w0=0xB1080A06 w1=0x00060A02 total=92 depth=1
09-18 07:27:18.189 16985 17036 E BKA_GFX : Cmd_Tri2 CALLED #2: w0=0xB1080A06 w1=0x00060A02 dmem=26
09-18 07:27:18.189 16985 17036 W BKA_GFX : TransformVertex: off-screen (-220.9, 162.0) orig(116.0,-18.0,116.0) ndc(-2.513,-0.500)
09-18 07:27:18.189 16985 17036 E BKA_GFX : TRI2 -> raster #1: screen=(114.8,143.0)(114.8,74.9)(-220.9,162.0) fin=111
09-18 07:27:18.189 16985 17036 E BKA_GFX :   PROJ  row0=(-1.011 0.001 -0.053 -0.052) row3=(0.000 0.000 -30.227 0.000)
09-18 07:27:18.189 16985 17036 E BKA_GFX : PROJFULL row1=(0.0000 1.3737 0.0038 0.0037) row2=(-0.1062 -0.0102 0.5048 0.4972)
09-18 07:27:18.189 16985 17036 E BKA_GFX :   MV    row0=(1.000 0.000 0.000 0.000) row3=(0.000 0.000 0.000 1.000)
09-18 07:27:18.189 16985 17036 E BKA_GFX : RasterizeTriangle #1 ENTER: (114.8,143.0)(114.8,74.9)(-220.9,162.0)
09-18 07:27:18.189 16985 17036 I BKA_GFX : RasterizeTriangle #1: (114.8,143.0) (114.8,74.9) (-220.9,162.0)
09-18 07:27:18.189 16985 17036 E BKA-RAST: call #1 activeFb=0 fb=0x79795c8a38 x0y0=114.8,74.9 x1y1=114.8,143.0 x2y2=-220.9,162.0
09-18 07:27:18.189 16985 17036 E BKA_GFX : PIXWRITE #1 y=75 x=113
09-18 07:27:18.189 16985 17036 E BKA_GFX : PIXWRITE #2 y=75 x=114
09-18 07:27:18.189 16985 17036 E BKA_GFX : PIXWRITE #3 y=76 x=109
09-18 07:27:18.189 16985 17036 E BKA_GFX : PIXWRITE #4 y=76 x=110
09-18 07:27:18.189 16985 17036 E BKA_GFX : PIXWRITE #5 y=76 x=111
09-18 07:27:18.189 16985 17036 W BKA_GFX : TransformVertex: off-screen (-220.9, 162.0) orig(116.0,-18.0,116.0) ndc(-2.513,-0.500)
09-18 07:27:18.189 16985 17036 W BKA_GFX : TransformVertex: off-screen (-219.9, 54.7) orig(108.0,18.0,108.0) ndc(-2.506,0.493)
09-18 07:27:18.189 16985 17036 E BKA_GFX : TRI2 -> raster #1: screen=(-220.9,162.0)(114.8,74.9)(-219.9,54.7) fin=111
09-18 07:27:18.189 16985 17036 E BKA_GFX :   PROJ  row0=(-1.011 0.001 -0.053 -0.052) row3=(0.000 0.000 -30.227 0.000)
09-18 07:27:18.189 16985 17036 E BKA_GFX :   MV    row0=(1.000 0.000 0.000 0.000) row3=(0.000 0.000 0.000 1.000)
09-18 07:27:18.189 16985 17036 E BKA_GFX : RasterizeTriangle #2 ENTER: (-220.9,162.0)(114.8,74.9)(-219.9,54.7)
09-18 07:27:18.189 16985 17036 I BKA_GFX : RasterizeTriangle #2: (-220.9,162.0) (114.8,74.9) (-219.9,54.7)
09-18 07:27:18.189 16985 17036 E BKA-RAST: call #2 activeFb=0 fb=0x79795c8a38 x0y0=-219.9,54.7 x1y1=114.8,74.9 x2y2=-220.9,162.0
09-18 07:27:18.189 16985 17036 I BKA_GFX : GEOMETRY: op=0xB1 (tri) w0=0xB10C0E10 w1=0x00100E12 total=93 depth=1
09-18 07:27:18.189 16985 17036 E BKA_GFX : Cmd_Tri2 CALLED #3: w0=0xB10C0E10 w1=0x00100E12 dmem=26
09-18 07:27:18.189 16985 17036 I BKA_GFX : GEOMETRY: op=0xB1 (tri) w0=0xB1140416 w1=0x00000414 total=94 depth=1
09-18 07:27:18.189 16985 17036 E BKA_GFX : Cmd_Tri2 CALLED #4: w0=0xB1140416 w1=0x00000414 dmem=26
09-18 07:27:18.190 16985 17036 I BKA_GFX : GEOMETRY: op=0xB1 (tri) w0=0xB1101218 w1=0x0018121A total=95 depth=1
09-18 07:27:18.190 16985 17036 I BKA_GFX : GEOMETRY: op=0xB1 (tri) w0=0xB1181A1C w1=0x001C1A1E total=96 depth=1
09-18 07:27:18.190 16985 17036 W BKA_GFX : TransformVertex: off-screen (2992.2, 424.3) orig(-164.0,-18.0,0.0) ndc(19.494,-2.929)
09-18 07:27:18.190 16985 17036 W BKA_GFX : TransformVertex: off-screen (2946.1, -223.2) orig(-152.0,18.0,0.0) ndc(19.179,3.067)
09-18 07:27:18.190 16985 17036 E BKA_GFX : TRI2 -> raster #2: screen=(2992.2,424.3)(2946.1,-223.2)(386.6,152.2) fin=111
09-18 07:27:18.190 16985 17036 E BKA_GFX :   PROJ  row0=(-1.011 0.001 -0.053 -0.052) row3=(0.000 0.000 -30.227 0.000)
09-18 07:27:18.190 16985 17036 E BKA_GFX : PROJFULL row1=(0.0000 1.3737 0.0038 0.0037) row2=(-0.1062 -0.0102 0.5048 0.4972)
09-18 07:27:18.190 16985 17036 E BKA_GFX :   MV    row0=(1.000 0.000 0.000 0.000) row3=(0.000 0.000 0.000 1.000)
09-18 07:27:18.190 16985 17036 E BKA_GFX : RasterizeTriangle #3 ENTER: (2992.2,424.3)(2946.1,-223.2)(386.6,152.2)
09-18 07:27:18.190 16985 17036 I BKA_GFX : RasterizeTriangle #3: (2992.2,424.3) (2946.1,-223.2) (386.6,152.2)
09-18 07:27:18.190 16985 17036 E BKA-RAST: call #3 activeFb=0 fb=0x79795c8a38 x0y0=2946.1,-223.2 x1y1=386.6,152.2 x2y2=2992.2,424.3
09-18 07:27:18.190 16985 17036 E BKA_GFX : TRI2 -> raster #2: screen=(386.6,152.2)(2946.1,-223.2)(386.0,65.3) fin=111
09-18 07:27:18.190 16985 17036 E BKA_GFX :   PROJ  row0=(-1.011 0.001 -0.053 -0.052) row3=(0.000 0.000 -30.227 0.000)
09-18 07:27:18.190 16985 17036 E BKA_GFX :   MV    row0=(1.000 0.000 0.000 0.000) row3=(0.000 0.000 0.000 1.000)
09-18 07:27:18.190 16985 17036 E BKA_GFX : RasterizeTriangle #4 ENTER: (386.6,152.2)(2946.1,-223.2)(386.0,65.3)
09-18 07:27:18.190 16985 17036 I BKA_GFX : RasterizeTriangle #4: (386.6,152.2) (2946.1,-223.2) (386.0,65.3)
09-18 07:27:18.190 16985 17036 I BKA_GFX : GEOMETRY: op=0xB1 (tri) w0=0xB10C140E w1=0x0014160E total=97 depth=1
09-18 07:27:18.190 16985 17036 I BKA_GFX : GEOMETRY: op=0xB1 (tri) w0=0xB11C1E08 w1=0x00081E0A total=98 depth=1
09-18 07:27:18.190 16985 17036 E BKA_GFX : TRI2 -> raster #3: screen=(386.6,152.2)(386.0,65.3)(114.8,143.0) fin=111
09-18 07:27:18.190 16985 17036 E BKA_GFX :   PROJ  row0=(-1.011 0.001 -0.053 -0.052) row3=(0.000 0.000 -30.227 0.000)
09-18 07:27:18.190 16985 17036 E BKA_GFX : PROJFULL row1=(0.0000 1.3737 0.0038 0.0037) row2=(-0.1062 -0.0102 0.5048 0.4972)
09-18 07:27:18.190 16985 17036 E BKA_GFX :   MV    row0=(1.000 0.000 0.000 0.000) row3=(0.000 0.000 0.000 1.000)
09-18 07:27:18.190 16985 17036 E BKA_GFX : PIXWRITE #10000 y=137 x=142
09-18 07:27:18.190 16985 17036 E BKA_GFX : TRI2 -> raster #3: screen=(114.8,143.0)(386.0,65.3)(114.8,74.9) fin=111
09-18 07:27:18.190 16985 17036 E BKA_GFX :   PROJ  row0=(-1.011 0.001 -0.053 -0.052) row3=(0.000 0.000 -30.227 0.000)
09-18 07:27:18.190 16985 17036 E BKA_GFX :   MV    row0=(1.000 0.000 0.000 0.000) row3=(0.000 0.000 0.000 1.000)
09-18 07:27:18.190 16985 17036 I BKA_GFX : GEOMETRY: op=0xB1 (tri) w0=0xB10E2012 w1=0x00122022 total=99 depth=1
09-18 07:27:18.190 16985 17036 I BKA_GFX : GEOMETRY: op=0xB1 (tri) w0=0xB1022404 w1=0x00042426 total=100 depth=1
09-18 07:27:18.190 16985 17036 E BKA_GFX : TRI2 -> raster #4: screen=(114.8,74.9)(384.4,-210.5)(115.0,-142.1) fin=111
09-18 07:27:18.190 16985 17036 E BKA_GFX :   PROJ  row0=(-1.011 0.001 -0.053 -0.052) row3=(0.000 0.000 -30.227 0.000)
09-18 07:27:18.190 16985 17036 E BKA_GFX : PROJFULL row1=(0.0000 1.3737 0.0038 0.0037) row2=(-0.1062 -0.0102 0.5048 0.4972)
09-18 07:27:18.190 16985 17036 E BKA_GFX :   MV    row0=(1.000 0.000 0.000 0.000) row3=(0.000 0.000 0.000 1.000)
09-18 07:27:18.190 16985 17036 E BKA_GFX : TRI2 -> raster #4: screen=(386.0,65.3)(384.4,-210.5)(114.8,74.9) fin=111
09-18 07:27:18.190 16985 17036 E BKA_GFX :   PROJ  row0=(-1.011 0.001 -0.053 -0.052) row3=(0.000 0.000 -30.227 0.000)
09-18 07:27:18.191 16985 17036 E BKA_GFX :   MV    row0=(1.000 0.000 0.000 0.000) row3=(0.000 0.000 0.000 1.000)
09-18 07:27:18.191 16985 17032 I BKA-GLRenderer: onDrawFrame #4 END err=0
09-18 07:27:18.191 16985 17036 E BKA_GFX : PIXWRITE #20000 y=62 x=189
09-18 07:27:18.191 16985 17036 E BKA_GFX : MAPLOOKUP key=0x02000000 -> 0x0
09-18 07:27:18.191 16985 17036 E BKA_GFX : XLT miss addr=0x02000000 map_size=?
09-18 07:27:18.191 16985 17036 E BKA_GFX : SEGCHK addr=0x02000000 seg=2 segB1=0x109A200 dlbase=0x7A0109A058 cur=0x7a0109a160
09-18 07:27:18.191 16985 17036 E BKA_GFX : MAPLOOKUP key=0x0109A040 -> 0x7a0109a040
09-18 07:27:18.191 16985 17036 E BKA_GFX : MAPLOOKUP key=0x03000020 -> 0x0
09-18 07:27:18.191 16985 17036 E BKA_GFX : MAPLOOKUP key=0x03000020 -> 0x0
09-18 07:27:18.191 16985 17036 E BKA_GFX : XLT miss addr=0x03000020 map_size=?
09-18 07:27:18.191 16985 17036 E BKA_GFX : SEGCHK addr=0x03000020 seg=3 segB1=0x109A200 dlbase=0x7A0109A058 cur=0x7a0109a1a0
09-18 07:27:18.191 16985 17036 E BKA_GFX : MAPLOOKUP key=0x795C2740 -> 0x79795c2740
09-18 07:27:18.191 16985 17036 E BKA_GFX : MAPLOOKUP key=0x03000020 -> 0x0
09-18 07:27:18.191 16985 17036 E BKA_GFX : G_DL DEBUG: raw=0x03000020 map_lookup=0x0 translate=0x0
09-18 07:27:18.191 16985 17036 E BKA_GFX : G_DL RECOGNIZED cur=0x7a0109a1a8 w0=0x06000000 w1=0x03000020
09-18 07:27:18.191 16985 17036 E BKA_GFX : G_DL S1 dl_ptr=0x0
09-18 07:27:18.191 16985 17036 I BKA_GFX : G_DL: addr=0x03000020 resolved=0x0
09-18 07:27:18.191 16985 17036 E BKA_GFX : MAPLOOKUP key=0x03000020 -> 0x0
09-18 07:27:18.191 16985 17036 W BKA_GFX : G_DL: refusing addr=0x03000020 (dl_ptr=0x0 map_lookup=0x0)
09-18 07:27:18.191 16985 17036 E BKA_GFX : G_VTX@0x7a0109a1b0 w0=0x04004D2F w1=0x01000190 next8=B108040A 000A040C
09-18 07:27:18.191 16985 17036 E BKA_GFX : SYNC cur=0x7a0109a1b0 bytes_cur=B1000204 00060408 LE_w0=0x040200B1 LE_w1=0x08040600 BE_w0=0xB1000204 BE_w1=0x00060408 c.w0=0x04004D2F c.w1=0x01000190
09-18 07:27:18.191 16985 17036 E BKA_GFX : VTXRAW32 @0x7a0109a1b0 = B1000204 00060408 | B108040A 000A040C | prev8: 04004D2F 01000190
09-18 07:27:18.204  2153  3233 W ActivityManager: Unable to start service Intent { act=com.motorola.intent.action.EXPERIENCE cmp=com.motorola.help/com.motorola.feedback.logrequest.service.LogCollectionService } U=0: not found
09-18 07:27:18.219 16985 17036 E BKA_GFX : PATFIND fff9153f: not present in RDRAM
09-18 07:27:18.219 16985 17036 E BKA_GFX : DLPREV[00] E7000000 00000000
09-18 07:27:18.219 16985 17036 E BKA_GFX : DLPREV[01] FC62FE04 3F15F9FF
09-18 07:27:18.219 16985 17036 E BKA_GFX : DLPREV[02] 06000000 03000000
09-18 07:27:18.219 16985 17036 E BKA_GFX : DLPREV[03] 0400658F 01000000
09-18 07:27:18.219 16985 17036 E BKA_GFX : DLPREV[04] B1000204 00060200
09-18 07:27:18.219 16985 17036 E BKA_GFX : DLPREV[05] B1080A06 00060A02
09-18 07:27:18.219 16985 17036 E BKA_GFX : DLPREV[06] B10C0E10 00100E12
09-18 07:27:18.219 16985 17036 E BKA_GFX : DLPREV[07] B1140416 00000414
09-18 07:27:18.219 16985 17036 E BKA_GFX : DLPREV[08] B1101218 0018121A
09-18 07:27:18.219 16985 17036 E BKA_GFX : DLPREV[09] B1181A1C 001C1A1E
09-18 07:27:18.219 16985 17036 E BKA_GFX : DLPREV[10] B10C140E 0014160E
09-18 07:27:18.219 16985 17036 E BKA_GFX : DLPREV[11] B11C1E08 00081E0A
09-18 07:27:18.219 16985 17036 E BKA_GFX : DLPREV[12] B10E2012 00122022
09-18 07:27:18.219 16985 17036 E BKA_GFX : DLPREV[13] B1022404 00042426
09-18 07:27:18.219 16985 17036 E BKA_GFX : DLPREV[14] B10A282A 001E280A
09-18 07:27:18.219 16985 17036 E BKA_GFX : DLPREV[15] B116200E 00162C20
09-18 07:27:18.219 16985 17036 E BKA_GFX : DLPREV[16] B11E2E28 001A2E1E
09-18 07:27:18.219 16985 17036 E BKA_GFX : DLPREV[17] B1022A24 000A2A02
09-18 07:27:18.219 16985 17036 E BKA_GFX : DLPREV[18] B1042C16 0004262C
09-18 07:27:18.219 16985 17036 E BKA_GFX : DLPREV[19] B11A222E 0012221A
09-18 07:27:18.219 16985 17036 E BKA_GFX : DLPREV[20] B12E2228 00242C26
09-18 07:27:18.219 16985 17036 E BKA_GFX : DLPREV[21] B12C2430 002C3020
09-18 07:27:18.219 16985 17036 E BKA_GFX : DLPREV[22] B1302220 00282230
09-18 07:27:18.219 16985 17036 E BKA_GFX : DLPREV[23] B130242A 0028302A
09-18 07:27:18.219 16985 17036 E BKA_GFX : DLPREV[24] B11C1018 00001406
09-18 07:27:18.219 16985 17036 E BKA_GFX : DLPREV[25] B1080614 000C0814
09-18 07:27:18.219 16985 17036 E BKA_GFX : DLPREV[26] B10C1008 0008101C
09-18 07:27:18.219 16985 17036 E BKA_GFX : DLPREV[27] B6000000 001F3204
09-18 07:27:18.219 16985 17036 E BKA_GFX : DLPREV[28] B7000000 00082204
09-18 07:27:18.219 16985 17036 E BKA_GFX : DLPREV[29] BB000001 80008000
09-18 07:27:18.219 16985 17036 E BKA_GFX : DLPREV[30] FD180000 02000000
09-18 07:27:18.219 16985 17036 E BKA_GFX : DLPREV[31] F5180000 07014050
09-18 07:27:18.219 16985 17036 E BKA_GFX : DLPREV[32] E6000000 00000000
09-18 07:27:18.219 16985 17036 E BKA_GFX : DLPREV[33] F3000000 073FF080
09-18 07:27:18.219 16985 17036 E BKA_GFX : DLPREV[34] E7000000 00000000
09-18 07:27:18.219 16985 17036 E BKA_GFX : DLPREV[35] F5181000 00014050
09-18 07:27:18.219 16985 17036 E BKA_GFX : DLPREV[36] F2000000 0007C07C
09-18 07:27:18.219 16985 17036 E BKA_GFX : DLPREV[37] FC129804 3F15FFFF
09-18 07:27:18.219 16985 17036 E BKA_GFX : DLPREV[38] 06000000 03000020
09-18 07:27:18.219 16985 17036 E BKA_GFX : DLPREV[39] 04004D2F 01000190
09-18 07:27:18.219 16985 17036 E BKA_GFX : Cmd_Vtx CALL #2: v0=0 n=20 addr=0x01000190 w0=0x04004D2F cur=0x7a0109a1a8 cur+8=0x7a0109a1b0 delta=0
09-18 07:27:18.219 16985 17036 E BKA_GFX : MAPLOOKUP key=0x01000190 -> 0x0
09-18 07:27:18.219 16985 17036 E BKA_GFX : XLT miss addr=0x01000190 map_size=?
09-18 07:27:18.219 16985 17036 E BKA_GFX : SEGCHK addr=0x01000190 seg=1 segB1=0x109A200 dlbase=0x7A0109A058 cur=0x7a0109a1a8
09-18 07:27:18.219 16985 17036 E BKA_GFX : MAPLOOKUP key=0x0109A200 -> 0x7a0109a200
09-18 07:27:18.219 16985 17036 E BKA_GFX : VtxOK addr=0x01000190 v0=0 n=20 first8=0053FFEE FFC50000
09-18 07:27:18.219 16985 17036 E BKA_GFX : VTXRAW 320 bytes @0x7a0109a390: 0053FFEE FFC50000 07E0FFE0 0070007F
09-18 07:27:18.219 16985 17036 E BKA_GFX : VTXDEC v0=(83,-18,-59) v1=(83,76,-32) v2=(0,92,-69)
09-18 07:27:18.219 16985 17036 I BKA_GFX : Cmd_Vtx: loaded 20 vertices, dmemVertexCount=26
09-18 07:27:18.219 16985 17036 E BKA_GFX : ENCFLIP at cur=0x7a010c5d18 total=135 depth=0 2 -> 1 bytes=005C2558
09-18 07:27:18.219 16985 17036 E BKA_GFX : MAPLOOKUP key=0x010EC440 -> 0x7a010ec440
09-18 07:27:18.219 16985 17036 E BKA_GFX : MTXACT flag=0x03 src=0x010EC440 new[0][0]=1.0162 new[3][2]=-30.2267 | PROJ=1 LOAD=1 PUSH=0
09-18 07:27:18.219 16985 17036 E BKA_GFX : PROJ-AFTER-LOAD r0=(1.0162 0.0000 0.0000 0.0000) r3=(0.0000 0.0000 -30.2267 0.0000)
09-18 07:27:18.219 16985 17036 E BKA_GFX : MTXACT flag=0x01 src=0x010EC480 new[0][0]=1.0000 new[3][2]=0.0000 | PROJ=1 LOAD=0 PUSH=0
09-18 07:27:18.219 16985 17036 E BKA_GFX : MTXACT flag=0x01 src=0x010EC4C0 new[0][0]=1.0000 new[3][2]=0.0000 | PROJ=1 LOAD=0 PUSH=0
09-18 07:27:18.219 16985 17036 E BKA_GFX : XLT miss addr=0x03000100 map_size=?
09-18 07:27:18.219 16985 17036 E BKA_GFX : MTXACT flag=0x01 src=0x010EC500 new[0][0]=-0.9945 new[3][2]=0.0000 | PROJ=1 LOAD=0 PUSH=0
09-18 07:27:18.219 16985 17036 E BKA_GFX : MTXACT flag=0x02 src=0x010EC540 new[0][0]=1.0000 new[3][2]=0.0000 | PROJ=0 LOAD=1 PUSH=0
09-18 07:27:18.219 16985 17036 I BKA_GFX : Cmd_MoveWord SEGMENT seg=1 base=0x6C6B1668
09-18 07:27:18.219 16985 17036 I BKA_GFX : Cmd_MoveWord SEGMENT seg=2 base=0x6C6C63C0
09-18 07:27:18.219 16985 17036 E BKA_GFX : G_DL DEBUG: raw=0x795C2150 map_lookup=0x79795c2150 translate=0x79795c2150
09-18 07:27:18.220 16985 17036 E BKA_GFX : G_DL DL bytes: 00 00 00 E7 00 00 00 00 00 00 00 00 00 00 00 00
09-18 07:27:18.220 16985 17036 E BKA_GFX : G_DL RECOGNIZED cur=0x7a010c5dd8 w0=0x06000000 w1=0x795C2150
09-18 07:27:18.220 16985 17036 E BKA_GFX : G_DL S1 dl_ptr=0x79795c2150
09-18 07:27:18.220 16985 17036 I BKA_GFX : G_DL: addr=0x795C2150 resolved=0x79795c2150
09-18 07:27:18.221 16985 17036 E BKA_GFX : G_DL S2 depth=0 dl_ptr=0x79795c2150
09-18 07:27:18.221 16985 17036 I BKA_GFX : G_DL JUMP to addr=0x795C2150 resolved=0x79795c2150 cur_end=0x7a010c64e0 depth=0
09-18 07:27:18.221 16985 17036 I BKA_GFX : DL bytes at 0x79795c2150: 00 00 00 E7 00 00 00 00 00 00 00 00 00 00 00 00
09-18 07:27:18.232 16985 17036 E BKA_GFX : G_DL ENC-PROBE target=0x795C2150 bytes=000000E7 chosen=1 parent=1
09-18 07:27:18.232 16985 17036 I BKA_GFX : Cmd_MoveWord SEGMENT seg=3 base=0x795C2400
09-18 07:27:18.232 16985 17036 E BKA_GFX : PROJBYTES raw=0x010EC580 src=0x7a010ec580: 00000100 00000000 01000000 00000000 00000000 00000100 18FC0000 01000000 00000000 00000000 00000000 00000000 00000000 00000000 00000000 00000000
09-18 07:27:18.232 16985 17036 E BKA_GFX : MTXACT flag=0x06 src=0x010EC580 new[0][0]=1.0000 new[3][2]=0.0000 | PROJ=0 LOAD=1 PUSH=1
09-18 07:27:18.232 16985 17036 E BKA_GFX : G_DL DEBUG: raw=0x6C6AD1A8 map_lookup=0x796c6ad1a8 translate=0x796c6ad1a8
09-18 07:27:18.233 16985 17036 E BKA_GFX : G_DL DL bytes: FC 26 98 04 1F 14 FF FF 06 00 00 00 03 00 00 00
09-18 07:27:18.233 16985 17036 E BKA_GFX : G_DL RECOGNIZED cur=0x7a010c5e18 w0=0x06000000 w1=0x6C6AD1A8
09-18 07:27:18.233 16985 17036 E BKA_GFX : G_DL S1 dl_ptr=0x796c6ad1a8
09-18 07:27:18.233 16985 17036 I BKA_GFX : G_DL: addr=0x6C6AD1A8 resolved=0x796c6ad1a8
09-18 07:27:18.233 16985 17036 E BKA_GFX : G_DL S2 depth=0 dl_ptr=0x796c6ad1a8
09-18 07:27:18.233 16985 17036 I BKA_GFX : G_DL JUMP to addr=0x6C6AD1A8 resolved=0x796c6ad1a8 cur_end=0x7a010c64e0 depth=0
09-18 07:27:18.237 16985 17036 E BKA_GFX : G_DL ENC-PROBE target=0x6C6AD1A8 bytes=FC269804 chosen=2 parent=1
09-18 07:27:18.238 16985 17036 E BKA_GFX : ENCFLIP at cur=0x796c6ad1a8 total=178 depth=1 1 -> 2 bytes=FC269804
09-18 07:27:18.238 16985 17036 E BKA_GFX : XLT miss addr=0x03000000 map_size=?
09-18 07:27:18.238 16985 17036 E BKA_GFX : G_DL DEBUG: raw=0x03000000 map_lookup=0x0 translate=0x0
09-18 07:27:18.238 16985 17036 E BKA_GFX : G_DL RECOGNIZED cur=0x796c6ad1b8 w0=0x06000000 w1=0x03000000
09-18 07:27:18.238 16985 17036 E BKA_GFX : G_DL S1 dl_ptr=0x0
09-18 07:27:18.238 16985 17036 I BKA_GFX : G_DL: addr=0x03000000 resolved=0x0
09-18 07:27:18.238 16985 17036 W BKA_GFX : G_DL: refusing addr=0x03000000 (dl_ptr=0x0 map_lookup=0x0)
09-18 07:27:18.238 16985 17036 E BKA_GFX : G_VTX@0x796c6ad1c0 w0=0x0400185F w1=0x0100A480 next8=B1060A04 00040206
09-18 07:27:18.238 16985 17036 E BKA_GFX : SYNC cur=0x796c6ad1c0 bytes_cur=B1000204 00060208 LE_w0=0x040200B1 LE_w1=0x08020600 BE_w0=0xB1000204 BE_w1=0x00060208 c.w0=0x0400185F c.w1=0x0100A480
09-18 07:27:18.238 16985 17036 E BKA_GFX : VTXRAW32 @0x796c6ad1c0 = B1000204 00060208 | B1060A04 00040206 | prev8: 0400185F 0100A480
09-18 07:27:18.238 10964 10964 W Finsky  : [2] STU: Failed to get storage stats for package 'com.android.runtime' (1601: Error getting stats: android.content.pm.PackageManager.NameNotFoundException)
09-18 07:27:18.252 16985 17032 E BKA-UPD : updateTexture #5 rdr=0x7965306000 regBase=0x7964306000 ready=1 texId=1
09-18 07:27:18.252 16985 17032 E BKA-UPD : past-ready #3
09-18 07:27:18.252 16985 17032 E BKA-UPD : COPYCHECK #3 activeFb=0 src_fb=0x79795c8a38 nz_first1000=21
09-18 07:27:18.265 16985 17036 E BKA_GFX : Cmd_Vtx CALL #3: v0=0 n=7 addr=0x0100A480 w0=0x0400185F cur=0x796c6ad1b8 cur+8=0x796c6ad1c0 delta=0
09-18 07:27:18.265 16985 17036 E BKA_GFX : XLT miss addr=0x0100A480 map_size=?
09-18 07:27:18.265 16985 17036 E BKA_GFX : VtxOK addr=0x0100A480 v0=0 n=7 first8=003C0000 0AD70000
09-18 07:27:18.265 16985 17036 E BKA_GFX : VTXRAW 112 bytes @0x796c6bbae8: 003C0000 0AD70000 24AF5695 00A400FF
09-18 07:27:18.265 16985 17036 E BKA_GFX : VTXDEC v0=(60,0,2775) v1=(352,0,2695) v2=(272,0,2450)
09-18 07:27:18.265 16985 17036 I BKA_GFX : Cmd_Vtx: loaded 7 vertices, dmemVertexCount=26
09-18 07:27:18.265 16985 17036 E BKA_GFX : ENCFLIP at cur=0x7a010c5e18 total=184 depth=0 2 -> 1 bytes=005C3420
09-18 07:27:18.265 16985 17036 I BKA_GFX : Cmd_MoveWord SEGMENT seg=1 base=0x01102650
09-18 07:27:18.265 16985 17036 I BKA_GFX : Cmd_MoveWord SEGMENT seg=2 base=0x01103240
09-18 07:27:18.265 16985 17036 E BKA_GFX : G_DL DEBUG: raw=0x795C2150 map_lookup=0x79795c2150 translate=0x79795c2150
09-18 07:27:18.266 16985 17036 E BKA_GFX : G_DL DL bytes: 00 00 00 E7 00 00 00 00 00 00 00 00 00 00 00 00
09-18 07:27:18.266 16985 17036 E BKA_GFX : G_DL RECOGNIZED cur=0x7a010c5e68 w0=0x06000000 w1=0x795C2150
09-18 07:27:18.266 16985 17036 E BKA_GFX : G_DL S1 dl_ptr=0x79795c2150
09-18 07:27:18.266 16985 17036 I BKA_GFX : G_DL: addr=0x795C2150 resolved=0x79795c2150
09-18 07:27:18.267 16985 17036 E BKA_GFX : G_DL S2 depth=0 dl_ptr=0x79795c2150
09-18 07:27:18.267 16985 17036 I BKA_GFX : G_DL JUMP to addr=0x795C2150 resolved=0x79795c2150 cur_end=0x7a010c64e0 depth=0
09-18 07:27:18.278 16985 17036 E BKA_GFX : G_DL ENC-PROBE target=0x795C2150 bytes=000000E7 chosen=1 parent=1
09-18 07:27:18.278 16985 17036 I BKA-RDP : osSendMesg: message 10 sent to mq=0x797ab51220
09-18 07:27:18.278 16985 17036 E BKA-LOOP: game_draw returned
09-18 07:27:18.278 16985 17036 E BKA-LOOP: after spawnQueue_flush
09-18 07:27:18.278 16985 17036 I BKA-RDP : osRecvMesg: message 2 received
09-18 07:27:18.278 16985 17036 I BKA-RDP : osRecvMesg: message 3 received
09-18 07:27:18.278 16985 17036 I BKA-RDP : osRecvMesg: message 4 received
09-18 07:27:18.278 16985 17036 I BKA-RDP : osRecvMesg: message 5 received
09-18 07:27:18.278 16985 17036 I BKA-TASK: handleF3DEX: sUnkFlag1=0x40000008 task7=0
09-18 07:27:18.278 16985 17036 I BKA-RDP : osRecvMesg: message 6 received
09-18 07:27:18.278 16985 17036 I BKA-RDP : osRecvMesg: message 7 received
09-18 07:27:18.278 16985 17036 I NativeBridge: BKA-FrameSync: frame 1
09-18 07:27:18.302 10964 10964 W Finsky  : [2] STU: Failed to get storage stats for package 'com.google.android.cellbroadcast' (1601: Error getting stats: android.content.pm.PackageManager.NameNotFoundException)
09-18 07:27:18.312 16985 17036 I BKA-CORE: mainLoop iteration 2 - D_8027A130=3
09-18 07:27:18.312 16985 17036 I BKA_INPUT: mainLoop before update sDisableInput=0 D_8027A130=3 gameMode=3
09-18 07:27:18.312 16985 17036 I BKA_INPUT: pfsManager_update ENTER
09-18 07:27:18.312 16985 17036 E BKA-LOOP: before func_802E4424
09-18 07:27:18.312 16985 17036 I BKA_GFX : func_802E4424 entry
--------- beginning of crash
09-18 07:27:18.312 16985 17036 F libc    : Fatal signal 11 (SIGSEGV), code 1 (SEGV_MAPERR), fault addr 0x2979297929792979 in tid 17036 (Thread-4), pid 16985 (com.bkawrapper)
09-18 07:27:18.420 17040 17040 I crash_dump64: obtaining output fd from tombstoned, type: kDebuggerdTombstoneProto
09-18 07:27:18.427   817   817 I tombstoned: received crash request for pid 17036
09-18 07:27:18.429 17040 17040 I crash_dump64: performing dump of process 16985 (target tid = 17036)
09-18 07:27:18.530 10964 10964 W Finsky  : [2] STU: Failed to get storage stats for package 'com.motorola.enterprise' (1601: Error getting stats: android.content.pm.PackageManager.NameNotFoundException)
09-18 07:27:18.597 10964 10964 W Finsky  : [2] STU: Failed to get storage stats for package 'com.google.android.tzdata5' (1601: Error getting stats: android.content.pm.PackageManager.NameNotFoundException)
09-18 07:27:18.644 10964 10964 W Finsky  : [2] STU: Failed to get storage stats for package 'com.google.android.permission' (1601: Error getting stats: android.content.pm.PackageManager.NameNotFoundException)
09-18 07:27:18.707 15273 15467 I NetworkScheduler.Stats: (REDACTED) Task %s/%s started execution. cause:%s exec_start_elapsed_seconds: %s
09-18 07:27:18.718  2153  2490 D WifiStaIfaceHidlImpl: getCachedScanData is not implemented by HIDL
09-18 07:27:18.724  2153  2490 D WifiClientModeImpl[101413:wlan0]: updateLinkLayerStatsRssiSpeedFrequencyCapabilities rssi=-39 TxLinkspeed=433 freq=5180 RxLinkSpeed=433
09-18 07:27:18.725  2153  2490 D WifiDataStall: tx tput in kbps: 387247
09-18 07:27:18.725  2153  2490 D WifiDataStall: rx tput in kbps: 407628
09-18 07:27:18.726  2153  2490 V WifiConfigManager: Updating scan detail cache freq=5180 BSSID=e8:2c:6d:c8:6a:84 RSSI=-39 for "XCI-6a83-5G"WPA_PSK
09-18 07:27:18.726  2153  2490 D WifiDataStall:  ccaLevel = 15
09-18 07:27:18.726  2153  2490 D WifiDataStall: L2 txTputKbps: 387247, rxTputKbps: 407628, L3 txTputKbps: 0, rxTputKbps: 0, TxTrafficHigh: false, RxTrafficHigh: false, Throughput Sufficient: true
09-18 07:27:18.727 15273 15467 I PlayGamesServices[GamesSyncAdapter]: Starting sync for dc33782c
09-18 07:27:18.727  2153  2490 D WifiThroughputPredictor:  utilization (LLS) 15 isBluetoothConnected: false final utilization: 15
09-18 07:27:18.729  2153  2490 D WifiThroughputPredictor:  BW: 2 RSSI: -39 Nss: 1 Mode: 5 symDur: 3600 snrDb 35 bitPerTone: 6667 rate: 433 throughput: 407
09-18 07:27:18.730  2153  2490 D WifiThroughputPredictor:  utilization (LLS) 15 isBluetoothConnected: false final utilization: 15
09-18 07:27:18.730 15273 16660 I NetworkScheduler.Stats: (REDACTED) Task %s/%s started execution. cause:%s exec_start_elapsed_seconds: %s
09-18 07:27:18.731  2153  2490 D WifiThroughputPredictor:  BW: 2 RSSI: -39 Nss: 1 Mode: 5 symDur: 3600 snrDb 35 bitPerTone: 6667 rate: 433 throughput: 407
09-18 07:27:18.732  2153  6487 I MotoWifiScorer: onWifiUsabilityStats, seqNum: 10724, isSameBssidAndFreq: true, RSSI: -39, isThroughputSufficient: true, LinkSpeed: 433 Mbps, RxLinkSpeed: 433 Mbps
09-18 07:27:18.732  2153  6487 I MotoWifiScorer: updateWifiUsabilityStats, seqNum: 10724, RSSI: -39, isThroughputSufficient: true, LinkSpeed: 433 Mbps, RxLinkSpeed: 433 Mbps
09-18 07:27:18.732  2153  6487 I MotoWifiScorer: updateWifiUsabilityStats, Duration: 3042, Rx Good: 0, Tx Good: 0, Tx Bad: 0 ( 0 % ), Tx Retry: 0 ( 0 % )
09-18 07:27:18.732  2153  2490 D WifiScoreCard: BSSID update SIGNAL_POLL ID: 1360832325 SSID: "XCI-6a83-5G", BSSID: e8:2c:6d:c8:6a:84, MAC: 76:bf:1f:15:dd:10, IP: /192.168.229.9, Security type: 2, Supplicant state: COMPLETED, Wi-Fi standard: 11ac, RSSI: -39, Link speed: 433Mbps, Tx Link speed: 433Mbps, Max Supported Tx Link speed: 433Mbps, Rx Link speed: 433Mbps, Max Supported Rx Link speed: 433Mbps, Frequency: 5180MHz, Net ID: 8, Metered hint: false, score: 60, isUsable: true, CarrierMerged: false, SubscriptionId: -1, IsPrimary: 1, Trusted: true, Restricted: false, Ephemeral: false, OEM paid: false, OEM private: false, OSU AP: false, FQDN: <none>, Provider friendly name: <none>, Requesting package name: <none>"XCI-6a83-5G"wpa2-pskMLO Information: , Is TID-To-Link negotiation supported by the AP: false, AP MLD Address: <none>, AP MLO Link Id: <none>, AP MLO Affiliated links: <none>, Vendor Data: <none>
09-18 07:27:18.732  2153  3233 D CompatibilityChangeReporter: Compat change id reported: 201794303; UID 10216; state: ENABLED
09-18 07:27:18.732  2153  6487 I WifiService: getCurrentNetwork uid=1000
09-18 07:27:18.733  2153  2490 D WifiScoreCard: txRate: 1 txSpeed: 433
09-18 07:27:18.733  2153  6487 I MotoWifiScorer: onWifiUsabilityStats, FinalScore: 60, RssiBasedScore: 60, LinkBonus: 0, TcpBonus: 0
09-18 07:27:18.733  2153  2490 D WifiScoreCard: network update SIGNAL_POLL "XCI-6a83-5G" ID: 1628180958 RSSI -39 txSpeed -1
09-18 07:27:18.734  2153  2490 D WifiClientModeImpl[101413:wlan0]:  ClientModeImpl$L2ConnectedState screen=on 131 0 "XCI-6a83-5G" e8:2c:6d:c8:6a:84 rssi=-39 f=5180 sc=60 link=433 tx=0.7, 0.0, 0.0 rx=0.7 bcn=804606 [on:0 tx:0 rx:0 period:3043] from screen [on:167512 period:745164] score=60
09-18 07:27:18.734  2598  3262 V WifiManager: TrafficStateCallbackProxy: onStateChanged state=0
09-18 07:27:18.735  2153  3233 D CompatibilityChangeReporter: Compat change id reported: 207133734; UID 10216; state: ENABLED
09-18 07:27:18.736  2598  2750 V WifiManager: TrafficStateCallbackProxy: onStateChanged state=0
09-18 07:27:18.737 15273 15467 I PlayGamesServices[GamesSyncAdapter]: Sync duration for dc33782c: 2
09-18 07:27:18.738  2153  6487 I MotoWifiScorer: onWifiUsabilityStats, WiFi Usable: true
09-18 07:27:18.740 15273 17044 I PlayGamesServices[GamesSyncAdapter]: Starting sync for 3ff36bab
09-18 07:27:18.742 15273 17044 I PlayGamesServices[GamesSyncAdapter]: Sync duration for 3ff36bab: 2
09-18 07:27:18.746  2598  2598 D StatusBarIconController: ignoring old pipeline callback because the new wifi icon is enabled
09-18 07:27:18.754  2153  2497 D ConnectivityService: NetReassign [no changes] [c 7] [a 3] [i 4]
09-18 07:27:18.759 10964 10964 W Finsky  : [2] STU: Failed to get storage stats for package 'com.google.android.wifi' (1601: Error getting stats: android.content.pm.PackageManager.NameNotFoundException)
09-18 07:27:18.793 15273 17044 W PlayGamesServices[DataBroker]: No player ID found when refreshing
09-18 07:27:18.795 15273 17044 W PlayGamesServices[DataBroker]: No player ID found when refreshing
09-18 07:27:18.795 15273 17044 W PlayGamesServices[DataBroker]: No player ID found when refreshing
09-18 07:27:18.796 15273 17044 W PlayGamesServices[DataBroker]: No player ID found when refreshing
09-18 07:27:18.796 15273 17044 W PlayGamesServices[DataBroker]: No player ID found when refreshing
09-18 07:27:18.798 15273 15467 W PlayGamesServices[DataBroker]: No player ID found when refreshing
09-18 07:27:18.799 15273 15467 W PlayGamesServices[DataBroker]: No player ID found when refreshing
09-18 07:27:18.802 15273 15467 W PlayGamesServices[DataBroker]: No player ID found when refreshing
09-18 07:27:18.803 15273 15467 W PlayGamesServices[DataBroker]: No player ID found when refreshing
09-18 07:27:18.804 15273 15467 W PlayGamesServices[DataBroker]: No player ID found when refreshing
09-18 07:27:18.813 15273 17044 I NetworkScheduler.Stats: (REDACTED) Task %s/%s finished executing. cause:%s result: %s elapsed_millis: %s uptime_millis: %s exec_start_elapsed_seconds: %s
09-18 07:27:18.840 15273 28571 W PlayGamesServices[UiUtils]: AppVersion: Cannot find the installed destination app.
09-18 07:27:18.842 15273 28571 I GetServiceValidatorImpl: (REDACTED) onGetService() from Client SDK version [%s], Module version [%s], PGA version [%s], Account [%s], Calling package [%s], Game package [%s]
09-18 07:27:18.844 15273 28571 I GetGamesServiceReqFacto: (REDACTED) Parsing request with ignored arguments. signInOptionsBundle [%s], isRetryingSignIn [%s], skipWelcomePopup [%s], requireGooglePlus [%s]
09-18 07:27:18.846 15273 28571 I GetGamesServiceReqFacto: Replacing request for `games` scope with `games_lite`
09-18 07:27:18.866 15273 17049 I SignInPerformer-5: (REDACTED) Handling request [%s], isFirstPartyCaller [%s]
09-18 07:27:18.869 15273 17049 I SignInPerformer-5: Successfully brokered first-party unauthenticated GamesService [CONTEXT service_id=1 ]
09-18 07:27:18.873 15273 17049 I GetGamesServiceV2Op: (REDACTED) Successfully brokered GamesService for request %s
09-18 07:27:18.875 15273 28571 W PlayGamesServices[UiUtils]: AppVersion: Cannot find the installed destination app.
09-18 07:27:18.876 15273 28571 W PlayGamesServices[UiUtils]: AppVersionName: Cannot find the installed destination app.
09-18 07:27:18.895 15273 17044 I NetworkScheduler.Stats: (REDACTED) Task %s/%s finished executing. cause:%s result: %s elapsed_millis: %s uptime_millis: %s exec_start_elapsed_seconds: %s
09-18 07:27:18.908 15273 28571 W PlayGamesServices[UiUtils]: AppVersion: Cannot find the installed destination app.
09-18 07:27:18.913 15273 15467 I NetworkScheduler.Stats: (REDACTED) Task %s/%s started execution. cause:%s exec_start_elapsed_seconds: %s
09-18 07:27:18.914 15273 28571 W PlayGamesServices[UiUtils]: AppVersionName: Cannot find the installed destination app.
09-18 07:27:18.930 15273 15273 D BoundBrokerSvc: onRebind: Intent { act=com.google.android.gms.libs.gmscorelogger.service.START dat=chimera-action:/... cmp=com.google.android.gms/.chimera.PersistentDirectBootAwareApiService }
09-18 07:27:18.972  2153  2802 I DataStallMonitor: TcpDataFromSnmp:0,0,0,0
09-18 07:27:18.977 15273 17047 I NetworkScheduler.Stats: (REDACTED) Task %s/%s started execution. cause:%s exec_start_elapsed_seconds: %s
09-18 07:27:18.981 15273 15573 I PlayGamesServices[GamesSyncAdapter]: Starting sync for a7327451
09-18 07:27:18.986 15273 15573 I PlayGamesServices[GamesSyncAdapter]: Sync duration for a7327451: 3
09-18 07:27:19.009 15273 15573 W PlayGamesServices[DataBroker]: No player ID found when refreshing
09-18 07:27:19.011 15273 15573 W PlayGamesServices[DataBroker]: No player ID found when refreshing
09-18 07:27:19.012 15273 15573 W PlayGamesServices[DataBroker]: No player ID found when refreshing
09-18 07:27:19.013 15273 15573 W PlayGamesServices[DataBroker]: No player ID found when refreshing
09-18 07:27:19.015 15273 15573 W PlayGamesServices[DataBroker]: No player ID found when refreshing
09-18 07:27:19.018 17040 17040 F DEBUG   : *** *** *** *** *** *** *** *** *** *** *** *** *** *** *** ***
09-18 07:27:19.018 17040 17040 F DEBUG   : Build fingerprint: 'motorola/fogona_g/fogona:14/U1TFS34.100-35-14-1-21/e7791-698bc2:user/release-keys'
09-18 07:27:19.018 17040 17040 F DEBUG   : Revision: 'pvt'
09-18 07:27:19.018 17040 17040 F DEBUG   : ABI: 'arm64'
09-18 07:27:19.018 17040 17040 F DEBUG   : Timestamp: 2026-09-18 07:27:18.439548757-0600
09-18 07:27:19.018 17040 17040 F DEBUG   : Process uptime: 4s
09-18 07:27:19.018 17040 17040 F DEBUG   : Cmdline: com.bkawrapper
09-18 07:27:19.018 17040 17040 F DEBUG   : pid: 16985, tid: 17036, name: Thread-4  >>> com.bkawrapper <<<
09-18 07:27:19.018 17040 17040 F DEBUG   : uid: 10699
09-18 07:27:19.018 17040 17040 F DEBUG   : tagged_addr_ctrl: 0000000000000001 (PR_TAGGED_ADDR_ENABLE)
09-18 07:27:19.018 17040 17040 F DEBUG   : signal 11 (SIGSEGV), code 1 (SEGV_MAPERR), fault addr 0x2979297929792979
09-18 07:27:19.018 17040 17040 F DEBUG   :     x0  2979297929792979  x1  000000795e2fba34  x2  0000000000000046  x3  0000000000000238
09-18 07:27:19.018 17040 17040 F DEBUG   :     x4  000000795e2fb92c  x5  00000000f800ff0f  x6  000000795e2fb7c0  x7  000000795e2fb7b8
09-18 07:27:19.018 17040 17040 F DEBUG   :     x8  2979297929792979  x9  0000000000000780  x10 0000000000000167  x11 0000000000000000
09-18 07:27:19.018 17040 17040 F DEBUG   :     x12 000000797abfb1a4  x13 0000000000000014  x14 000000795e2fb688  x15 0000000000000000
09-18 07:27:19.018 17040 17040 F DEBUG   :     x16 00000079795a1428  x17 00000079794c2eb4  x18 000000795c79a000  x19 000000795e2fbcb0
09-18 07:27:19.018 17040 17040 F DEBUG   :     x20 0000007b3f3d3000  x21 000000795e2fbcb0  x22 000000000000428b  x23 0000000000004259
09-18 07:27:19.018 17040 17040 F DEBUG   :     x24 000000795e2fbcb0  x25 000000795e2fbcb0  x26 000000795e2fbff8  x27 0000000001004000
09-18 07:27:19.018 17040 17040 F DEBUG   :     x28 0000000001006000  x29 000000795e2fba70
09-18 07:27:19.019 17040 17040 F DEBUG   :     lr  00000079794c29d0  sp  000000795e2fba50  pc  00000079794c2ec0  pst 0000000060000000
09-18 07:27:19.019 17040 17040 F DEBUG   : 10 total frames
09-18 07:27:19.019 17040 17040 F DEBUG   : backtrace:
09-18 07:27:19.019 17040 17040 F DEBUG   :       #00 pc 000000000029dec0  /data/app/~~iYYQstar8y-Euwn37pCjSQ==/com.bkawrapper-rswxm77XmwWq7Tmq9pw0vQ==/base.apk!libbkawrapper.so (offset 0x40b000) (func_802FB0D4+12) (BuildId: e10fbd36fbabd28c001d1dd774d6ae384562dd1a)
09-18 07:27:19.019 17040 17040 F DEBUG   :       #01 pc 000000000029d9cc  /data/app/~~iYYQstar8y-Euwn37pCjSQ==/com.bkawrapper-rswxm77XmwWq7Tmq9pw0vQ==/base.apk!libbkawrapper.so (offset 0x40b000) (func_802FAD9C+44) (BuildId: e10fbd36fbabd28c001d1dd774d6ae384562dd1a)
09-18 07:27:19.019 17040 17040 F DEBUG   :       #02 pc 00000000002fa890  /data/app/~~iYYQstar8y-Euwn37pCjSQ==/com.bkawrapper-rswxm77XmwWq7Tmq9pw0vQ==/base.apk!libbkawrapper.so (offset 0x40b000) (func_80310D2C+1020) (BuildId: e10fbd36fbabd28c001d1dd774d6ae384562dd1a)
09-18 07:27:19.019 17040 17040 F DEBUG   :       #03 pc 000000000030fb10  /data/app/~~iYYQstar8y-Euwn37pCjSQ==/com.bkawrapper-rswxm77XmwWq7Tmq9pw0vQ==/base.apk!libbkawrapper.so (offset 0x40b000) (gsworld_update+364) (BuildId: e10fbd36fbabd28c001d1dd774d6ae384562dd1a)
09-18 07:27:19.019 17040 17040 F DEBUG   :       #04 pc 0000000000287ce0  /data/app/~~iYYQstar8y-Euwn37pCjSQ==/com.bkawrapper-rswxm77XmwWq7Tmq9pw0vQ==/base.apk!libbkawrapper.so (offset 0x40b000) (func_802E4424+688) (BuildId: e10fbd36fbabd28c001d1dd774d6ae384562dd1a)
09-18 07:27:19.019 17040 17040 F DEBUG   :       #05 pc 00000000001fcda8  /data/app/~~iYYQstar8y-Euwn37pCjSQ==/com.bkawrapper-rswxm77XmwWq7Tmq9pw0vQ==/base.apk!libbkawrapper.so (offset 0x40b000) (mainLoop+396) (BuildId: e10fbd36fbabd28c001d1dd774d6ae384562dd1a)
09-18 07:27:19.019 17040 17040 F DEBUG   :       #06 pc 00000000001fd05c  /data/app/~~iYYQstar8y-Euwn37pCjSQ==/com.bkawrapper-rswxm77XmwWq7Tmq9pw0vQ==/base.apk!libbkawrapper.so (offset 0x40b000) (mainThread_entry+116) (BuildId: e10fbd36fbabd28c001d1dd774d6ae384562dd1a)
09-18 07:27:19.019 17040 17040 F DEBUG   :       #07 pc 000000000016f448  /data/app/~~iYYQstar8y-Euwn37pCjSQ==/com.bkawrapper-rswxm77XmwWq7Tmq9pw0vQ==/base.apk!libbkawrapper.so (offset 0x40b000) (BuildId: e10fbd36fbabd28c001d1dd774d6ae384562dd1a)
09-18 07:27:19.019 17040 17040 F DEBUG   :       #08 pc 00000000000fcf74  /apex/com.android.runtime/lib64/bionic/libc.so (__pthread_start(void*)+208) (BuildId: 284d65da9c7eadcb4f58fe07ba016b9f)
09-18 07:27:19.019 17040 17040 F DEBUG   :       #09 pc 0000000000096924  /apex/com.android.runtime/lib64/bionic/libc.so (__start_thread+68) (BuildId: 284d65da9c7eadcb4f58fe07ba016b9f)
09-18 07:27:19.029 15273 28571 W PlayGamesServices[UiUtils]: AppVersion: Cannot find the installed destination app.
09-18 07:27:19.031 15273 15573 I NetworkScheduler.Stats: (REDACTED) Task %s/%s finished executing. cause:%s result: %s elapsed_millis: %s uptime_millis: %s exec_start_elapsed_seconds: %s
09-18 07:27:19.032 15273 28571 W PlayGamesServices[UiUtils]: AppVersionName: Cannot find the installed destination app.
09-18 07:27:19.034  2153  2396 D ActivityManager: freezing 16665 com.android.soundpicker, reason = oom_cached
09-18 07:27:19.050   817   817 E tombstoned: Tombstone written to: tombstone_21
09-18 07:27:19.071  2153 17051 I DropBoxManagerService: add tag=data_app_native_crash isTagEnabled=true flags=0x2
09-18 07:27:19.080  2153 17050 W ActivityTaskManager:   Force finishing activity com.bkawrapper/.MainActivity
09-18 07:27:19.086  2153 17050 D ActivityTrigger: ActivityTrigger activityPauseTrigger 
09-18 07:27:19.086  2598  2677 V WindowManagerShell: Transition requested: android.os.BinderProxy@f747e7f TransitionRequestInfo { type = 2, triggerTask = null, remoteTransition = null, displayChange = null, flags = 16 }
09-18 07:27:19.091  2153  2208 I ActivityManager: 10699 handleShowAppErrorUi: shouldThottle=false,showFirstCrash=false,repeating=false,shouldForceShowError=false
09-18 07:27:19.092  2153  2208 I ActivityManager: Showing crash dialog for package com.bkawrapper u0
09-18 07:27:19.094 15273 17044 I DomainFilterImpl: Domain filter sync is disabled, returning non-retriable failure [CONTEXT service_id=121 ]
09-18 07:27:19.109  1186  1186 I BpBinder: onLastStrongRef automatically unlinking death recipients: 
09-18 07:27:19.112  2153  2387 I BootReceiver: Copying /data/tombstones/tombstone_21 to DropBox (SYSTEM_TOMBSTONE)
09-18 07:27:19.120 15273 15573 I NetworkScheduler.Stats: (REDACTED) Task %s/%s finished executing. cause:%s result: %s elapsed_millis: %s uptime_millis: %s exec_start_elapsed_seconds: %s
09-18 07:27:19.135  1842  1842 I adbd    : Remote process closed the socket (on MSG_PEEK)
09-18 07:27:19.137  2153  2387 I DropBoxManagerService: add tag=SYSTEM_TOMBSTONE isTagEnabled=true flags=0x6
09-18 07:27:19.138   977   977 I Zygote  : Process 16985 exited due to signal 11 (Segmentation fault)
09-18 07:27:19.163  2153  2190 I ActivityManager: appDiedLocked: app=ProcessRecord{668c2bf 16985:com.bkawrapper/u0a699} thread=android.os.BinderProxy@5cb5d73 fromBinderDied=true isKilledByAm=false reason=null
09-18 07:27:19.163  2153  2190 I ActivityManager: Process com.bkawrapper (pid 16985) has died: prcp TOP 
09-18 07:27:19.164  2153  6031 I WindowManager: WIN DEATH: Window{69be26e u0 com.bkawrapper/com.bkawrapper.MainActivity}
09-18 07:27:19.166  2153  2235 I libprocessgroup: Successfully killed process cgroup uid 10699 pid 16985 in 0ms
09-18 07:27:19.167  2153  6031 W InputManager-JNI: Input channel object '69be26e com.bkawrapper/com.bkawrapper.MainActivity (client)' was disposed without first being removed with the input manager!
09-18 07:27:19.171  2153  4315 I ImeTracker: com.bkawrapper:d9d1391a: onRequestHide at ORIGIN_SERVER_HIDE_INPUT reason HIDE_REMOVE_CLIENT
09-18 07:27:19.174  2153  4315 I ImeTracker: com.bkawrapper:d9d1391a: onCancelled at PHASE_SERVER_SHOULD_HIDE
09-18 07:27:19.176  4136  4136 I SubtypeOperator: SubtypeOperator$1.onUnbindInput():43 
09-18 07:27:19.195  2153  2190 D ActivityTaskManager: handleAppDied: uid=10699,diedCount=0,lastDiedTime=0,forceStopUids=false
09-18 07:27:19.219  2153  2184 I system_server: Background young concurrent mark compact GC freed 17MB AllocSpace bytes, 18(1792KB) LOS objects, 22% free, 69MB/90MB, paused 6.874ms,7.734ms total 158.190ms
09-18 07:27:19.220  2153  2387 I DropBoxManagerService: add tag=SYSTEM_TOMBSTONE_PROTO_WITH_HEADERS isTagEnabled=true flags=0x4
09-18 07:27:19.223  2153  2208 D CompatibilityChangeReporter: Compat change id reported: 161145287; UID 1000; state: ENABLED
09-18 07:27:19.228  1186  3047 D SurfaceFlinger: setDesiredDisplayModeSpecs: by process 2153
09-18 07:27:19.228  1186  1186 D RefreshRateSelector: constructAvailableRefreshRates: {defaultModeId=0, allowGroupSwitching=false, primaryRanges={physical=[60.00 Hz, inf Hz], render=[60.00 Hz, 90.00 Hz]}, appRequestRanges={physical=[0.00 Hz, inf Hz], render=[0.00 Hz, 90.00 Hz]}} 
09-18 07:27:19.228  1186  1186 D RefreshRateSelector: primary render rates: 60.00 Hz (60.00 Hz) 90.00 Hz (90.00 Hz) 
09-18 07:27:19.228  1186  1186 D RefreshRateSelector: app request render rates: 20.00 Hz (60.00 Hz) 22.50 Hz (90.00 Hz) 30.00 Hz (60.00 Hz) 45.00 Hz (90.00 Hz) 60.00 Hz (60.00 Hz) 90.00 Hz (90.00 Hz) 
09-18 07:27:19.228  1186  1186 I RefreshRateSelector: constructAvailableRefreshRates: Found m60HzRefreshRateModeOpt at index 0
09-18 07:27:19.228  1186  1186 D RefreshRateSelector: Special render rates: 
09-18 07:27:19.228  1186  1186 D RefreshRateSelector: [-218041700:0:0]: mTouchBoostRefreshRateAvailable=0, mScrollBoostRefreshRateAvailable=0
09-18 07:27:19.228  1186  1186 I RefreshRateSelector: Display 4630946747577212033 policy changed
09-18 07:27:19.228  1186  1186 I RefreshRateSelector: Previous: {defaultModeId=0, allowGroupSwitching=false, primaryRanges={physical=[60.00 Hz, inf Hz], render=[60.00 Hz, 60.00 Hz]}, appRequestRanges={physical=[0.00 Hz, inf Hz], render=[0.00 Hz, 90.00 Hz]}}
09-18 07:27:19.228  1186  1186 I RefreshRateSelector: Current:  DisplayManagerPolicy{defaultModeId=0, allowGroupSwitching=false, primaryRanges={physical=[60.00 Hz, inf Hz], render=[60.00 Hz, 90.00 Hz]}, appRequestRanges={physical=[0.00 Hz, inf Hz], render=[0.00 Hz, 90.00 Hz]}}
09-18 07:27:19.228  1186  1186 I RefreshRateSelector: 1 mode changes were performed under the previous policy
09-18 07:27:19.228  1186  1186 D SurfaceFlinger: Setting desired display mode specs: {defaultModeId=0, allowGroupSwitching=false, primaryRanges={physical=[60.00 Hz, inf Hz], render=[60.00 Hz, 90.00 Hz]}, appRequestRanges={physical=[0.00 Hz, inf Hz], render=[0.00 Hz, 90.00 Hz]}} for display 4630946747577212033
09-18 07:27:19.228  1186  1186 I SurfaceFlinger: Switching to Scheduler preferred mode 1 (90.00 Hz)
09-18 07:27:19.228  1186  1186 W ComposerExtn: DisplayExtnImpl::SetActiveConfig: HWC Display 0 is not registered!
09-18 07:27:19.231  2153  2208 D ViewRootImpl: update {(0,0)(wrapxwrap) gr=CENTER sim={adjust=pan forwardNavigation} ty=SYSTEM_ALERT fmt=TRANSLUCENT wanim=0x10302ff
09-18 07:27:19.231  2153  2208 D ViewRootImpl:   fl=DIM_BEHIND ALT_FOCUSABLE_IM SPLIT_TOUCH HARDWARE_ACCELERATED
09-18 07:27:19.231  2153  2208 D ViewRootImpl:   pfl=SHOW_FOR_ALL_USERS SYSTEM_ERROR
09-18 07:27:19.231  2153  2208 D ViewRootImpl:   bhv=DEFAULT
09-18 07:27:19.231  2153  2208 D ViewRootImpl:   fitTypes=STATUS_BARS NAVIGATION_BARS CAPTION_BAR} by setView
09-18 07:27:19.234  2153  2186 W System  : A resource failed to call close. 
09-18 07:27:19.237  2153  2208 D CompatibilityChangeReporter: Compat change id reported: 168419799; UID 1000; state: DISABLED
09-18 07:27:19.237  2153  2208 D CompatibilityChangeReporter: Compat change id reported: 273564678; UID 1000; state: DISABLED
09-18 07:27:19.243  1186  1186 I SurfaceFlinger: setActiveModeInHwcIfNeeded changing active mode to 1(90.00 Hz) for display 4630946747577212033
09-18 07:27:19.246  2153  2208 W Looper  : Slow dispatch took 139ms android.ui h=com.android.server.am.ActivityManagerService$UiHandler c=com.android.server.am.ErrorDialogController$$ExternalSyntheticLambda4@90a9a1 m=0
09-18 07:27:19.246  1092  1201 W SDM     : HWDeviceDRM::GetSupportedBitClkRate: Requested rate not supported: 0
09-18 07:27:19.247  1092  1201 I SDM     : HWDeviceDRM::UpdateMixerAttributes: Mixer WxH 720x1600-0 for Peripheral
09-18 07:27:19.247  1092  1201 I SDM     : HWCDisplay::SubmitDisplayConfig: Active configuration changed to: 1
09-18 07:27:19.250  2153  2211 W ActivityManager: pid 2153 system sent binder code 3 with flags 1 to frozen apps and got error -32
09-18 07:27:19.250  2153  2208 D DisplayManagerService: Drop pending events for gone uid 10699
09-18 07:27:19.250  2153  2211 D ActivityManager: Too many transaction errors, throttling freezer binder callback.
09-18 07:27:19.250  1092  1201 I SDM     : HWDeviceDRM::SetDisplaySwitchMode: Mode 1 already set
09-18 07:27:19.252  2153  2211 W WindowManager: Failed to deliver inset control state change to w=Window{69be26e u0 com.bkawrapper/com.bkawrapper.MainActivity EXITING}
09-18 07:27:19.252  2153  2211 W WindowManager: android.os.DeadObjectException
09-18 07:27:19.252  2153  2211 W WindowManager: 	at android.os.BinderProxy.transactNative(Native Method)
09-18 07:27:19.252  2153  2211 W WindowManager: 	at android.os.BinderProxy.transact(BinderProxy.java:586)
09-18 07:27:19.252  2153  2211 W WindowManager: 	at android.view.IWindow$Stub$Proxy.insetsControlChanged(IWindow.java:479)
09-18 07:27:19.252  2153  2211 W WindowManager: 	at com.android.server.wm.WindowState.notifyInsetsControlChanged(WindowState.java:4112)
09-18 07:27:19.252  2153  2211 W WindowManager: 	at com.android.server.wm.InsetsStateController.lambda$notifyPendingInsetsControlChanged$3(InsetsStateController.java:351)
09-18 07:27:19.252  2153  2211 W WindowManager: 	at com.android.server.wm.InsetsStateController.$r8$lambda$8yykPRG1GyNq_J17QvL9d5xANMc(InsetsStateController.java:0)
09-18 07:27:19.252  2153  2211 W WindowManager: 	at com.android.server.wm.InsetsStateController$$ExternalSyntheticLambda2.run(R8$$SyntheticClass:0)
09-18 07:27:19.252  2153  2211 W WindowManager: 	at com.android.server.wm.WindowAnimator.executeAfterPrepareSurfacesRunnables(WindowAnimator.java:294)
09-18 07:27:19.252  2153  2211 W WindowManager: 	at com.android.server.wm.WindowAnimator.animate(WindowAnimator.java:202)
09-18 07:27:19.252  2153  2211 W WindowManager: 	at com.android.server.wm.WindowAnimator.lambda$new$1(WindowAnimator.java:99)
09-18 07:27:19.252  2153  2211 W WindowManager: 	at com.android.server.wm.WindowAnimator.$r8$lambda$aHNu1uhcqxihX5NZc4McDDQPAyw(WindowAnimator.java:0)
09-18 07:27:19.252  2153  2211 W WindowManager: 	at com.android.server.wm.WindowAnimator$$ExternalSyntheticLambda1.doFrame(R8$$SyntheticClass:0)
09-18 07:27:19.252  2153  2211 W WindowManager: 	at android.view.Choreographer$CallbackRecord.run(Choreographer.java:1341)
09-18 07:27:19.252  2153  2211 W WindowManager: 	at android.view.Choreographer$CallbackRecord.run(Choreographer.java:1352)
09-18 07:27:19.252  2153  2211 W WindowManager: 	at android.view.Choreographer.doCallbacks(Choreographer.java:952)
09-18 07:27:19.252  2153  2211 W WindowManager: 	at android.view.Choreographer.doFrame(Choreographer.java:878)
09-18 07:27:19.252  2153  2211 W WindowManager: 	at android.view.Choreographer$FrameDisplayEventReceiver.run(Choreographer.java:1326)
09-18 07:27:19.252  2153  2211 W WindowManager: 	at android.os.Handler.handleCallback(Handler.java:1000)
09-18 07:27:19.252  2153  2211 W WindowManager: 	at android.os.Handler.dispatchMessage(Handler.java:104)
09-18 07:27:19.252  2153  2211 W WindowManager: 	at android.os.Looper.loopOnce(Looper.java:242)
09-18 07:27:19.252  2153  2211 W WindowManager: 	at android.os.Looper.loop(Looper.java:362)
09-18 07:27:19.252  2153  2211 W WindowManager: 	at android.os.HandlerThread.run(HandlerThread.java:85)
09-18 07:27:19.252  2153  2211 W WindowManager: 	at com.android.server.ServiceThread.run(ServiceThread.java:46)
09-18 07:27:19.253 12066 19181 V BinderSender: Uid 10699 already starts
09-18 07:27:19.253 12066 19181 V BinderSender: Uid 10699 dead
09-18 07:27:19.254  2153 17050 W ActivityManager: Ignoring remove of inactive process: ProcessRecord{668c2bf 0:com.bkawrapper/u0a699}
09-18 07:27:19.257  2153  2208 W InputManager-JNI: Input channel object '8959d16 Application Error: com.bkawrapper (client)' was disposed without first being removed with the input manager!
09-18 07:27:19.259  2153  2210 I DisplayDeviceRepository: Display device changed: DisplayDeviceInfo{"Built-in Screen": uniqueId="local:4630946747577212033", 720 x 1600, modeId 2, renderFrameRate 90.0, defaultModeId 1, supportedModes [{id=1, width=720, height=1600, fps=60.000004, alternativeRefreshRates=[90.0], supportedHdrTypes=[]}, {id=2, width=720, height=1600, fps=90.0, alternativeRefreshRates=[60.000004], supportedHdrTypes=[]}], supportedReadyForModes [], colorMode 0, supportedColorModes [0, 7], hdrCapabilities HdrCapabilities{mSupportedHdrTypes=[], mMaxLuminance=500.0, mMaxAverageLuminance=500.0, mMinLuminance=0.0}, allmSupported false, gameContentTypeSupported false, density 280, 261.257 x 260.512 dpi, appVsyncOff 1000000, presDeadline 17111111, cutout DisplayCutout{insets=Rect(0, 80 - 0, 0) waterfall=Insets{left=0, top=0, right=0, bottom=0} boundingRect={Bounds=[Rect(0, 0 - 0, 0), Rect(325, 0 - 395, 80), Rect(0, 0 - 0, 0), Rect(0, 0 - 0, 0)]} cutoutPathParserInfo={CutoutPathParserInfo{displayWidth=720 displayHeight=1600 physicalDisplayWidth=720 physicalDisplayHeight=1600 density={1.75} cutoutSpec={M -35,0 L 35,0 L 35,80 L -35,80 Z} rotation={0} scale={1.0} physicalPixelDisplaySizeRatio={1.0}}}}, touch INTERNAL, rotation 0, type INTERNAL, address {port=129, model=0x40446d87f7171c}, deviceProductInfo DeviceProductInfo{name=, manufacturerPnpId=QCM, productId=1, modelYear=null, manufactureDate=ManufactureDate{week=27, year=2006}, connectionToSinkType=0}, state ON, committedState ON, frameRateOverride , brightnessMinimum 0.0, brightnessMaximum 1.0, brightnessDefault 0.4509804, hdrSdrRatio 1.0000783, roundedCorners RoundedCorners{[RoundedCorner{position=TopLeft, radius=36, center=Point(36, 36)}, RoundedCorner{position=TopRight, radius=36, center=Point(684, 36)}, RoundedCorner{position=BottomRight, radius=36, center=Point(684, 1564)}, RoundedCorner{position=BottomLeft, radius=36, center=Point(36, 1564)}]}, FLAG_ALLOWED_TO_BE_DEFAULT_DISPLAY, FLAG_ROTATES_WITH_CONTENT, FLAG_SECURE, FLAG_SUPPORTS_PROTECTED_BUFFERS, FLAG_TRUSTED, installOrientation 0, displayShape DisplayShape{ spec=2134893525 displayWidth=720 displayHeight=1600 physicalPixelDisplaySizeRatio=1.0 rotation=0 offsetX=0 offsetY=0 scale=1.0}}
09-18 07:27:19.260  1186  1186 I SurfaceFlinger: setActiveModeInHwcIfNeeded changing active mode to 1(90.00 Hz) for display 4630946747577212033
09-18 07:27:19.262  2153  2210 D DisplayManagerService: Ignore redundant display event 0/2 to 10278/12683
09-18 07:27:19.262  2153  2210 D DisplayManagerService: Ignore redundant display event 0/2 to 10278/12753
09-18 07:27:19.262  2153  2210 D DisplayManagerService: Ignore redundant display event 0/2 to 10649/24828
09-18 07:27:19.262  2153  2210 D DisplayManagerService: Ignore redundant display event 0/2 to 10394/28817
09-18 07:27:19.265 11459 11459 D VRI[TermuxActivity]: update {(0,0)(fillxfill) sim={adjust=resize} ty=BASE_APPLICATION wanim=0x10302fe
09-18 07:27:19.265 11459 11459 D VRI[TermuxActivity]:   fl=LAYOUT_IN_SCREEN LAYOUT_INSET_DECOR SPLIT_TOUCH HARDWARE_ACCELERATED TRANSLUCENT_STATUS TRANSLUCENT_NAVIGATION DRAWS_SYSTEM_BAR_BACKGROUNDS
09-18 07:27:19.265 11459 11459 D VRI[TermuxActivity]:   pfl=NO_MOVE_ANIMATION FORCE_DRAW_STATUS_BAR_BACKGROUND FIT_INSETS_CONTROLLED
09-18 07:27:19.265 11459 11459 D VRI[TermuxActivity]:   bhv=DEFAULT
09-18 07:27:19.265 11459 11459 D VRI[TermuxActivity]:   fitSides=} by setLayoutParams
09-18 07:27:19.267 11459 11459 D VRI[TermuxActivity]: update {(0,0)(fillxfill) sim={adjust=resize} ty=BASE_APPLICATION wanim=0x10302fe
09-18 07:27:19.267 11459 11459 D VRI[TermuxActivity]:   fl=LAYOUT_IN_SCREEN LAYOUT_INSET_DECOR SPLIT_TOUCH HARDWARE_ACCELERATED TRANSLUCENT_STATUS TRANSLUCENT_NAVIGATION DRAWS_SYSTEM_BAR_BACKGROUNDS
09-18 07:27:19.267 11459 11459 D VRI[TermuxActivity]:   pfl=NO_MOVE_ANIMATION FORCE_DRAW_STATUS_BAR_BACKGROUND FIT_INSETS_CONTROLLED
09-18 07:27:19.267 11459 11459 D VRI[TermuxActivity]:   bhv=DEFAULT
09-18 07:27:19.267 11459 11459 D VRI[TermuxActivity]:   fitSides=} by setLayoutParams
09-18 07:27:19.268  2153  2211 W ActivityManager: pid 2153 system sent binder code 3 with flags 1 to frozen apps and got error -32
09-18 07:27:19.268  2153  2211 D ActivityManager: Too many transaction errors, throttling freezer binder callback.
09-18 07:27:19.268  2153  2211 W WindowManager: Failed to deliver inset control state change to w=Window{69be26e u0 com.bkawrapper/com.bkawrapper.MainActivity EXITING}
09-18 07:27:19.268  2153  2211 W WindowManager: android.os.DeadObjectException
09-18 07:27:19.268  2153  2211 W WindowManager: 	at android.os.BinderProxy.transactNative(Native Method)
09-18 07:27:19.268  2153  2211 W WindowManager: 	at android.os.BinderProxy.transact(BinderProxy.java:586)
09-18 07:27:19.268  2153  2211 W WindowManager: 	at android.view.IWindow$Stub$Proxy.insetsControlChanged(IWindow.java:479)
09-18 07:27:19.268  2153  2211 W WindowManager: 	at com.android.server.wm.WindowState.notifyInsetsControlChanged(WindowState.java:4112)
09-18 07:27:19.268  2153  2211 W WindowManager: 	at com.android.server.wm.InsetsStateController.lambda$notifyPendingInsetsControlChanged$3(InsetsStateController.java:351)
09-18 07:27:19.268  2153  2211 W WindowManager: 	at com.android.server.wm.InsetsStateController.$r8$lambda$8yykPRG1GyNq_J17QvL9d5xANMc(InsetsStateController.java:0)
09-18 07:27:19.268  2153  2211 W WindowManager: 	at com.android.server.wm.InsetsStateController$$ExternalSyntheticLambda2.run(R8$$SyntheticClass:0)
09-18 07:27:19.268  2153  2211 W WindowManager: 	at com.android.server.wm.WindowAnimator.executeAfterPrepareSurfacesRunnables(WindowAnimator.java:294)
09-18 07:27:19.268  2153  2211 W WindowManager: 	at com.android.server.wm.WindowAnimator.animate(WindowAnimator.java:202)
09-18 07:27:19.268  2153  2211 W WindowManager: 	at com.android.server.wm.WindowAnimator.lambda$new$1(WindowAnimator.java:99)
09-18 07:27:19.268  2153  2211 W WindowManager: 	at com.android.server.wm.WindowAnimator.$r8$lambda$aHNu1uhcqxihX5NZc4McDDQPAyw(WindowAnimator.java:0)
09-18 07:27:19.268  2153  2211 W WindowManager: 	at com.android.server.wm.WindowAnimator$$ExternalSyntheticLambda1.doFrame(R8$$SyntheticClass:0)
09-18 07:27:19.268  2153  2211 W WindowManager: 	at android.view.Choreographer$CallbackRecord.run(Choreographer.java:1341)
09-18 07:27:19.268  2153  2211 W WindowManager: 	at android.view.Choreographer$CallbackRecord.run(Choreographer.java:1352)
09-18 07:27:19.268  2153  2211 W WindowManager: 	at android.view.Choreographer.doCallbacks(Choreographer.java:952)
09-18 07:27:19.268  2153  2211 W WindowManager: 	at android.view.Choreographer.doFrame(Choreographer.java:878)
09-18 07:27:19.268  2153  2211 W WindowManager: 	at android.view.Choreographer$FrameDisplayEventReceiver.run(Choreographer.java:1326)
09-18 07:27:19.268  2153  2211 W WindowManager: 	at android.os.Handler.handleCallback(Handler.java:1000)
09-18 07:27:19.268  2153  2211 W WindowManager: 	at android.os.Handler.dispatchMessage(Handler.java:104)
09-18 07:27:19.268  2153  2211 W WindowManager: 	at android.os.Looper.loopOnce(Looper.java:242)
09-18 07:27:19.268  2153  2211 W WindowManager: 	at android.os.Looper.loop(Looper.java:362)
09-18 07:27:19.268  2153  2211 W WindowManager: 	at android.os.HandlerThread.run(HandlerThread.java:85)
09-18 07:27:19.268  2153  2211 W WindowManager: 	at com.android.server.ServiceThread.run(ServiceThread.java:46)
09-18 07:27:19.292 15273 15279 I gle.android.gms: Background young concurrent mark compact GC freed 24MB AllocSpace bytes, 37(1584KB) LOS objects, 34% free, 39MB/60MB, paused 4.668ms,7.409ms total 390.536ms
09-18 07:27:19.293  2153  2211 W ActivityManager: pid 2153 system sent binder code 3 with flags 1 to frozen apps and got error -32
09-18 07:27:19.293  2153  2211 D ActivityManager: Too many transaction errors, throttling freezer binder callback.
09-18 07:27:19.294 11459 11545 E OpenGLRenderer: Unable to match the desired swap behavior.
09-18 07:27:19.294  2153  2211 W WindowManager: Failed to deliver inset control state change to w=Window{69be26e u0 com.bkawrapper/com.bkawrapper.MainActivity EXITING}
09-18 07:27:19.294  2153  2211 W WindowManager: android.os.DeadObjectException
09-18 07:27:19.294  2153  2211 W WindowManager: 	at android.os.BinderProxy.transactNative(Native Method)
09-18 07:27:19.294  2153  2211 W WindowManager: 	at android.os.BinderProxy.transact(BinderProxy.java:586)
09-18 07:27:19.294  2153  2211 W WindowManager: 	at android.view.IWindow$Stub$Proxy.insetsControlChanged(IWindow.java:479)
09-18 07:27:19.294  2153  2211 W WindowManager: 	at com.android.server.wm.WindowState.notifyInsetsControlChanged(WindowState.java:4112)
09-18 07:27:19.294  2153  2211 W WindowManager: 	at com.android.server.wm.InsetsStateController.lambda$notifyPendingInsetsControlChanged$3(InsetsStateController.java:351)
09-18 07:27:19.294  2153  2211 W WindowManager: 	at com.android.server.wm.InsetsStateController.$r8$lambda$8yykPRG1GyNq_J17QvL9d5xANMc(InsetsStateController.java:0)
09-18 07:27:19.294  2153  2211 W WindowManager: 	at com.android.server.wm.InsetsStateController$$ExternalSyntheticLambda2.run(R8$$SyntheticClass:0)
09-18 07:27:19.294  2153  2211 W WindowManager: 	at com.android.server.wm.WindowAnimator.executeAfterPrepareSurfacesRunnables(WindowAnimator.java:294)
09-18 07:27:19.294  2153  2211 W WindowManager: 	at com.android.server.wm.WindowAnimator.animate(WindowAnimator.java:202)
09-18 07:27:19.294  2153  2211 W WindowManager: 	at com.android.server.wm.WindowAnimator.lambda$new$1(WindowAnimator.java:99)
09-18 07:27:19.294  2153  2211 W WindowManager: 	at com.android.server.wm.WindowAnimator.$r8$lambda$aHNu1uhcqxihX5NZc4McDDQPAyw(WindowAnimator.java:0)
09-18 07:27:19.294  2153  2211 W WindowManager: 	at com.android.server.wm.WindowAnimator$$ExternalSyntheticLambda1.doFrame(R8$$SyntheticClass:0)
09-18 07:27:19.294  2153  2211 W WindowManager: 	at android.view.Choreographer$CallbackRecord.run(Choreographer.java:1341)
09-18 07:27:19.294  2153  2211 W WindowManager: 	at android.view.Choreographer$CallbackRecord.run(Choreographer.java:1352)
09-18 07:27:19.294  2153  2211 W WindowManager: 	at android.view.Choreographer.doCallbacks(Choreographer.java:952)
09-18 07:27:19.294  2153  2211 W WindowManager: 	at android.view.Choreographer.doFrame(Choreographer.java:878)
09-18 07:27:19.294  2153  2211 W WindowManager: 	at android.view.Choreographer$FrameDisplayEventReceiver.run(Choreographer.java:1326)
09-18 07:27:19.294  2153  2211 W WindowManager: 	at android.os.Handler.handleCallback(Handler.java:1000)
09-18 07:27:19.294  2153  2211 W WindowManager: 	at android.os.Handler.dispatchMessage(Handler.java:104)
09-18 07:27:19.294  2153  2211 W WindowManager: 	at android.os.Looper.loopOnce(Looper.java:242)
09-18 07:27:19.294  2153  2211 W WindowManager: 	at android.os.Looper.loop(Looper.java:362)
09-18 07:27:19.294  2153  2211 W WindowManager: 	at android.os.HandlerThread.run(HandlerThread.java:85)
09-18 07:27:19.294  2153  2211 W WindowManager: 	at com.android.server.ServiceThread.run(ServiceThread.java:46)
09-18 07:27:19.306 15273 17044 I NetworkScheduler.Stats: (REDACTED) Task %s/%s started execution. cause:%s exec_start_elapsed_seconds: %s
09-18 07:27:19.312 15273 17044 I NetworkScheduler.Stats: (REDACTED) Task %s/%s started execution. cause:%s exec_start_elapsed_seconds: %s
09-18 07:27:19.317 15273 16660 I PlayGamesServices[GamesSyncAdapter]: Starting sync for a24ae7f7
09-18 07:27:19.321 15273 15573 I PlayGamesServices[GamesSyncAdapter]: Starting sync for f7a9007d
09-18 07:27:19.329 15273 15573 I PlayGamesServices[GamesSyncAdapter]: Sync duration for f7a9007d: 8
09-18 07:27:19.331 15273 16660 I PlayGamesServices[GamesSyncAdapter]: Sync duration for a24ae7f7: 9
09-18 07:27:19.361 16718 16723 W ola.securityhub: userfaultfd: MOVE ioctl seems unsupported: Connection timed out
09-18 07:27:19.362  2153  2207 V WindowManager: Sent Transition #2677 createdAt=09-18 07:27:19.083 via request=TransitionRequestInfo { type = 2, triggerTask = null, remoteTransition = null, displayChange = null, flags = 16 }
09-18 07:27:19.362  2153  2207 V WindowManager:     startWCT=WindowContainerTransaction { changes = {} hops = [] errorCallbackToken=null taskFragmentOrganizer=null }
09-18 07:27:19.363  2598  2677 V WindowManagerShell: onTransitionReady android.os.BinderProxy@f747e7f: {id=2677 t=CLOSE f=0x10 trk=0 r=[0@Point(0, 0)] c=[{WCT{android.window.IWindowContainerToken$Stub$Proxy@dc839b} m=TO_FRONT f=MOVE_TO_TOP pTaskId=-1 leash=Surface(name=Task=6989)/@0x85ebe4c sb=Rect(0, 0 - 720, 1600) eb=Rect(0, 0 - 720, 1600) d=0},{WCT{android.window.IWindowContainerToken$Stub$Proxy@2df7338} m=CLOSE f=NONE pTaskId=-1 leash=Surface(name=Task=7135)/@0x91a5e95 sb=Rect(0, 0 - 720, 1600) eb=Rect(0, 0 - 720, 1600) d=0}]}
09-18 07:27:19.363  2598  2677 V WindowManagerShell: Playing animation for (#2677)android.os.BinderProxy@f747e7f@0
09-18 07:27:19.363  2598  2677 V WindowManagerShell:  try handler com.android.wm.shell.transition.DefaultMixedHandler@b485ff3
09-18 07:27:19.363  2598  2677 V WindowManagerShell:  try handler com.android.wm.shell.keyguard.KeyguardTransitionHandler@3ff14b0
09-18 07:27:19.363  2598  2677 V WindowManagerShell:  try handler com.android.wm.shell.activityembedding.ActivityEmbeddingController@c099f29
09-18 07:27:19.363  2598  2677 V WindowManagerShell:  try handler com.android.wm.shell.recents.RecentsTransitionHandler@14d72ae
09-18 07:27:19.363  2598  2677 V ShellRecents: RecentsTransitionHandler.startAnimation: no controller found
09-18 07:27:19.363  2598  2677 V WindowManagerShell:  try handler com.android.wm.shell.pip.PipTransition@77f084f
09-18 07:27:19.363  2598  2677 V WindowManagerShell:  try handler com.android.wm.shell.splitscreen.StageCoordinator@1b8cbdc
09-18 07:27:19.363  2598  2677 D ShellSplitScreen: startAnimation: transition=2677 isSplitActive=false
09-18 07:27:19.363  2598  2677 V WindowManagerShell:  try handler com.android.wm.shell.transition.RemoteTransitionHandler@1f404e5
09-18 07:27:19.363  2598  2677 V WindowManagerShell: Transition doesn't have explicit remote, search filters for match for {id=2677 t=CLOSE f=0x10 trk=0 r=[0@Point(0, 0)] c=[{WCT{android.window.IWindowContainerToken$Stub$Proxy@dc839b} m=TO_FRONT f=MOVE_TO_TOP pTaskId=-1 leash=Surface(name=Task=6989)/@0x85ebe4c sb=Rect(0, 0 - 720, 1600) eb=Rect(0, 0 - 720, 1600) d=0},{WCT{android.window.IWindowContainerToken$Stub$Proxy@2df7338} m=CLOSE f=NONE pTaskId=-1 leash=Surface(name=Task=7135)/@0x91a5e95 sb=Rect(0, 0 - 720, 1600) eb=Rect(0, 0 - 720, 1600) d=0}]}
09-18 07:27:19.363  2598  2677 V WindowManagerShell:  Checking filter Pair{{types=[] flags=0x0] notFlags=0x100 checks=[{atype=home independent=true modes=[OPEN,TO_FRONT] flags=NONE mustBeTask=false order=TOP topActivity=ComponentInfo{com.motorola.launcher3/com.android.launcher3.uioverrides.QuickstepLauncher}},{atype=standard independent=true modes=[CLOSE,TO_BACK] flags=NONE mustBeTask=false order=ANY topActivity=null}]} RemoteTransition { remoteTransition = android.window.IRemoteTransition$Stub$Proxy@98cf640, appThread = android.app.IApplicationThread$Stub$Proxy@98c8979, debugName = QuickstepLaunchHome }}
09-18 07:27:19.363  2598  2677 V WindowManagerShell:  Delegate animation for #2677 to null
09-18 07:27:19.363  2598  2677 V WindowManagerShell:  try handler com.android.wm.shell.transition.DefaultTransitionHandler@c820bba
09-18 07:27:19.364  2598  2677 V WindowManagerShell: start default transition animation, info = {id=2677 t=CLOSE f=0x10 trk=0 r=[0@Point(0, 0)] c=[{WCT{android.window.IWindowContainerToken$Stub$Proxy@dc839b} m=TO_FRONT f=MOVE_TO_TOP pTaskId=-1 leash=Surface(name=Task=6989)/@0x85ebe4c sb=Rect(0, 0 - 720, 1600) eb=Rect(0, 0 - 720, 1600) d=0},{WCT{android.window.IWindowContainerToken$Stub$Proxy@2df7338} m=CLOSE f=NONE pTaskId=-1 leash=Surface(name=Task=7135)/@0x91a5e95 sb=Rect(0, 0 - 720, 1600) eb=Rect(0, 0 - 720, 1600) d=0}]}
09-18 07:27:19.369  2153  2207 V WindowManager:     info={id=2677 t=CLOSE f=0x10 trk=0 r=[0@Point(0, 0)] c=[{WCT{RemoteToken{d2644e6 Task{14a6efe #6989 type=standard A=10395:com.termux}}} m=TO_FRONT f=MOVE_TO_TOP pTaskId=-1 leash=Surface(name=Task=6989)/@0x645767b sb=Rect(0, 0 - 720, 1600) eb=Rect(0, 0 - 720, 1600) d=0},{WCT{RemoteToken{d434b9b Task{bed94d7 #7135 type=standard A=10699:com.bkawrapper}}} m=CLOSE f=NONE pTaskId=-1 leash=Surface(name=Task=7135)/@0x17ec67f sb=Rect(0, 0 - 720, 1600) eb=Rect(0, 0 - 720, 1600) d=0}]}
09-18 07:27:19.371  2598  2677 V WindowManagerShell: loadAnimation: anim=android.view.animation.AnimationSet@9be3602 animAttr=0xb type=CLOSE isEntrance=false
09-18 07:27:19.373 15273 15573 W PlayGamesServices[DataBroker]: No player ID found when refreshing
09-18 07:27:19.374  2598  2677 V WindowManagerShell: loadAnimation: anim=android.view.animation.AnimationSet@a17150 animAttr=0xa type=CLOSE isEntrance=true
09-18 07:27:19.374 16706 16710 W .apps.nbu.files: userfaultfd: MOVE ioctl seems unsupported: Connection timed out
09-18 07:27:19.376 15273 15573 W PlayGamesServices[DataBroker]: No player ID found when refreshing
09-18 07:27:19.377  2598  2677 V WindowManagerShell:  animated by com.android.wm.shell.transition.DefaultTransitionHandler@c820bba
09-18 07:27:19.379 15273 15573 W PlayGamesServices[DataBroker]: No player ID found when refreshing
09-18 07:27:19.380 15273 16660 W PlayGamesServices[DataBroker]: No player ID found when refreshing
09-18 07:27:19.380 15273 16660 W PlayGamesServices[DataBroker]: No player ID found when refreshing
09-18 07:27:19.381 15273 16660 W PlayGamesServices[DataBroker]: No player ID found when refreshing
09-18 07:27:19.381 15273 16660 W PlayGamesServices[DataBroker]: No player ID found when refreshing
09-18 07:27:19.381 15273 15573 W PlayGamesServices[DataBroker]: No player ID found when refreshing
09-18 07:27:19.381 15273 16660 W PlayGamesServices[DataBroker]: No player ID found when refreshing
09-18 07:27:19.382 15273 15573 W PlayGamesServices[DataBroker]: No player ID found when refreshing
09-18 07:27:19.382 16631 16635 W .apps.wellbeing: userfaultfd: MOVE ioctl seems unsupported: Connection timed out
09-18 07:27:19.392 15273 16660 I NetworkScheduler.Stats: (REDACTED) Task %s/%s finished executing. cause:%s result: %s elapsed_millis: %s uptime_millis: %s exec_start_elapsed_seconds: %s
09-18 07:27:19.395  2153  5002 I ImeTracker: com.termux:fed0e150: onRequestShow at ORIGIN_SERVER_START_INPUT reason ATTACH_NEW_INPUT
09-18 07:27:19.396 15273 28571 W PlayGamesServices[UiUtils]: AppVersion: Cannot find the installed destination app.
09-18 07:27:19.396  4136  4136 I SubtypeOperator: SubtypeOperator$1.onBindInput():33 
09-18 07:27:19.398  4136  4136 I GoogleInputMethodService: GoogleInputMethodService.onFinishInput():2361 
09-18 07:27:19.399  2153  5002 I ImeTracker: com.termux:3ce3020e: onRequestShow at ORIGIN_SERVER_START_INPUT reason SHOW_RESTORE_IME_VISIBILITY
09-18 07:27:19.399  4136  4136 I GoogleInputMethodService: GoogleInputMethodService.onStartInput():1532 onStartInput(EditorInfo{EditorInfo{packageName=com.termux, inputType=0, inputTypeString=NULL, enableLearning=false, autoCorrection=false, autoComplete=false, imeOptions=2000000, privateImeOptions=null, actionName=UNSPECIFIED, actionLabel=null, initialSelStart=-1, initialSelEnd=-1, initialCapsMode=0, label=null, fieldId=2131231121, fieldName=null, extras=null, hintText=null, hintLocales=[]}}, false)
09-18 07:27:19.399  4136  4136 I LatinIMEBase: LatinIMEBase.updateInputViewCoverNavigation():316 Update input view padding, isNavbarOverInputWindow=false, bottom inset=71
09-18 07:27:19.400  2153  3198 W PackageConfigPersister: App-specific configuration not found for packageName: com.termux and userId: 0
09-18 07:27:19.408  2153  2211 W ActivityManager: pid 2153 system sent binder code 3 with flags 1 to frozen apps and got error -32
09-18 07:27:19.408 15273 28571 W PlayGamesServices[UiUtils]: AppVersionName: Cannot find the installed destination app.
09-18 07:27:19.408  2153  2211 D ActivityManager: Too many transaction errors, throttling freezer binder callback.
09-18 07:27:19.410  2153  2211 W WindowManager: Failed to deliver inset control state change to w=Window{69be26e u0 com.bkawrapper/com.bkawrapper.MainActivity EXITING}
09-18 07:27:19.410  2153  2211 W WindowManager: android.os.DeadObjectException
09-18 07:27:19.410  2153  2211 W WindowManager: 	at android.os.BinderProxy.transactNative(Native Method)
09-18 07:27:19.410  2153  2211 W WindowManager: 	at android.os.BinderProxy.transact(BinderProxy.java:586)
09-18 07:27:19.410  2153  2211 W WindowManager: 	at android.view.IWindow$Stub$Proxy.insetsControlChanged(IWindow.java:479)
09-18 07:27:19.410  2153  2211 W WindowManager: 	at com.android.server.wm.WindowState.notifyInsetsControlChanged(WindowState.java:4112)
09-18 07:27:19.410  2153  2211 W WindowManager: 	at com.android.server.wm.InsetsStateController.lambda$notifyPendingInsetsControlChanged$3(InsetsStateController.java:351)
09-18 07:27:19.410  2153  2211 W WindowManager: 	at com.android.server.wm.InsetsStateController.$r8$lambda$8yykPRG1GyNq_J17QvL9d5xANMc(InsetsStateController.java:0)
09-18 07:27:19.410  2153  2211 W WindowManager: 	at com.android.server.wm.InsetsStateController$$ExternalSyntheticLambda2.run(R8$$SyntheticClass:0)
09-18 07:27:19.410  2153  2211 W WindowManager: 	at com.android.server.wm.WindowAnimator.executeAfterPrepareSurfacesRunnables(WindowAnimator.java:294)
09-18 07:27:19.410  2153  2211 W WindowManager: 	at com.android.server.wm.RootWindowContainer.performSurfacePlacementNoTrace(RootWindowContainer.java:863)
09-18 07:27:19.410  2153  2211 W WindowManager: 	at com.android.server.wm.RootWindowContainer.performSurfacePlacement(RootWindowContainer.java:808)
09-18 07:27:19.410  2153  2211 W WindowManager: 	at com.android.server.wm.WindowSurfacePlacer.performSurfacePlacementLoop(WindowSurfacePlacer.java:177)
09-18 07:27:19.410  2153  2211 W WindowManager: 	at com.android.server.wm.WindowSurfacePlacer.performSurfacePlacement(WindowSurfacePlacer.java:126)
09-18 07:27:19.410  2153  2211 W WindowManager: 	at com.android.server.wm.WindowSurfacePlacer.performSurfacePlacement(WindowSurfacePlacer.java:115)
09-18 07:27:19.410  2153  2211 W WindowManager: 	at com.android.server.wm.WindowSurfacePlacer$Traverser.run(WindowSurfacePlacer.java:57)
09-18 07:27:19.410  2153  2211 W WindowManager: 	at android.os.Handler.handleCallback(Handler.java:1000)
09-18 07:27:19.410  2153  2211 W WindowManager: 	at android.os.Handler.dispatchMessage(Handler.java:104)
09-18 07:27:19.410  2153  2211 W WindowManager: 	at android.os.Looper.loopOnce(Looper.java:242)
09-18 07:27:19.410  2153  2211 W WindowManager: 	at android.os.Looper.loop(Looper.java:362)
09-18 07:27:19.410  2153  2211 W WindowManager: 	at android.os.HandlerThread.run(HandlerThread.java:85)
09-18 07:27:19.410  2153  2211 W WindowManager: 	at com.android.server.ServiceThread.run(ServiceThread.java:46)
09-18 07:27:19.414 11459 17053 D MediaCodecList: codecHandlesFormat: no format, so no extra checks
09-18 07:27:19.415  4136  4136 D InputMethodService: dispatchOnShowInputRequested result = true
09-18 07:27:19.417  4136  4136 D VRI[InputMethod]: update {(0,0)(fillxfill) gr=BOTTOM CENTER_VERTICAL ty=INPUT_METHOD fmt=TRANSPARENT wanim=0x1030056 receive insets ignoring z-order
09-18 07:27:19.417  4136  4136 D VRI[InputMethod]:   fl=NOT_FOCUSABLE LAYOUT_IN_SCREEN SPLIT_TOUCH HARDWARE_ACCELERATED DRAWS_SYSTEM_BAR_BACKGROUNDS
09-18 07:27:19.417  4136  4136 D VRI[InputMethod]:   pfl=FIT_INSETS_CONTROLLED
09-18 07:27:19.417  4136  4136 D VRI[InputMethod]:   bhv=DEFAULT
09-18 07:27:19.417  4136  4136 D VRI[InputMethod]:   fitTypes=STATUS_BARS NAVIGATION_BARS
09-18 07:27:19.417  4136  4136 D VRI[InputMethod]:   fitSides=LEFT TOP RIGHT} by setLayoutParams
09-18 07:27:19.419  4136  4136 I GoogleInputMethodService: GoogleInputMethodService.onStartInputView():1618 onStartInputView(EditorInfo{EditorInfo{packageName=com.termux, inputType=0, inputTypeString=NULL, enableLearning=false, autoCorrection=false, autoComplete=false, imeOptions=2000000, privateImeOptions=null, actionName=UNSPECIFIED, actionLabel=null, initialSelStart=-1, initialSelEnd=-1, initialCapsMode=0, label=null, fieldId=2131231121, fieldName=null, extras=null, hintText=null, hintLocales=[]}}, false)
09-18 07:27:19.420  4136  4136 W ModuleManager: ModuleManager.loadModule():641 Module qsh is not available
09-18 07:27:19.420  4136  4136 I KeyboardHeightUtil: KeyboardHeightUtil.getOemKeyboardHeightRatio():81 systemKeyboardHeightRatio:1.000000.
09-18 07:27:19.424 15273 28571 W PlayGamesServices[UiUtils]: AppVersion: Cannot find the installed destination app.
09-18 07:27:19.424 16631 16635 I .apps.wellbeing: Background concurrent mark compact GC freed 26MB AllocSpace bytes, 5(164KB) LOS objects, 49% free, 5122KB/10MB, paused 681us,1.985ms total 123.955ms
09-18 07:27:19.429  4136  4136 I InputContextChangeTracker: InputContextChangeTracker.fixLyingSelectionRangeFromSurroundingText():1678 fixLyingSelectionRangeFromSurroundingText(): [-1, -1]([-1, -1]) -> [0, 0]([0, 0])
09-18 07:27:19.429 15273 28571 W PlayGamesServices[UiUtils]: AppVersionName: Cannot find the installed destination app.
09-18 07:27:19.430  4136  4136 I InputBundleManager: InputBundleManager.startInput():356 startInput2 restarting=false
09-18 07:27:19.430  4136  4136 I InputBundleManager: InputBundleManager.loadActiveInputBundleId():552 loadActiveInputBundleId: und-Latn-x-password, password
09-18 07:27:19.430  4136  4136 I InputBundle: InputBundle.activateIme():599 activateIme: INACTIVE, keyboardType=prime
09-18 07:27:19.430  4136  4136 I AbstractIme: AbstractIme.onActivate():111 PasswordIme.onActivate() : EditorInfo = EditorInfo{packageName=com.termux, inputType=0, inputTypeString=NULL, enableLearning=false, autoCorrection=false, autoComplete=false, imeOptions=2000000, privateImeOptions=null, actionName=UNSPECIFIED, actionLabel=null, initialSelStart=-1, initialSelEnd=-1, initialCapsMode=0, label=null, fieldId=2131231121, fieldName=null, extras=null, hintText=null, hintLocales=[]}, IncognitoMode = false, DeviceLocked = false
09-18 07:27:19.431  4136  4136 I InputBundle: InputBundle.activateKeyboard():662 activateKeyboard: ACTIVE, type=KeyboardTypeAndPayload(keyboardType=prime, payload=null)
09-18 07:27:19.433  4136  4136 I KeyboardWrapper: KeyboardWrapper.activateKeyboard():592 activateKeyboard(): type=prime, status=INACTIVE, imeDef=ImeDef{stringId=password, language=und-Latn-x-password, languageTag=und-Latn-x-password, processedConditions={language=en-CA, variant=qwerty, enable_number_row=true, enable_pk_simulator=false, device=phone, true=true, writing_helper_enable_by_word_revert=false, enable_number_row_in_password=true}, className=com.google.android.libraries.inputmethod.ime.password.PasswordIme, label=2132019402, keyEventInterpreter=null, inlineComposing=true, autoCapital=true, announceAutoSelectedCandidate=true, statusIcon=0, indicatorIcon=0, indicatorLabel=null, displayAppCompletions=false, extraValues=pnx{}, processors=com.google.android.libraries.inputmethod.metadata.ProcessorsDef@deeb52d, unacceptableMetaKeys=4098, languageSpecificSettings=0, asciiCapable=false, alwaysShowSuggestions=false, useAsciiPasswordKeyboard=false, keyboardGroupDef=KeyboardGroupDef(variant=qwerty, variantLabel=0, pkLanguageTag=, pkLayoutType=, dynamicLayout=null, layoutSpecificSettings=[], layoutSpecificTheme=2132083613, order=0, supportsSplitMode=true, supportsOneHandedMode=true, isVariantNameMandatory=false, keyboardDefInfos={prime=KeyboardDefInfo(kbType=prime, initialStates=0, keyboardSources=[Xml(resId=2132215150), Xml(resId=2132215812), Xml(resId=2132215342)], extraValues=pnx{}), digit=KeyboardDefInfo(kbType=digit, initialStates=0, keyboardSources=[Xml(resId=2132215773)], extraValues=pnx{}), symbol=KeyboardDefInfo(kbType=symbol, initialStates=0, keyboardSources=[Xml(resId=2132215954)], extraValues=pnx{})}, overrideKeyboardXmlConditions=com.google.android.libraries.inputmethod.metadata.OverrideKeyboardXmlConditionsDef@22e58d1), phenotypeFlagId=0, localizationLanguageTag=null, supportsInlineSuggestion=false}
09-18 07:27:19.433  4136  4136 I KeyboardManager: KeyboardManager.requestKeyboard():250 Creating keyboard prime, imeId=password, cacheKey=theme,BORDER,FLAVOR_DPI=XHDPI,KEYBOARD_WIDTH_CATEGORY=NORMAL,KEY_BORDER_SHAPE=1,LIGHT_THEME=false,PHYSICAL_DIAGONAL=7.0668225,POPUP,SCREEN_SHORTEST_WIDTH=484,SCREEN_SHORTEST_WIDTH_NO_SCALE=484,SW400DP,XHDPI,bottom4dp,enable_popup_on_keypress=true,non_linear_scale,noshadow,silkpopup,use_system_font,zip_com.google.gboard.20181009.gradient_dark.dark_2
09-18 07:27:19.435 16631 16637 W .apps.wellbeing: ApkAssets: Deleting an ApkAssets object '<empty> and /product/overlay/DisplayCutoutEmulationNoCutout/DisplayCutoutEmulationNoCutoutOverlay.apk' with 1 weak references
09-18 07:27:19.436  4136  4136 I KeyboardDefManager: KeyboardDefManager.requestKeyboardDef():127 requestKeyboardDef(): type=prime, info=ppk{defIds=[#0x7f17056e, #0x7f170804, #0x7f17062e], defIdsCacheKey=2132215150,2132215812,2132215342}
09-18 07:27:19.437  4136  4136 I KeyboardDefManager: KeyboardDefManager.requestKeyboardDef():194 requestKeyboardDef(): getOrCreate from cache, info=ppk{defIds=[#0x7f17056e, #0x7f170804, #0x7f17062e], defIdsCacheKey=2132215150,2132215812,2132215342}
09-18 07:27:19.437  4136  4136 I KeyboardDefManager: KeyboardDefManager$Companion$addFutureCallbackForKeyboardDefReceiver$<anonymous>.onSuccess():443 requestKeyboardDef onSuccess(): info=ppk{defIds=[#0x7f17056e, #0x7f170804, #0x7f17062e], defIdsCacheKey=2132215150,2132215812,2132215342}
09-18 07:27:19.438  4136  4136 I KeyboardWrapper: KeyboardWrapper.onKeyboardReady():226 onKeyboardReady(): type=prime(prime), kb=com.google.android.apps.inputmethod.latin.keyboard.LatinPasswordKeyboard@c056c7f
09-18 07:27:19.438  4136  4136 I KeyboardWrapper: KeyboardWrapper.doActivateKeyboard():624 doActivateKeyboard(): prime
09-18 07:27:19.440 16631 16637 W .apps.wellbeing: ApkAssets: Deleting an ApkAssets object '<empty> and /data/app/~~HVnU0qoz7qFrXdnkFNmwUQ==/com.amazon.mShop.android.shopping-pNl8uGzIXipwtbejAIvxwA==/base.apk' with 1 weak references
09-18 07:27:19.442  4136 32176 I Module  : DeviceLockedStatusModuleProvider$Module.updateDeviceLockedStatusInternal():119 repeatCheckTimes = 0, locked = false
09-18 07:27:19.443 16631 16637 W .apps.wellbeing: ApkAssets: Deleting an ApkAssets object '<empty> and /data/app/~~HVnU0qoz7qFrXdnkFNmwUQ==/com.amazon.mShop.android.shopping-pNl8uGzIXipwtbejAIvxwA==/split_config.arm64_v8a.apk' with 1 weak references
09-18 07:27:19.444 16631 16637 W .apps.wellbeing: ApkAssets: Deleting an ApkAssets object '<empty> and /data/app/~~HVnU0qoz7qFrXdnkFNmwUQ==/com.amazon.mShop.android.shopping-pNl8uGzIXipwtbejAIvxwA==/split_config.xhdpi.apk' with 1 weak references
09-18 07:27:19.444 16631 16637 W .apps.wellbeing: ApkAssets: Deleting an ApkAssets object '<empty> and /data/app/~~EVgUpX_jVee6rNnTZtMDpQ==/com.google.android.youtube-t8KVbA24Tay9oW5bOmxalA==/base.apk' with 1 weak references
09-18 07:27:19.444 16631 16637 W .apps.wellbeing: ApkAssets: Deleting an ApkAssets object '<empty> and /data/app/~~EVgUpX_jVee6rNnTZtMDpQ==/com.google.android.youtube-t8KVbA24Tay9oW5bOmxalA==/split_config.arm64_v8a.apk' with 1 weak references
09-18 07:27:19.445 16631 16637 W .apps.wellbeing: ApkAssets: Deleting an ApkAssets object '<empty> and /data/app/~~EVgUpX_jVee6rNnTZtMDpQ==/com.google.android.youtube-t8KVbA24Tay9oW5bOmxalA==/split_config.en.apk' with 1 weak references
09-18 07:27:19.445  4136 32176 I Module  : DeviceLockedStatusModuleProvider$Module.updateDeviceLockedStatusInternal():119 repeatCheckTimes = 1, locked = false
09-18 07:27:19.445 16631 16637 W .apps.wellbeing: ApkAssets: Deleting an ApkAssets object '<empty> and /data/app/~~EVgUpX_jVee6rNnTZtMDpQ==/com.google.android.youtube-t8KVbA24Tay9oW5bOmxalA==/split_config.xhdpi.apk' with 1 weak references
09-18 07:27:19.445 16631 16637 W .apps.wellbeing: ApkAssets: Deleting an ApkAssets object '<empty> and /product/app/VzwAPNLibWs/VzwAPNLibWs.apk' with 1 weak references
09-18 07:27:19.445 16631 16637 W .apps.wellbeing: ApkAssets: Deleting an ApkAssets object '<empty> and /product/priv-app/ComcastExt/ComcastExt.apk' with 1 weak references
09-18 07:27:19.446 16631 16637 W .apps.wellbeing: ApkAssets: Deleting an ApkAssets object '<empty> and /product/priv-app/BuaCloudContactAdapter/BuaCloudContactAdapter.apk' with 1 weak references
09-18 07:27:19.446 16631 16637 W .apps.wellbeing: ApkAssets: Deleting an ApkAssets object '<empty> and /data/app/~~HiQBIxUKDkSms5eA3JBCgw==/com.amazon.clouddrive.photos-aFkUbCkCqg0uHcoh8qnsKQ==/base.apk' with 1 weak references
09-18 07:27:19.447 16631 16637 W .apps.wellbeing: ApkAssets: Deleting an ApkAssets object '<empty> and /apex/com.android.uwb/priv-app/ServiceUwbResources@U1TFS34M.100-35-14-1-21/ServiceUwbResources.apk' with 1 weak references
09-18 07:27:19.447 16631 16637 W .apps.wellbeing: ApkAssets: Deleting an ApkAssets object '<empty> and /product/app/TFMySites/TFMySites.apk' with 1 weak references
09-18 07:27:19.448 16631 16637 W .apps.wellbeing: ApkAssets: Deleting an ApkAssets object '<empty> and /product/overlay/DisplayCutoutEmulationCorner/DisplayCutoutEmulationCornerOverlay.apk' with 1 weak references
09-18 07:27:19.448 16631 16637 W .apps.wellbeing: ApkAssets: Deleting an ApkAssets object '<empty> and /apex/com.android.extservices/priv-app/GoogleExtServices@361153320/GoogleExtServices.apk' with 1 weak references
09-18 07:27:19.448 16631 16637 W .apps.wellbeing: ApkAssets: Deleting an ApkAssets object '<empty> and /system_ext/priv-app/MotoCare/MotoCare.apk' with 1 weak references
09-18 07:27:19.449 16631 16637 W .apps.wellbeing: ApkAssets: Deleting an ApkAssets object '<empty> and /product/priv-app/MotoTour/MotoTour.apk' with 1 weak references
09-18 07:27:19.449 16631 16637 W .apps.wellbeing: ApkAssets: Deleting an ApkAssets object '<empty> and /product/overlay/DisplayCutoutEmulationDouble/DisplayCutoutEmulationDoubleOverlay.apk' with 1 weak references
09-18 07:27:19.449 16631 16637 W .apps.wellbeing: ApkAssets: Deleting an ApkAssets object '<empty> and /data/app/~~Wiy5pWc2XdIjoAWBdGc7Hg==/com.canadapost.android-FQ8UYY2YcgWMSUReZW5VEg==/base.apk' with 1 weak references
09-18 07:27:19.450 16631 16637 W .apps.wellbeing: ApkAssets: Deleting an ApkAssets object '<empty> and /data/app/~~Wiy5pWc2XdIjoAWBdGc7Hg==/com.canadapost.android-FQ8UYY2YcgWMSUReZW5VEg==/split_config.arm64_v8a.apk' with 1 weak references
09-18 07:27:19.450 16631 16637 W .apps.wellbeing: ApkAssets: Deleting an ApkAssets object '<empty> and /data/app/~~Wiy5pWc2XdIjoAWBdGc7Hg==/com.canadapost.android-FQ8UYY2YcgWMSUReZW5VEg==/split_config.xhdpi.apk' with 1 weak references
09-18 07:27:19.450 16631 16637 W .apps.wellbeing: ApkAssets: Deleting an ApkAssets object '<empty> and /system/priv-app/TelephonyProvider/TelephonyProvider.apk' with 1 weak references
09-18 07:27:19.451 16631 16637 W .apps.wellbeing: ApkAssets: Deleting an ApkAssets object '/product/overlay/TelephonyProviderCarrierSettingsRRO.apk' with 1 weak references
09-18 07:27:19.451 16631 16637 W .apps.wellbeing: ApkAssets: Deleting an ApkAssets object '<empty> and /system/priv-app/DynamicSystemInstallationService/DynamicSystemInstallationService.apk' with 1 weak references
09-18 07:27:19.451 16631 16637 W .apps.wellbeing: ApkAssets: Deleting an ApkAssets object '<empty> and /product/priv-app/MotoFeedbackAssistant/MotoFeedbackAssistant.apk' with 1 weak references
09-18 07:27:19.452 16631 16637 W .apps.wellbeing: ApkAssets: Deleting an ApkAssets object '<empty> and /product/priv-app/myCC/myCC.apk' with 1 weak references
09-18 07:27:19.452 16631 16637 W .apps.wellbeing: ApkAssets: Deleting an ApkAssets object '<empty> and /product/overlay/IconShapePebble/IconShapePebbleOverlay.apk' with 1 weak references
09-18 07:27:19.453 16631 16637 W .apps.wellbeing: ApkAssets: Deleting an ApkAssets object '<empty> and /data/app/~~dS94IqMPr_tgwJdOT76QBQ==/com.google.android.googlequicksearchbox-n6PUxQ2ozt5iywZ3biTT7A==/base.apk' with 1 weak references
09-18 07:27:19.454 15273 17045 I NetworkScheduler.Stats: (REDACTED) Task %s/%s started execution. cause:%s exec_start_elapsed_seconds: %s
09-18 07:27:19.454 16631 16637 W .apps.wellbeing: ApkAssets: Deleting an ApkAssets object '<empty> and /data/app/~~dS94IqMPr_tgwJdOT76QBQ==/com.google.android.googlequicksearchbox-n6PUxQ2ozt5iywZ3biTT7A==/split_config.xhdpi.apk' with 1 weak references
09-18 07:27:19.454 16631 16637 W .apps.wellbeing: ApkAssets: Deleting an ApkAssets object '<empty> and /data/app/~~dS94IqMPr_tgwJdOT76QBQ==/com.google.android.googlequicksearchbox-n6PUxQ2ozt5iywZ3biTT7A==/split_lens_ondevice_engine_feature_module.apk' with 1 weak references
09-18 07:27:19.454 16631 16637 W .apps.wellbeing: ApkAssets: Deleting an ApkAssets object '<empty> and /data/app/~~dS94IqMPr_tgwJdOT76QBQ==/com.google.android.googlequicksearchbox-n6PUxQ2ozt5iywZ3biTT7A==/split_lens_ondevice_engine_play_ml_module.apk' with 1 weak references
09-18 07:27:19.454 16631 16637 W .apps.wellbeing: ApkAssets: Deleting an ApkAssets object '<empty> and /system_ext/priv-app/RevokerServices/RevokerServices.apk' with 1 weak references
09-18 07:27:19.455 16631 16637 W .apps.wellbeing: ApkAssets: Deleting an ApkAssets object '<empty> and /product/priv-app/VzwMVS-v1-0-205-10/VzwMVS-v1-0-205-10.apk' with 1 weak references
09-18 07:27:19.455 16631 16637 W .apps.wellbeing: ApkAssets: Deleting an ApkAssets object '<empty> and /product/app/VzwAPNLibWs/VzwAPNLibWs.apk' with 3 weak references
09-18 07:27:19.456 16631 16637 W .apps.wellbeing: ApkAssets: Deleting an ApkAssets object '<empty> and /system/priv-app/CalendarProvider/CalendarProvider.apk' with 1 weak references
09-18 07:27:19.456 16631 16637 W .apps.wellbeing: ApkAssets: Deleting an ApkAssets object '<empty> and /data/app/~~h3V9I6748KMDUMwlFa720w==/com.google.android.apps.googleassistant-ieS-nLDMvedKaJs6H7aprA==/base.apk' with 1 weak references
09-18 07:27:19.457 16631 16637 W .apps.wellbeing: ApkAssets: Deleting an ApkAssets object '<empty> and /product/priv-app/vzwPcoExt/vzwPcoExt.apk' with 1 weak references
09-18 07:27:19.457 15273 15573 I NetworkScheduler.Stats: (REDACTED) Task %s/%s finished executing. cause:%s result: %s elapsed_millis: %s uptime_millis: %s exec_start_elapsed_seconds: %s
09-18 07:27:19.458 16631 16637 W .apps.wellbeing: ApkAssets: Deleting an ApkAssets object '<empty> and /product/priv-app/GoogleOneTimeInitializer/GoogleOneTimeInitializer.apk' with 1 weak references
09-18 07:27:19.458 16631 16637 W .apps.wellbeing: ApkAssets: Deleting an ApkAssets object '<empty> and /system/app/GoogleExtShared/GoogleExtShared.apk' with 1 weak references
09-18 07:27:19.459 16631 16637 W .apps.wellbeing: ApkAssets: Deleting an ApkAssets object '<empty> and /product/priv-app/BRApps2/BRApps2.apk' with 1 weak references
09-18 07:27:19.460  4136  4136 I BaseKeyboardSizeHelper: BaseKeyboardSizeHelper.calculateMaxKeyboardBodyHeight():79 leave 159 height for app when ime window height:1449, header height:65 and isFullscreenMode:false, so the max keyboard body height is:1225
09-18 07:27:19.460 16631 16637 W .apps.wellbeing: ApkAssets: Deleting an ApkAssets object '<empty> and /product/overlay/NavigationBarModeGesturalWideBack/NavigationBarModeGesturalOverlayWideBack.apk' with 1 weak references
09-18 07:27:19.460 16631 16637 W .apps.wellbeing: ApkAssets: Deleting an ApkAssets object '<empty> and /product/priv-app/InmobiInstaller/InmobiInstaller.apk' with 1 weak references
09-18 07:27:19.462 16631 16637 W .apps.wellbeing: ApkAssets: Deleting an ApkAssets object '<empty> and /data/app/~~Qb3Wi1osrSHZHoqBewj1nQ==/com.niksoftware.snapseed-8272MXEGPPC_qDJ4MInzlw==/base.apk' with 1 weak references
09-18 07:27:19.462 16631 16637 W .apps.wellbeing: ApkAssets: Deleting an ApkAssets object '<empty> and /data/app/~~Qb3Wi1osrSHZHoqBewj1nQ==/com.niksoftware.snapseed-8272MXEGPPC_qDJ4MInzlw==/split_config.arm64_v8a.apk' with 1 weak references
09-18 07:27:19.462 16631 16637 W .apps.wellbeing: ApkAssets: Deleting an ApkAssets object '<empty> and /data/app/~~Qb3Wi1osrSHZHoqBewj1nQ==/com.niksoftware.snapseed-8272MXEGPPC_qDJ4MInzlw==/split_config.en.apk' with 1 weak references
09-18 07:27:19.462 16631 16637 W .apps.wellbeing: ApkAssets: Deleting an ApkAssets object '<empty> and /data/app/~~Qb3Wi1osrSHZHoqBewj1nQ==/com.niksoftware.snapseed-8272MXEGPPC_qDJ4MInzlw==/split_config.xhdpi.apk' with 1 weak references
09-18 07:27:19.463 16631 16637 W .apps.wellbeing: ApkAssets: Deleting an ApkAssets object '<empty> and /system_ext/priv-app/GestureNavigationTutorial/GestureNavigationTutorial.apk' with 1 weak references
09-18 07:27:19.463 16631 16637 W .apps.wellbeing: ApkAssets: Deleting an ApkAssets object '<empty> and /system_ext/priv-app/PaksNotification/PaksNotification.apk' with 1 weak references
09-18 07:27:19.463 15273 17045 I PlayGamesServices[GamesSyncAdapter]: Starting sync for 96d1d5b9
09-18 07:27:19.464 16631 16637 W .apps.wellbeing: ApkAssets: Deleting an ApkAssets object '<empty> and /data/app/~~_6CWUTPqO08tuSt1yaGuyw==/videoeditor.videomaker.videoeditorforyoutube-Hgu-Nn8ISozLyM2-Xh7QeQ==/base.apk' with 1 weak references
09-18 07:27:19.464 16631 16637 W .apps.wellbeing: ApkAssets: Deleting an ApkAssets object '<empty> and /data/app/~~_6CWUTPqO08tuSt1yaGuyw==/videoeditor.videomaker.videoeditorforyoutube-Hgu-Nn8ISozLyM2-Xh7QeQ==/split_config.arm64_v8a.apk' with 1 weak references
09-18 07:27:19.464 16631 16637 W .apps.wellbeing: ApkAssets: Deleting an ApkAssets object '<empty> and /data/app/~~_6CWUTPqO08tuSt1yaGuyw==/videoeditor.videomaker.videoeditorforyoutube-Hgu-Nn8ISozLyM2-Xh7QeQ==/split_config.xhdpi.apk' with 1 weak references
09-18 07:27:19.465 16631 16637 W .apps.wellbeing: ApkAssets: Deleting an ApkAssets object '<empty> and /system_ext/priv-app/rcsConfigService/rcsConfigService.apk' with 1 weak references
09-18 07:27:19.465  4136  4136 W Keyboard: Keyboard.getKeyboardViewHelper():624 null helper is returned: keyboardDef=KeyboardDef{processedConditions={device=phone, enable_pk_simulator=false, android_software_xr_api_spatial=false, free_cursor=false, enable_free_cursor_by_long_press_space=true, enable_scrub_move=true, layout_9key_split=false, expressions=normal, language=en-CA, variant=qwerty, free_cursor_in_split_keyboard_gap=false, show_comma_key=true, show_period_key=true, keyboard_mode=normal, pref_enable_flick_symbols=false, show_secondary_digits=false, enable_secondary_symbols=true, enable_number_row=true, show_suggestion_strip=true}, globalConditions={global_theme_key=theme,BORDER,FLAVOR_DPI=XHDPI,KEYBOARD_WIDTH_CATEGORY=NORMAL,KEY_BORDER_SHAPE=1,LIGHT_THEME=false,PHYSICAL_DIAGONAL=7.0668225,POPUP,SCREEN_SHORTEST_WIDTH=484,SCREEN_SHORTEST_WIDTH_NO_SCALE=484,SW400DP,XHDPI,bottom4dp,enable_popup_on_keypress=true,non_linear_scale,noshadow,silkpopup,use_system_font,zip_com.google.gboard.20181009.gradient_dark.dark_2, global_locale=en_CA, global_density_dpi=238, global_orientation=1}, className=.latin.keyboard.LatinPasswordKeyboard, sources=[Xml(resId=2132215150), Xml(resId=2132215812), Xml(resId=2132215342)], initialStates=0, keyboardViewDefs=[KeyboardViewDef{direction=null, id=#0x7f0b0224, isScalable=true, layoutId=#0x7f0e02d6, type=BODY, touchable=true, defaultShow=true}, KeyboardViewDef{direction=null, id=#0x7f0b0224, isScalable=false, layoutId=#0x7f0e0230, type=FLOATING_CANDIDATES, touchable=false, defaultShow=false}, KeyboardViewDef{direction=LOCALE, id=#0x7f0b0224, isScalable=false, layoutId=#0x7f0e053b, type=HEADER, touchable=true, defaultShow=true}], persistentStates=0, persistentStatesPrefKey=null, popupBubbleLayoutId=#0x7f0e062b, recentKeyLayoutId=#0x0, recentKeyPopupLayoutId=#0x0, recentKeyType=null, rememberRecentKey=NONE, sessionStates=6597069766656}, type=WIDGET, helpersCreated={HEADER=ozp@6e7b9e8, BODY=ozp@cbf0801, FLOATING_CANDIDATES=ozp@38ce6a6}, context.getResources().getConfiguration(): {1.0 302mcc220mnc [en_CA] ldltr sw484dp w484dp h974dp 238dpi lrg long layoutCompatNeeded port finger -keyb/v/h -nav/h winConfig={ mBounds=Rect(0, 0 - 720, 1600) mAppBounds=Rect(0, 80 - 720, 1529) mMaxBounds=Rect(0, 0 - 720, 1600) mDisplayRotation=ROTATION_0 mWindowingMode=fullscreen mDisplayWindowingMode=fullscreen mActivityType=undefined mAlwaysOnTop=undefined mRotation=ROTATION_0} as.3 s.98 fontWeightAdjustment=0 spnnull gid4b4f}
09-18 07:27:19.465 11459 17053 I MediaCodec: (0x7978bd7800) init name(c2.android.vorbis.decoder)
09-18 07:27:19.465 16631 16637 W .apps.wellbeing: ApkAssets: Deleting an ApkAssets object '<empty> and /data/app/~~dWcGcze-gD8UdRL5GgKdqw==/com.uptodown-q5gxqX8M7YUTtrPIUzJjZw==/base.apk' with 1 weak references
09-18 07:27:19.465  4136  4136 I BaseKeyboardSizeHelper: BaseKeyboardSizeHelper.calculateMaxKeyboardBodyHeight():79 leave 159 height for app when ime window height:1449, header height:65 and isFullscreenMode:false, so the max keyboard body height is:1225
09-18 07:27:19.466 16631 16637 W .apps.wellbeing: ApkAssets: Deleting an ApkAssets object '<empty> and /system_ext/priv-app/3c_devicemanagement-binary/3c_devicemanagement-binary.apk' with 1 weak references
09-18 07:27:19.466 16631 16637 W .apps.wellbeing: ApkAssets: Deleting an ApkAssets object '<empty> and /system_ext/app/FMRadioService/FMRadioService.apk' with 1 weak references
09-18 07:27:19.467 16631 16637 W .apps.wellbeing: ApkAssets: Deleting an ApkAssets object '<empty> and /product/overlay/FontExo2RegularSource/FontExo2RegularSourceOverlay.apk' with 1 weak references
09-18 07:27:19.467 16631 16637 W .apps.wellbeing: ApkAssets: Deleting an ApkAssets object '<empty> and /data/app/~~rqRRbherF2KIRazG7F_ckg==/com.retroarch-b6Z39_Q7tTarWexG927UKA==/base.apk' with 1 weak references
09-18 07:27:19.467 16631 16637 W .apps.wellbeing: ApkAssets: Deleting an ApkAssets object '<empty> and /data/app/~~rsqpIl_a-pK0kgwkCP6n_g==/eu.pokemmo.client-k39wC_vqU6WNT23GfsR8XQ==/base.apk' with 1 weak references
09-18 07:27:19.468 16631 16637 W .apps.wellbeing: ApkAssets: Deleting an ApkAssets object '<empty> and /system/priv-app/ExternalStorageProvider/ExternalStorageProvider.apk' with 1 weak references
09-18 07:27:19.468 16631 16637 W .apps.wellbeing: ApkAssets: Deleting an ApkAssets object '<empty> and /product/priv-app/DMService/DMService.apk' with 1 weak references
09-18 07:27:19.469 16631 16637 W .apps.wellbeing: ApkAssets: Deleting an ApkAssets object '<empty> and /data/app/~~CI_COke6ZdIEF3KWl-sJXA==/org.emunix.unipatcher-hvtLsVFoXl74jF4P-4T-wg==/base.apk' with 1 weak references
09-18 07:27:19.469 11459 17059 D CCodec  : allocate(c2.android.vorbis.decoder)
09-18 07:27:19.469 16631 16637 W .apps.wellbeing: ApkAssets: Deleting an ApkAssets object '<empty> and /data/app/~~CI_COke6ZdIEF3KWl-sJXA==/org.emunix.unipatcher-hvtLsVFoXl74jF4P-4T-wg==/split_config.arm64_v8a.apk' with 1 weak references
09-18 07:27:19.469 16631 16637 W .apps.wellbeing: ApkAssets: Deleting an ApkAssets object '<empty> and /data/app/~~CI_COke6ZdIEF3KWl-sJXA==/org.emunix.unipatcher-hvtLsVFoXl74jF4P-4T-wg==/split_config.en.apk' with 1 weak references
09-18 07:27:19.469 16631 16637 W .apps.wellbeing: ApkAssets: Deleting an ApkAssets object '<empty> and /data/app/~~CI_COke6ZdIEF3KWl-sJXA==/org.emunix.unipatcher-hvtLsVFoXl74jF4P-4T-wg==/split_config.xhdpi.apk' with 1 weak references
09-18 07:27:19.470 16631 16637 W .apps.wellbeing: ApkAssets: Deleting an ApkAssets object '<empty> and /system/app/HTMLViewer/HTMLViewer.apk' with 1 weak references
09-18 07:27:19.470  4136  4136 I InputBundleManager: InputBundleManager.startInput():371 startInput() with KeyboardTypeAndPayload(keyboardType=prime, payload=null)
09-18 07:27:19.470 16631 16637 W .apps.wellbeing: ApkAssets: Deleting an ApkAssets object '<empty> and /system_ext/priv-app/MotoBtAptxMode/MotoBtAptxMode.apk' with 1 weak references
09-18 07:27:19.471  4136  4136 I PkModeUpdater: PkModeUpdater.onActivate():95 End PK mode: disablePkMode=false, entry=ost{languageTag=en-CA, variant=qwerty, hasLocalizedResources=true, conditionCacheKey=_android_software_xr_api_spatial=false_device=phone_device_size=default_enable_free_cursor_by_long_press_space=true_enable_number_row=true_enable_number_row_in_password=true_enable_pk_simulator=false_enable_pk_simulator_setting=false_enable_scrub_move=true_enable_secondary_digits=true_enable_secondary_symbols=true_enable_simplified_expression_keyboard=false_expressions=normal_four_or_more_letter_rows=false_free_cursor=false_free_cursor_in_split_keyboard_gap=false_keyboard_font_size_setting=_keyboard_mode=normal_language=en-CA_layout_9key_split=false_orientation=portrait_physical_keyboard=nokeys_pk_simulator_vk_ready=false_pref_enable_flick_symbols=false_rtl_layout=false_show_comma_key=true_show_period_key=true_show_secondary_digits=false_show_suggestion_strip=true_show_suggestions=true_split_with_duplicate_keys=true_true=true_variant=qwerty_writing_helper_enable_by_word_revert=false, imeDef.stringId=ime_english_canada, imeDef.className=com.google.android.apps.inputmethod.libs.latin5.LatinIme, imeDef.languageTag=en-CA}, editorInfo=android.view.inputmethod.EditorInfo@7e18a7c
09-18 07:27:19.471 16631 16637 W .apps.wellbeing: ApkAssets: Deleting an ApkAssets object '<empty> and /system/app/CompanionDeviceManager/CompanionDeviceManager.apk' with 1 weak references
09-18 07:27:19.471  4136  4136 I AccessoryInputModeManager: AccessoryInputModeManager.onModeStarted():331 Accessory input mode started: null
09-18 07:27:19.471  4136  4136 W SupplementaryKeyboardsWrapper: SupplementaryKeyboardsWrapper.deactivateKeyboard():162 keyboard accessory_candidates_consumer is not activated before!
09-18 07:27:19.471 16631 16637 W .apps.wellbeing: ApkAssets: Deleting an ApkAssets object '<empty> and /data/app/~~uAl5JtoJiBfazhR-2E4dBw==/de.szalkowski.activitylauncher-V0ZwXivx1iBtdZ3Nyy-T4A==/base.apk' with 1 weak references
09-18 07:27:19.472 15273 17045 I PlayGamesServices[GamesSyncAdapter]: Sync duration for 96d1d5b9: 4
09-18 07:27:19.472 16631 16637 W .apps.wellbeing: ApkAssets: Deleting an ApkAssets object '<empty> and /data/app/~~uAl5JtoJiBfazhR-2E4dBw==/de.szalkowski.activitylauncher-V0ZwXivx1iBtdZ3Nyy-T4A==/split_config.arm64_v8a.apk' with 1 weak references
09-18 07:27:19.472 16631 16637 W .apps.wellbeing: ApkAssets: Deleting an ApkAssets object '<empty> and /data/app/~~uAl5JtoJiBfazhR-2E4dBw==/de.szalkowski.activitylauncher-V0ZwXivx1iBtdZ3Nyy-T4A==/split_config.xhdpi.apk' with 1 weak references
09-18 07:27:19.472  4136  4136 I EmojiAndGlobeKeyExtension: EmojiAndGlobeKeyExtension.onActivate():146 
09-18 07:27:19.472 16631 16637 W .apps.wellbeing: ApkAssets: Deleting an ApkAssets object '<empty> and /system/priv-app/DownloadProvider/DownloadProvider.apk' with 1 weak references
09-18 07:27:19.473 16631 16637 W .apps.wellbeing: ApkAssets: Deleting an ApkAssets object '<empty> and /system_ext/priv-app/CoreSettingsExt/CoreSettingsExt.apk' with 1 weak references
09-18 07:27:19.473 16631 16637 W .apps.wellbeing: ApkAssets: Deleting an ApkAssets object '/product/overlay/MotoCoreSettingsDoubleTapOverlay.apk' with 1 weak references
09-18 07:27:19.474 16631 16637 W .apps.wellbeing: ApkAssets: Deleting an ApkAssets object '/product/overlay/MotoCoreSettingsExtFogonaOverlay.apk' with 1 weak references
09-18 07:27:19.474  4136  4136 I KeyboardViewManager: KeyboardViewManager.updateKeyboardBackgroundDrawableLevel():443 Set level to the background drawable: 10000
09-18 07:27:19.474 16631 16637 W .apps.wellbeing: ApkAssets: Deleting an ApkAssets object '<empty> and /product/app/TFDashboard/TFDashboard.apk' with 1 weak references
09-18 07:27:19.474  4136  4136 I KeyboardViewManager: KeyboardViewManager.updateKeyboardBackgroundDrawableLevel():443 Set level to the background drawable: 10000
09-18 07:27:19.475  4136  4136 I KeyboardModeUtils: KeyboardModeUtils.getKeyboardBottomOffset():435 inch: 0.000000 ydpi: 260.511993 adjustKeyboardBottomByDisplaySize: false currentDensityDpi: 238 defaultDensityDpi: 238 keyboardBottomToScreenPx: 0 keyboardBottomToNavBarPx: -71 navBarHeight: 71
09-18 07:27:19.475  4136  4136 I BaseKeyboardSizeHelper: BaseKeyboardSizeHelper.calculateMaxKeyboardBodyHeight():79 leave 159 height for app when ime window height:1449, header height:65 and isFullscreenMode:false, so the max keyboard body height is:1225
09-18 07:27:19.475  4136  4136 I BaseKeyboardSizeHelper: BaseKeyboardSizeHelper.calculateMaxKeyboardBodyHeight():79 leave 159 height for app when ime window height:1449, header height:65 and isFullscreenMode:false, so the max keyboard body height is:1225
09-18 07:27:19.475 16631 16637 W .apps.wellbeing: ApkAssets: Deleting an ApkAssets object '<empty> and /data/app/~~-7jUGLJC-QdCMZTDZbSZkw==/com.microsoft.xboxone.smartglass-nyzIFOBaDt2pPKTvC9rQ_Q==/base.apk' with 1 weak references
09-18 07:27:19.475  4136  4136 I BaseKeyboardSizeHelper: BaseKeyboardSizeHelper.calculateMaxKeyboardBodyHeight():79 leave 159 height for app when ime window height:1449, header height:65 and isFullscreenMode:false, so the max keyboard body height is:1225
09-18 07:27:19.475  4136  4136 I BaseKeyboardSizeHelper: BaseKeyboardSizeHelper.calculateMaxKeyboardBodyHeight():79 leave 159 height for app when ime window height:1449, header height:65 and isFullscreenMode:false, so the max keyboard body height is:1225
09-18 07:27:19.475  4136  4136 I BaseKeyboardSizeHelper: BaseKeyboardSizeHelper.calculateMaxKeyboardBodyHeight():79 leave 159 height for app when ime window height:1449, header height:65 and isFullscreenMode:false, so the max keyboard body height is:1225
09-18 07:27:19.475  4136  4136 I BaseKeyboardSizeHelper: BaseKeyboardSizeHelper.calculateMaxKeyboardBodyHeight():79 leave 159 height for app when ime window height:1449, header height:65 and isFullscreenMode:false, so the max keyboard body height is:1225
09-18 07:27:19.475  4136  4136 W ExtensionWrapper: ExtensionWrapper.setExtensionViewVisibility():909 interface pdn is not activate
09-18 07:27:19.475  4136  4136 I NewLanguagePromptExtension: NewLanguagePromptExtension.onActivate():189 Not activated NewLanguagePromptExtension: not a normal text input box.
09-18 07:27:19.476 16631 16637 W .apps.wellbeing: ApkAssets: Deleting an ApkAssets object '<empty> and /data/app/~~yO3PtyTpImXZAouP9hiTNg==/com.google.android.apps.messaging-lTanBT3PiCz0ar0ruv-7Ng==/base.apk' with 1 weak references
09-18 07:27:19.476 16631 16637 W .apps.wellbeing: ApkAssets: Deleting an ApkAssets object '<empty> and /data/app/~~yO3PtyTpImXZAouP9hiTNg==/com.google.android.apps.messaging-lTanBT3PiCz0ar0ruv-7Ng==/split_config.arm64_v8a.apk' with 1 weak references
09-18 07:27:19.476 16631 16637 W .apps.wellbeing: ApkAssets: Deleting an ApkAssets object '<empty> and /data/app/~~yO3PtyTpImXZAouP9hiTNg==/com.google.android.apps.messaging-lTanBT3PiCz0ar0ruv-7Ng==/split_config.en.apk' with 1 weak references
09-18 07:27:19.476 16631 16637 W .apps.wellbeing: ApkAssets: Deleting an ApkAssets object '<empty> and /data/app/~~yO3PtyTpImXZAouP9hiTNg==/com.google.android.apps.messaging-lTanBT3PiCz0ar0ruv-7Ng==/split_config.xhdpi.apk' with 1 weak references
09-18 07:27:19.476  4136  4136 I VoiceInputManagerWrapper: VoiceInputManagerWrapper.cancelShutdown():110 cancelShutdown() [RD]
09-18 07:27:19.476  4136  4136 I VoiceInputManagerWrapper: VoiceInputManagerWrapper.syncLanguagePacks():122 syncLanguagePacks() [RD]
09-18 07:27:19.477 16631 16637 W .apps.wellbeing: ApkAssets: Deleting an ApkAssets object '<empty> and /data/app/~~ydw3w9pTqkgkXVoSEIcRZA==/ru.zdevs.zarchiver-FNPPMqn6YfSZZP3o2zpGdg==/base.apk' with 1 weak references
09-18 07:27:19.477 16631 16637 W .apps.wellbeing: ApkAssets: Deleting an ApkAssets object '<empty> and /product/priv-app/VzwMyVerizon-v20-0-3/VzwMyVerizon-v20-0-3.apk' with 1 weak references
09-18 07:27:19.477  4136 13045 I SpeechFactory: SpeechRecognitionFactory.maybeScheduleAutoPackDownloadForFallback():286 maybeScheduleAutoPackDownloadForFallback()
09-18 07:27:19.477  4136 13045 I FallbackOnDeviceRecognitionProvider: FallbackOnDeviceRecognitionProvider.maybeScheduleAutoPackDownload():208 maybeScheduleAutoPackDownload() for language tag en-CA
09-18 07:27:19.478 16631 16637 W .apps.wellbeing: ApkAssets: Deleting an ApkAssets object '<empty> and /product/priv-app/Entitlement/Entitlement.apk' with 1 weak references
09-18 07:27:19.479 16631 16637 W .apps.wellbeing: ApkAssets: Deleting an ApkAssets object '<empty> and /apex/com.motorola.enterprise/priv-app/MotoThinkUEM@U1SM34M.1/MotoThinkUEM.apk' with 1 weak references
09-18 07:27:19.479 16631 16637 W .apps.wellbeing: ApkAssets: Deleting an ApkAssets object '<empty> and /data/app/~~ojsbC4eG82a5Vz310tPf4g==/com.motorola.spaces-TdXhvFVhXZ_TKYxUcTBf7A==/base.apk' with 1 weak references
09-18 07:27:19.480 16631 16637 W .apps.wellbeing: ApkAssets: Deleting an ApkAssets object '<empty> and /data/app/~~ojsbC4eG82a5Vz310tPf4g==/com.motorola.spaces-TdXhvFVhXZ_TKYxUcTBf7A==/split_config.arm64_v8a.apk' with 1 weak references
09-18 07:27:19.480 16631 16637 W .apps.wellbeing: ApkAssets: Deleting an ApkAssets object '<empty> and /data/app/~~ojsbC4eG82a5Vz310tPf4g==/com.motorola.spaces-TdXhvFVhXZ_TKYxUcTBf7A==/split_config.en.apk' with 1 weak references
09-18 07:27:19.480 16631 16637 W .apps.wellbeing: ApkAssets: Deleting an ApkAssets object '<empty> and /data/app/~~ojsbC4eG82a5Vz310tPf4g==/com.motorola.spaces-TdXhvFVhXZ_TKYxUcTBf7A==/split_config.xhdpi.apk' with 1 weak references
09-18 07:27:19.480 16631 16637 W .apps.wellbeing: ApkAssets: Deleting an ApkAssets object '<empty> and /data/app/~~x5r8xC45JYzowX1tATjvlA==/com.td-qXjCqPuqeV_kDgfUMfkNlg==/base.apk' with 1 weak references
09-18 07:27:19.480  4136  4136 I VoiceInputManager: VoiceInputManager.onKeyboardActivated():1238 onKeyboardActivated() [UD]
09-18 07:27:19.481 16631 16637 W .apps.wellbeing: ApkAssets: Deleting an ApkAssets object '<empty> and /data/app/~~x5r8xC45JYzowX1tATjvlA==/com.td-qXjCqPuqeV_kDgfUMfkNlg==/split_config.arm64_v8a.apk' with 1 weak references
09-18 07:27:19.481  4136  4136 I UniversalDictationUiProvider: UniversalDictationUiProvider.onActivate():63 onActivate() [UD]
09-18 07:27:19.481 16631 16637 W .apps.wellbeing: ApkAssets: Deleting an ApkAssets object '<empty> and /data/app/~~x5r8xC45JYzowX1tATjvlA==/com.td-qXjCqPuqeV_kDgfUMfkNlg==/split_config.en.apk' with 1 weak references
09-18 07:27:19.481 16631 16637 W .apps.wellbeing: ApkAssets: Deleting an ApkAssets object '<empty> and /data/app/~~x5r8xC45JYzowX1tATjvlA==/com.td-qXjCqPuqeV_kDgfUMfkNlg==/split_config.xhdpi.apk' with 1 weak references
09-18 07:27:19.481 16631 16637 W .apps.wellbeing: ApkAssets: Deleting an ApkAssets object '<empty> and /data/app/~~vwHS2QSLtZU-UmTTb6SfJQ==/com.sky.SkyEmu-cF16HIvD79KVuz6amgwkbA==/base.apk' with 1 weak references
09-18 07:27:19.482 16631 16637 W .apps.wellbeing: ApkAssets: Deleting an ApkAssets object '<empty> and /data/app/~~umf4tgd1wraeJM4OI0TBEA==/com.discord-mx0R8Z-SaIqIVRkOsbYnNQ==/base.apk' with 1 weak references
09-18 07:27:19.482 16631 16637 W .apps.wellbeing: ApkAssets: Deleting an ApkAssets object '<empty> and /data/app/~~umf4tgd1wraeJM4OI0TBEA==/com.discord-mx0R8Z-SaIqIVRkOsbYnNQ==/split_config.arm64_v8a.apk' with 1 weak references
09-18 07:27:19.482 16631 16637 W .apps.wellbeing: ApkAssets: Deleting an ApkAssets object '<empty> and /data/app/~~umf4tgd1wraeJM4OI0TBEA==/com.discord-mx0R8Z-SaIqIVRkOsbYnNQ==/split_config.en.apk' with 1 weak references
09-18 07:27:19.482 16631 16637 W .apps.wellbeing: ApkAssets: Deleting an ApkAssets object '<empty> and /data/app/~~umf4tgd1wraeJM4OI0TBEA==/com.discord-mx0R8Z-SaIqIVRkOsbYnNQ==/split_config.xhdpi.apk' with 1 weak references
09-18 07:27:19.483 16631 16637 W .apps.wellbeing: ApkAssets: Deleting an ApkAssets object '<empty> and /system/app/MotoSignature2App/MotoSignature2App.apk' with 1 weak references
09-18 07:27:19.483 16631 16637 W .apps.wellbeing: ApkAssets: Deleting an ApkAssets object '<empty> and /data/app/~~Dn75vhfugcYYhbsDXi81ZQ==/io.zebedee.wallet-MNth44jjQH2ncqwA-1TYcA==/base.apk' with 1 weak references
09-18 07:27:19.483 16631 16637 W .apps.wellbeing: ApkAssets: Deleting an ApkAssets object '<empty> and /data/app/~~Dn75vhfugcYYhbsDXi81ZQ==/io.zebedee.wallet-MNth44jjQH2ncqwA-1TYcA==/split_config.arm64_v8a.apk' with 1 weak references
09-18 07:27:19.483 16631 16637 W .apps.wellbeing: ApkAssets: Deleting an ApkAssets object '<empty> and /data/app/~~Dn75vhfugcYYhbsDXi81ZQ==/io.zebedee.wallet-MNth44jjQH2ncqwA-1TYcA==/split_config.en.apk' with 1 weak references
09-18 07:27:19.484 16631 16637 W .apps.wellbeing: ApkAssets: Deleting an ApkAssets object '<empty> and /data/app/~~Dn75vhfugcYYhbsDXi81ZQ==/io.zebedee.wallet-MNth44jjQH2ncqwA-1TYcA==/split_config.xhdpi.apk' with 1 weak references
09-18 07:27:19.484 16631 16637 W .apps.wellbeing: ApkAssets: Deleting an ApkAssets object '<empty> and /data/app/~~Fpi7bRf7vgjtMQeL9Sa-dg==/com.openai.chatgpt-2_8d5UeDd6Tjv9dwTiJplg==/base.apk' with 1 weak references
09-18 07:27:19.484 16631 16637 W .apps.wellbeing: ApkAssets: Deleting an ApkAssets object '<empty> and /data/app/~~Fpi7bRf7vgjtMQeL9Sa-dg==/com.openai.chatgpt-2_8d5UeDd6Tjv9dwTiJplg==/split_config.arm64_v8a.apk' with 1 weak references
09-18 07:27:19.485 16631 16637 W .apps.wellbeing: ApkAssets: Deleting an ApkAssets object '<empty> and /data/app/~~Fpi7bRf7vgjtMQeL9Sa-dg==/com.openai.chatgpt-2_8d5UeDd6Tjv9dwTiJplg==/split_config.en.apk' with 1 weak references
09-18 07:27:19.485 16631 16637 W .apps.wellbeing: ApkAssets: Deleting an ApkAssets object '<empty> and /data/app/~~Fpi7bRf7vgjtMQeL9Sa-dg==/com.openai.chatgpt-2_8d5UeDd6Tjv9dwTiJplg==/split_config.xhdpi.apk' with 1 weak references
09-18 07:27:19.485 16631 16637 W .apps.wellbeing: ApkAssets: Deleting an ApkAssets object '<empty> and /product/priv-app/AttPhoneExt/AttPhoneExt.apk' with 1 weak references
09-18 07:27:19.485 16631 16637 W .apps.wellbeing: ApkAssets: Deleting an ApkAssets object '<empty> and /data/app/~~VQ8sD75B1oAuC46aFwRcRQ==/jp.pokemon.pokemonunite-MMLBZPVwi05GzzMV7DbqKA==/base.apk' with 1 weak references
09-18 07:27:19.486 16631 16637 W .apps.wellbeing: ApkAssets: Deleting an ApkAssets object '<empty> and /data/app/~~VQ8sD75B1oAuC46aFwRcRQ==/jp.pokemon.pokemonunite-MMLBZPVwi05GzzMV7DbqKA==/split_ab.apk' with 1 weak references
09-18 07:27:19.486 16631 16637 W .apps.wellbeing: ApkAssets: Deleting an ApkAssets object '<empty> and /data/app/~~VQ8sD75B1oAuC46aFwRcRQ==/jp.pokemon.pokemonunite-MMLBZPVwi05GzzMV7DbqKA==/split_config.arm64_v8a.apk' with 1 weak references
09-18 07:27:19.486 16631 16637 W .apps.wellbeing: ApkAssets: Deleting an ApkAssets object '<empty> and /product/priv-app/TFDevicePulse/TFDevicePulse.apk' with 1 weak references
09-18 07:27:19.486 15273 17045 W PlayGamesServices[DataBroker]: No player ID found when refreshing
09-18 07:27:19.486 15273 17045 W PlayGamesServices[DataBroker]: No player ID found when refreshing
09-18 07:27:19.486 16631 16637 W .apps.wellbeing: ApkAssets: Deleting an ApkAssets object '<empty> and /data/app/~~ghSeBEMMcyfsoDEWlwEe9g==/com.google.android.verifier-r4AphuZ_6hZvliBQlX7jJQ==/base.apk' with 1 weak references
09-18 07:27:19.486 15273 17045 W PlayGamesServices[DataBroker]: No player ID found when refreshing
09-18 07:27:19.487 16631 16637 W .apps.wellbeing: ApkAssets: Deleting an ApkAssets object '<empty> and /data/app/~~ghSeBEMMcyfsoDEWlwEe9g==/com.google.android.verifier-r4AphuZ_6hZvliBQlX7jJQ==/split_config.arm64_v8a.apk' with 1 weak references
09-18 07:27:19.487 16631 16637 W .apps.wellbeing: ApkAssets: Deleting an ApkAssets object '<empty> and /data/app/~~ghSeBEMMcyfsoDEWlwEe9g==/com.google.android.verifier-r4AphuZ_6hZvliBQlX7jJQ==/split_config.en.apk' with 1 weak references
09-18 07:27:19.487 15273 17045 W PlayGamesServices[DataBroker]: No player ID found when refreshing
09-18 07:27:19.487 16631 16637 W .apps.wellbeing: ApkAssets: Deleting an ApkAssets object '<empty> and /data/app/~~ghSeBEMMcyfsoDEWlwEe9g==/com.google.android.verifier-r4AphuZ_6hZvliBQlX7jJQ==/split_config.xhdpi.apk' with 1 weak references
09-18 07:27:19.487 15273 17045 W PlayGamesServices[DataBroker]: No player ID found when refreshing
09-18 07:27:19.487 16631 16637 W .apps.wellbeing: ApkAssets: Deleting an ApkAssets object '<empty> and /product/priv-app/VVM3/VVM3.apk' with 1 weak references
09-18 07:27:19.487 16631 16637 W .apps.wellbeing: ApkAssets: Deleting an ApkAssets object '<empty> and /system_ext/app/3c_main/3c_main.apk' with 1 weak references
09-18 07:27:19.488 16631 16637 W .apps.wellbeing: ApkAssets: Deleting an ApkAssets object '<empty> and /product/priv-app/VzwCloud-v24.5.19/VzwCloud-v24.5.19.apk' with 1 weak references
09-18 07:27:19.489 16631 16637 W .apps.wellbeing: ApkAssets: Deleting an ApkAssets object '<empty> and /product/priv-app/AttDM/AttDM.apk' with 1 weak references
09-18 07:27:19.489 16631 16637 W .apps.wellbeing: ApkAssets: Deleting an ApkAssets object '<empty> and /product/priv-app/VzwDM/VzwDM.apk' with 1 weak references
09-18 07:27:19.490  4136  4136 I AutoPasteSuggestionHelper: AutoPasteSuggestionHelper.createProactiveSuggestions():577 Failed to create item chips.
09-18 07:27:19.490 16631 16637 W .apps.wellbeing: ApkAssets: Deleting an ApkAssets object '<empty> and /apex/com.motorola.enterprise/priv-app/EnterpriseAdapterService@U1SM34M.1/EnterpriseAdapterService.apk' with 1 weak references
09-18 07:27:19.490 16631 16637 W .apps.wellbeing: ApkAssets: Deleting an ApkAssets object '<empty> and /product/priv-app/MotCamera4/MotCamera4.apk' with 1 weak references
09-18 07:27:19.491 16631 16637 W .apps.wellbeing: ApkAssets: Deleting an ApkAssets object '<empty> and /apex/com.android.mediaprovider/priv-app/MediaProviderGoogle@361153920/MediaProviderGoogle.apk' with 1 weak references
09-18 07:27:19.492  4136 32187 I Module  : DeviceLockedStatusModuleProvider$Module.updateDeviceLockedStatusInternal():119 repeatCheckTimes = 1, locked = false
09-18 07:27:19.492 16631 16637 W .apps.wellbeing: ApkAssets: Deleting an ApkAssets object '<empty> and /data/app/~~u1ZGuTVG1-kJuwTyy6k7yQ==/com.github.android-Y-UnFJ9Q-m656N1wmJp_Eg==/base.apk' with 1 weak references
09-18 07:27:19.492  4136  4136 I VoiceImeUtils: VoiceImeUtils.shouldStartVoiceInputAutomaticallyInCurrentInputBox():158 No private IME option set to start voice input. [RD]
09-18 07:27:19.492  4136  4136 I GoogleInputMethodService: GoogleInputMethodService.onWindowShown():2503 
09-18 07:27:19.495  4136  4136 D InputMethodService: applyVisibilityInInsetsConsumerIfNecessary setVisible = true
09-18 07:27:19.496  2153  5002 D InputMethodManagerService: applyImeVisibility setVisible = true; mCurClient = ClientState{f591bc5 mUid=10395 mPid=11459 mSelfReportedDisplayId=0}
09-18 07:27:19.496 16631 16637 W .apps.wellbeing: ApkAssets: Deleting an ApkAssets object '<empty> and /data/app/~~u1ZGuTVG1-kJuwTyy6k7yQ==/com.github.android-Y-UnFJ9Q-m656N1wmJp_Eg==/split_config.arm64_v8a.apk' with 1 weak references
09-18 07:27:19.497 16631 16637 W .apps.wellbeing: ApkAssets: Deleting an ApkAssets object '<empty> and /data/app/~~u1ZGuTVG1-kJuwTyy6k7yQ==/com.github.android-Y-UnFJ9Q-m656N1wmJp_Eg==/split_config.xhdpi.apk' with 1 weak references
09-18 07:27:19.497 16631 16637 W .apps.wellbeing: ApkAssets: Deleting an ApkAssets object '<empty> and /product/priv-app/MotoAppForecast/MotoAppForecast.apk' with 1 weak references
09-18 07:27:19.498 15273 28571 W PlayGamesServices[UiUtils]: AppVersion: Cannot find the installed destination app.
09-18 07:27:19.498 16631 16637 W .apps.wellbeing: ApkAssets: Deleting an ApkAssets object '<empty> and /system_ext/app/NFWLocationAttribution/NFWLocationAttribution.apk' with 1 weak references
09-18 07:27:19.499 16631 16637 W .apps.wellbeing: ApkAssets: Deleting an ApkAssets object '<empty> and /system_ext/priv-app/3c_ota/3c_ota.apk' with 1 weak references
09-18 07:27:19.499 15273 28571 W PlayGamesServices[UiUtils]: AppVersionName: Cannot find the installed destination app.
09-18 07:27:19.499 16631 16637 W .apps.wellbeing: ApkAssets: Deleting an ApkAssets object '<empty> and /data/app/~~EqBXHTarmMLnuyzoOa7ifw==/com.motorola.ccc.notification-_1uFNYeuQrL4MKNfTe7QzQ==/base.apk' with 1 weak references
09-18 07:27:19.500 16631 16637 W .apps.wellbeing: ApkAssets: Deleting an ApkAssets object '<empty> and /data/app/~~Dv4T6BEpk_s45bmUYlyQbA==/moe.shizuku.privileged.api-rTGD72UrVmX7eUpLfWFR4w==/base.apk' with 1 weak references
09-18 07:27:19.502  1092  4132 E ANDR-PERF-CLIENT: ANDR-PERF-CLIENT: perf_hint_private() 252: Process is Flooding request to PerfService
09-18 07:27:19.510 16631 16637 W .apps.wellbeing: ApkAssets: Deleting an ApkAssets object '<empty> and /product/priv-app/PersonalSafety/PersonalSafety.apk' with 1 weak references
09-18 07:27:19.511 16631 16637 W .apps.wellbeing: ApkAssets: Deleting an ApkAssets object '<empty> and /system/priv-app/DownloadProviderUi/DownloadProviderUi.apk' with 1 weak references
09-18 07:27:19.511 16631 16637 W .apps.wellbeing: ApkAssets: Deleting an ApkAssets object '<empty> and /apex/com.android.wifi/app/OsuLoginGoogle@361153320/OsuLoginGoogle.apk' with 1 weak references
09-18 07:27:19.512 16631 16637 W .apps.wellbeing: ApkAssets: Deleting an ApkAssets object '<empty> and /data/app/~~QcH9bSlMh8BotT4Nd62JIg==/com.android.vending-97nqZiotLT48JGUHxTbUQQ==/base.apk' with 1 weak references
09-18 07:27:19.512 16631 16637 W .apps.wellbeing: ApkAssets: Deleting an ApkAssets object '<empty> and /data/app/~~QcH9bSlMh8BotT4Nd62JIg==/com.android.vending-97nqZiotLT48JGUHxTbUQQ==/split_config.arm64_v8a.apk' with 1 weak references
09-18 07:27:19.512 16631 16637 W .apps.wellbeing: ApkAssets: Deleting an ApkAssets object '<empty> and /data/app/~~QcH9bSlMh8BotT4Nd62JIg==/com.android.vending-97nqZiotLT48JGUHxTbUQQ==/split_config.en.apk' with 1 weak references
09-18 07:27:19.512 16631 16637 W .apps.wellbeing: ApkAssets: Deleting an ApkAssets object '<empty> and /data/app/~~QcH9bSlMh8BotT4Nd62JIg==/com.android.vending-97nqZiotLT48JGUHxTbUQQ==/split_phonesky_data_loader.apk' with 1 weak references
09-18 07:27:19.513 16631 16637 W .apps.wellbeing: ApkAssets: Deleting an ApkAssets object '<empty> and /data/app/~~QcH9bSlMh8BotT4Nd62JIg==/com.android.vending-97nqZiotLT48JGUHxTbUQQ==/split_phonesky_data_loader.config.arm64_v8a.apk' with 1 weak references
09-18 07:27:19.513 16631 16637 W .apps.wellbeing: ApkAssets: Deleting an ApkAssets object '<empty> and /data/app/~~QcH9bSlMh8BotT4Nd62JIg==/com.android.vending-97nqZiotLT48JGUHxTbUQQ==/split_phonesky_webrtc_native_lib.apk' with 1 weak references
09-18 07:27:19.513 16631 16637 W .apps.wellbeing: ApkAssets: Deleting an ApkAssets object '<empty> and /data/app/~~QcH9bSlMh8BotT4Nd62JIg==/com.android.vending-97nqZiotLT48JGUHxTbUQQ==/split_phonesky_webrtc_native_lib.config.arm64_v8a.apk' with 1 weak references
09-18 07:27:19.513 16631 16637 W .apps.wellbeing: ApkAssets: Deleting an ApkAssets object '<empty> and /system/app/PacProcessor/PacProcessor.apk' with 1 weak references
09-18 07:27:19.513 16631 16637 W .apps.wellbeing: ApkAssets: Deleting an ApkAssets object '<empty> and /system/app/SimAppDialog/SimAppDialog.apk' with 1 weak references
09-18 07:27:19.514 16631 16637 W .apps.wellbeing: ApkAssets: Deleting an ApkAssets object '<empty> and /system_ext/priv-app/daxService/daxService.apk' with 1 weak references
09-18 07:27:19.515  4136  4179 E OpenGLRenderer: Unable to match the desired swap behavior.
09-18 07:27:19.515  4136  4136 I WindowMetricsNotification: WindowMetricsNotification.notifyWithWindow():176 
09-18 07:27:19.515 16631 16637 W .apps.wellbeing: ApkAssets: Deleting an ApkAssets object '<empty> and /product/priv-app/MotoFaceUnlockArcSoft/MotoFaceUnlockArcSoft.apk' with 1 weak references
09-18 07:27:19.516  4136  4136 I WindowMetricsNotification: WindowMetricsNotification.notify():169 sxt[bounds=Rect(0, 80 - 720, 1600), insets=Rect(0, 0 - 0, 71), decorBounds=Rect(0, 80 - 720, 1600), densityDpi=238, smallestScreenWidthDp=484, displayWidth=720, displayHeight=1600, xdpi=261.257, ydpi=260.512, isTrustable=true, displayId=0]; DisplayMetrics{density=1.4875001, width=720, height=1600, scaledDensity=1.4875001, xdpi=261.257, ydpi=260.512}
09-18 07:27:19.516  1092  4133 E ANDR-PERF-CLIENT: ANDR-PERF-CLIENT: perf_hint_private() 252: Process is Flooding request to PerfService
09-18 07:27:19.516 16631 16637 W .apps.wellbeing: ApkAssets: Deleting an ApkAssets object '<empty> and /apex/com.android.adservices/priv-app/AdServicesApkGoogle@361153320/AdServicesApkGoogle.apk' with 1 weak references
09-18 07:27:19.519 16631 16637 W .apps.wellbeing: ApkAssets: Deleting an ApkAssets object '<empty> and /data/app/~~zNLW5BP-6UjS_o6rj8h3pg==/com.realvnc.viewer.android-95kkMJ5Qv_t0YJce-G27-w==/base.apk' with 1 weak references
09-18 07:27:19.520 16631 16637 W .apps.wellbeing: ApkAssets: Deleting an ApkAssets object '<empty> and /data/app/~~zNLW5BP-6UjS_o6rj8h3pg==/com.realvnc.viewer.android-95kkMJ5Qv_t0YJce-G27-w==/split_config.arm64_v8a.apk' with 1 weak references
09-18 07:27:19.520 16631 16637 W .apps.wellbeing: ApkAssets: Deleting an ApkAssets object '<empty> and /data/app/~~zNLW5BP-6UjS_o6rj8h3pg==/com.realvnc.viewer.android-95kkMJ5Qv_t0YJce-G27-w==/split_config.en.apk' with 1 weak references
09-18 07:27:19.520 16631 16637 W .apps.wellbeing: ApkAssets: Deleting an ApkAssets object '<empty> and /data/app/~~zNLW5BP-6UjS_o6rj8h3pg==/com.realvnc.viewer.android-95kkMJ5Qv_t0YJce-G27-w==/split_config.fr.apk' with 1 weak references
09-18 07:27:19.520 16631 16637 W .apps.wellbeing: ApkAssets: Deleting an ApkAssets object '<empty> and /data/app/~~zNLW5BP-6UjS_o6rj8h3pg==/com.realvnc.viewer.android-95kkMJ5Qv_t0YJce-G27-w==/split_config.xhdpi.apk' with 1 weak references
09-18 07:27:19.521 16631 16637 W .apps.wellbeing: ApkAssets: Deleting an ApkAssets object '<empty> and /product/overlay/NavigationBarModeHideGestural/NavigationBarModeHideGesturalOverlay.apk' with 1 weak references
09-18 07:27:19.521 16631 16637 W .apps.wellbeing: ApkAssets: Deleting an ApkAssets object '<empty> and /product/priv-app/DishAppCloudStub/DishAppCloudStub.apk' with 1 weak references
09-18 07:27:19.521 16631 16637 W .apps.wellbeing: ApkAssets: Deleting an ApkAssets object '<empty> and /product/overlay/DisplayCutoutEmulationHole/DisplayCutoutEmulationHoleOverlay.apk' with 1 weak references
09-18 07:27:19.522 16631 16637 W .apps.wellbeing: ApkAssets: Deleting an ApkAssets object '<empty> and /product/overlay/DisplayCutoutEmulationTall/DisplayCutoutEmulationTallOverlay.apk' with 1 weak references
09-18 07:27:19.522 16631 16637 W .apps.wellbeing: ApkAssets: Deleting an ApkAssets object '<empty> and /data/app/~~Ib6IzXiadtUdX6UR43y45w==/com.allakore.swapnoroot-sWj2Cy7XnG2tAdCEf4OjGA==/base.apk' with 1 weak references
09-18 07:27:19.522 11459 17059 I CCodec  : setting up 'default' as default (vendor) store
09-18 07:27:19.522 16631 16637 W .apps.wellbeing: ApkAssets: Deleting an ApkAssets object '<empty> and /data/app/~~Ib6IzXiadtUdX6UR43y45w==/com.allakore.swapnoroot-sWj2Cy7XnG2tAdCEf4OjGA==/split_config.arm64_v8a.apk' with 1 weak references
09-18 07:27:19.522 16631 16637 W .apps.wellbeing: ApkAssets: Deleting an ApkAssets object '<empty> and /data/app/~~Ib6IzXiadtUdX6UR43y45w==/com.allakore.swapnoroot-sWj2Cy7XnG2tAdCEf4OjGA==/split_config.en.apk' with 1 weak references
09-18 07:27:19.523 16631 16637 W .apps.wellbeing: ApkAssets: Deleting an ApkAssets object '<empty> and /data/app/~~Ib6IzXiadtUdX6UR43y45w==/com.allakore.swapnoroot-sWj2Cy7XnG2tAdCEf4OjGA==/split_config.fr.apk' with 1 weak references
09-18 07:27:19.523 16631 16637 W .apps.wellbeing: ApkAssets: Deleting an ApkAssets object '<empty> and /data/app/~~Ib6IzXiadtUdX6UR43y45w==/com.allakore.swapnoroot-sWj2Cy7XnG2tAdCEf4OjGA==/split_config.xhdpi.apk' with 1 weak references
09-18 07:27:19.523 16631 16637 W .apps.wellbeing: ApkAssets: Deleting an ApkAssets object '<empty> and /system/app/CertInstaller/CertInstaller.apk' with 1 weak references
09-18 07:27:19.523 16631 16637 W .apps.wellbeing: ApkAssets: Deleting an ApkAssets object '<empty> and /data/app/~~WiZewGfnNPl76KTBNKx-gg==/com.google.android.marvin.talkback-FNpkO9S5-jpc2LPkw--tmQ==/base.apk' with 1 weak references
09-18 07:27:19.524 16631 16637 W .apps.wellbeing: ApkAssets: Deleting an ApkAssets object '<empty> and /data/app/~~WiZewGfnNPl76KTBNKx-gg==/com.google.android.marvin.talkback-FNpkO9S5-jpc2LPkw--tmQ==/split_config.arm64_v8a.apk' with 1 weak references
09-18 07:27:19.524 16631 16637 W .apps.wellbeing: ApkAssets: Deleting an ApkAssets object '<empty> and /product/overlay/NavigationBarMode3Button/NavigationBarMode3ButtonOverlay.apk' with 1 weak references
09-18 07:27:19.525 16631 16637 W .apps.wellbeing: ApkAssets: Deleting an ApkAssets object '<empty> and /data/app/~~xipjx25KY89ffIQNN6we2A==/nextapp.fx-IPx_9P_aomt04zdtQV4-wg==/base.apk' with 1 weak references
09-18 07:27:19.525 16631 16637 W .apps.wellbeing: ApkAssets: Deleting an ApkAssets object '<empty> and /system/framework/framework-res.apk' with 1 weak references
09-18 07:27:19.527 16631 16637 W .apps.wellbeing: ApkAssets: Deleting an ApkAssets object '<empty> and /data/app/~~Ht9w6K2jI4NiytjVLkfaeQ==/com.hecorat.screenrecorder.free-SrAa0zXRCGVGEzsOXag7IA==/base.apk' with 1 weak references
09-18 07:27:19.527 16631 16637 W .apps.wellbeing: ApkAssets: Deleting an ApkAssets object '<empty> and /data/app/~~Ht9w6K2jI4NiytjVLkfaeQ==/com.hecorat.screenrecorder.free-SrAa0zXRCGVGEzsOXag7IA==/split_config.arm64_v8a.apk' with 1 weak references
09-18 07:27:19.527 16631 16637 W .apps.wellbeing: ApkAssets: Deleting an ApkAssets object '<empty> and /data/app/~~Ht9w6K2jI4NiytjVLkfaeQ==/com.hecorat.screenrecorder.free-SrAa0zXRCGVGEzsOXag7IA==/split_config.en.apk' with 1 weak references
09-18 07:27:19.527 16631 16637 W .apps.wellbeing: ApkAssets: Deleting an ApkAssets object '<empty> and /data/app/~~Ht9w6K2jI4NiytjVLkfaeQ==/com.hecorat.screenrecorder.free-SrAa0zXRCGVGEzsOXag7IA==/split_config.xhdpi.apk' with 1 weak references
09-18 07:27:19.528 16631 16637 W .apps.wellbeing: ApkAssets: Deleting an ApkAssets object '<empty> and /data/app/~~QDehLdQLqvH4cf-Eo12Ftg==/com.motorola.securevault-SCO3ZwmdeAeaOJe0AUK_Ww==/base.apk' with 1 weak references
09-18 07:27:19.528 16631 16637 W .apps.wellbeing: ApkAssets: Deleting an ApkAssets object '<empty> and /data/app/~~QDehLdQLqvH4cf-Eo12Ftg==/com.motorola.securevault-SCO3ZwmdeAeaOJe0AUK_Ww==/split_config.arm64_v8a.apk' with 1 weak references
09-18 07:27:19.528  2153  5187 D CoreBackPreview: Window{9c0094c u0 com.termux/com.termux.app.TermuxActivity}: Setting back callback OnBackInvokedCallbackInfo{mCallback=android.window.IOnBackInvokedCallback$Stub$Proxy@f7f730, mPriority=0, mIsAnimationCallback=false}
09-18 07:27:19.529 16631 16637 W .apps.wellbeing: ApkAssets: Deleting an ApkAssets object '<empty> and /data/app/~~QDehLdQLqvH4cf-Eo12Ftg==/com.motorola.securevault-SCO3ZwmdeAeaOJe0AUK_Ww==/split_config.en.apk' with 1 weak references
09-18 07:27:19.529 16631 16637 W .apps.wellbeing: ApkAssets: Deleting an ApkAssets object '<empty> and /data/app/~~QDehLdQLqvH4cf-Eo12Ftg==/com.motorola.securevault-SCO3ZwmdeAeaOJe0AUK_Ww==/split_config.xhdpi.apk' with 1 weak references
09-18 07:27:19.530 16631 16637 W .apps.wellbeing: ApkAssets: Deleting an ApkAssets object '<empty> and /product/priv-app/HotwordEnrollmentXGoogleHEXAGON/HotwordEnrollmentXGoogleHEXAGON.apk' with 1 weak references
09-18 07:27:19.530 16631 16637 W .apps.wellbeing: ApkAssets: Deleting an ApkAssets object '<empty> and /product/priv-app/Contacts/Contacts.apk' with 1 weak references
09-18 07:27:19.531 16631 16637 W .apps.wellbeing: ApkAssets: Deleting an ApkAssets object '<empty> and /system_ext/priv-app/WfdService/WfdService.apk' with 1 weak references
09-18 07:27:19.531 16631 16637 W .apps.wellbeing: ApkAssets: Deleting an ApkAssets object '<empty> and /product/priv-app/OMAProvisioning/OMAProvisioning.apk' with 1 weak references
09-18 07:27:19.531 16631 16637 W .apps.wellbeing: ApkAssets: Deleting an ApkAssets object '<empty> and /product/priv-app/VzwAPNServiceWs/VzwAPNServiceWs.apk' with 1 weak references
09-18 07:27:19.532 16631 16637 W .apps.wellbeing: ApkAssets: Deleting an ApkAssets object '<empty> and /product/priv-app/vzwPhoneExt/vzwPhoneExt.apk' with 1 weak references
09-18 07:27:19.532 16631 16637 W .apps.wellbeing: ApkAssets: Deleting an ApkAssets object '<empty> and /data/app/~~5jj7aCaoeuPy80Y4DLKpJQ==/com.motorola.securityhub-GqiZhmic76102Q9eEg_UJA==/base.apk' with 1 weak references
09-18 07:27:19.532 16631 16637 W .apps.wellbeing: ApkAssets: Deleting an ApkAssets object '<empty> and /data/app/~~5jj7aCaoeuPy80Y4DLKpJQ==/com.motorola.securityhub-GqiZhmic76102Q9eEg_UJA==/split_config.arm64_v8a.apk' with 1 weak references
09-18 07:27:19.533 16631 16637 W .apps.wellbeing: ApkAssets: Deleting an ApkAssets object '<empty> and /data/app/~~5jj7aCaoeuPy80Y4DLKpJQ==/com.motorola.securityhub-GqiZhmic76102Q9eEg_UJA==/split_config.en.apk' with 1 weak references
09-18 07:27:19.533 16631 16637 W .apps.wellbeing: ApkAssets: Deleting an ApkAssets object '<empty> and /data/app/~~5jj7aCaoeuPy80Y4DLKpJQ==/com.motorola.securityhub-GqiZhmic76102Q9eEg_UJA==/split_config.xhdpi.apk' with 1 weak references
09-18 07:27:19.533 16631 16637 W .apps.wellbeing: ApkAssets: Deleting an ApkAssets object '<empty> and /system_ext/priv-app/HiddenMenu/HiddenMenu.apk' with 1 weak references
09-18 07:27:19.534 16631 16637 W .apps.wellbeing: ApkAssets: Deleting an ApkAssets object '<empty> and /data/app/~~VLNnPqXJehQIt-ZIAAVcsA==/com.android.egg-nQoc1auPFvBdN9OsTvHNXQ==/base.apk' with 1 weak references
09-18 07:27:19.534 16631 16637 W .apps.wellbeing: ApkAssets: Deleting an ApkAssets object '<empty> and /system/priv-app/MtpService/MtpService.apk' with 1 weak references
09-18 07:27:19.534 16631 16637 W .apps.wellbeing: ApkAssets: Deleting an ApkAssets object '<empty> and /system/app/Stk/Stk.apk' with 1 weak references
09-18 07:27:19.535 16631 16637 W .apps.wellbeing: ApkAssets: Deleting an ApkAssets object '<empty> and /product/priv-app/VzwSettingsExt/VzwSettingsExt.apk' with 1 weak references
09-18 07:27:19.535 16631 16637 W .apps.wellbeing: ApkAssets: Deleting an ApkAssets object '<empty> and /data/app/~~qIjsDGwDHt_fEMHIOlnnbw==/ai.mistral.chat-vL_I9Z4ITJ5B3GV2cREu3A==/base.apk' with 1 weak references
09-18 07:27:19.536 15273 15573 I NetworkScheduler.Stats: (REDACTED) Task %s/%s finished executing. cause:%s result: %s elapsed_millis: %s uptime_millis: %s exec_start_elapsed_seconds: %s
09-18 07:27:19.536 16631 16637 W .apps.wellbeing: ApkAssets: Deleting an ApkAssets object '<empty> and /data/app/~~qIjsDGwDHt_fEMHIOlnnbw==/ai.mistral.chat-vL_I9Z4ITJ5B3GV2cREu3A==/split_config.arm64_v8a.apk' with 1 weak references
09-18 07:27:19.537 16631 16637 W .apps.wellbeing: ApkAssets: Deleting an ApkAssets object '<empty> and /data/app/~~qIjsDGwDHt_fEMHIOlnnbw==/ai.mistral.chat-vL_I9Z4ITJ5B3GV2cREu3A==/split_config.xhdpi.apk' with 1 weak references
09-18 07:27:19.537 16631 16637 W .apps.wellbeing: ApkAssets: Deleting an ApkAssets object '<empty> and /system/app/MotoDolbyDax3/MotoDolbyDax3.apk' with 1 weak references
09-18 07:27:19.538 16631 16637 W .apps.wellbeing: ApkAssets: Deleting an ApkAssets object '<empty> and /data/app/~~fGeq3wgtfV84u1GdQwlFcw==/com.deepseek.chat-NoSDMadhC-LyeQhrBCnqrg==/base.apk' with 1 weak references
09-18 07:27:19.538 16631 16637 W .apps.wellbeing: ApkAssets: Deleting an ApkAssets object '<empty> and /data/app/~~fGeq3wgtfV84u1GdQwlFcw==/com.deepseek.chat-NoSDMadhC-LyeQhrBCnqrg==/split_config.arm64_v8a.apk' with 1 weak references
09-18 07:27:19.538 16631 16637 W .apps.wellbeing: ApkAssets: Deleting an ApkAssets object '<empty> and /data/app/~~fGeq3wgtfV84u1GdQwlFcw==/com.deepseek.chat-NoSDMadhC-LyeQhrBCnqrg==/split_config.xhdpi.apk' with 1 weak references
09-18 07:27:19.539 16631 16637 W .apps.wellbeing: ApkAssets: Deleting an ApkAssets object '<empty> and /data/app/~~MarOfxCl7ssiV-tLxTAscw==/com.motorola.timeweatherwidget-tG9LHp60uEPCirK5BpbMzQ==/base.apk' with 1 weak references
09-18 07:27:19.539 16631 16637 W .apps.wellbeing: ApkAssets: Deleting an ApkAssets object '<empty> and /product/priv-app/VzwCarrierLoginEngine/VzwCarrierLoginEngine.apk' with 1 weak references
09-18 07:27:19.540 16631 16637 W .apps.wellbeing: ApkAssets: Deleting an ApkAssets object '<empty> and /data/app/~~L8eSC5rA1CH1y6AMOKtDhw==/com.telus.checkup-gep71H1W6ZTQ8WpNyd6vqQ==/base.apk' with 1 weak references
09-18 07:27:19.540 16631 16637 W .apps.wellbeing: ApkAssets: Deleting an ApkAssets object '<empty> and /data/app/~~zcLrRE8O9u6CRnJXEwUBFQ==/com.google.android.deskclock-Smtniu4lttTwhdolGF7ZJg==/base.apk' with 1 weak references
09-18 07:27:19.541 16631 16637 W .apps.wellbeing: ApkAssets: Deleting an ApkAssets object '<empty> and /data/app/~~zcLrRE8O9u6CRnJXEwUBFQ==/com.google.android.deskclock-Smtniu4lttTwhdolGF7ZJg==/split_config.xhdpi.apk' with 1 weak references
09-18 07:27:19.541 16631 16637 W .apps.wellbeing: ApkAssets: Deleting an ApkAssets object '<empty> and /product/overlay/FontRobotoSlabRegular/FontRobotoSlabRegularOverlay.apk' with 1 weak references
09-18 07:27:19.541 16631 16637 W .apps.wellbeing: ApkAssets: Deleting an ApkAssets object '<empty> and /data/app/~~NeswCGhZsK0MAwN6pGxHBQ==/com.google.android.as-yPalhP4iEwZvvg-Ti1P2TQ==/base.apk' with 1 weak references
09-18 07:27:19.542 16631 16637 W .apps.wellbeing: ApkAssets: Deleting an ApkAssets object '<empty> and /data/app/~~na8ZiacJwLODVBNnZRxQbA==/com.google.android.gm-yIp9D9pnkrGbnyLMUFhQSQ==/base.apk' with 1 weak references
09-18 07:27:19.543 16631 16637 W .apps.wellbeing: ApkAssets: Deleting an ApkAssets object '<empty> and /data/app/~~na8ZiacJwLODVBNnZRxQbA==/com.google.android.gm-yIp9D9pnkrGbnyLMUFhQSQ==/split_config.arm64_v8a.apk' with 1 weak references
09-18 07:27:19.543 16631 16637 W .apps.wellbeing: ApkAssets: Deleting an ApkAssets object '<empty> and /data/app/~~na8ZiacJwLODVBNnZRxQbA==/com.google.android.gm-yIp9D9pnkrGbnyLMUFhQSQ==/split_config.en.apk' with 1 weak references
09-18 07:27:19.543 16631 16637 W .apps.wellbeing: ApkAssets: Deleting an ApkAssets object '<empty> and /data/app/~~na8ZiacJwLODVBNnZRxQbA==/com.google.android.gm-yIp9D9pnkrGbnyLMUFhQSQ==/split_config.xhdpi.apk' with 1 weak references
09-18 07:27:19.544 16631 16637 W .apps.wellbeing: ApkAssets: Deleting an ApkAssets object '<empty> and /product/app/Meet/Meet.apk' with 1 weak references
09-18 07:27:19.545 16631 16637 W .apps.wellbeing: ApkAssets: Deleting an ApkAssets object '<empty> and /data/app/~~1dvi5njFF4URKvEA9OLn0A==/com.nianticlabs.pokemongo-58Yf4lhX34OOZHlgxziTuQ==/base.apk' with 1 weak references
09-18 07:27:19.545 16631 16637 W .apps.wellbeing: ApkAssets: Deleting an ApkAssets object '<empty> and /data/app/~~1dvi5njFF4URKvEA9OLn0A==/com.nianticlabs.pokemongo-58Yf4lhX34OOZHlgxziTuQ==/split_config.arm64_v8a.apk' with 1 weak references
09-18 07:27:19.546 16631 16637 W .apps.wellbeing: ApkAssets: Deleting an ApkAssets object '<empty> and /data/app/~~gHqjkZ6b_0N0KOswEI1Ykg==/jp.co.canon.bsd.ad.pixmaprint--pAj_KX-tF9GAWeoHXayFw==/base.apk' with 1 weak references
09-18 07:27:19.546 16631 16637 W .apps.wellbeing: ApkAssets: Deleting an ApkAssets object '<empty> and /system_ext/priv-app/CQATest/CQATest.apk' with 1 weak references
09-18 07:27:19.547 16631 16637 W .apps.wellbeing: ApkAssets: Deleting an ApkAssets object '<empty> and /product/priv-app/SettingsIntelligence/SettingsIntelligence.apk' with 1 weak references
09-18 07:27:19.547 16631 16637 W .apps.wellbeing: ApkAssets: Deleting an ApkAssets object '<empty> and /product/priv-app/SprintSettings/SprintSettings.apk' with 1 weak references
09-18 07:27:19.548 16631 16637 W .apps.wellbeing: ApkAssets: Deleting an ApkAssets object '<empty> and /product/overlay/NavigationBarModeGesturalExtraWideBack/NavigationBarModeGesturalOverlayExtraWideBack.apk' with 1 weak references
09-18 07:27:19.549  4136  4136 W AccessPointsManager: AccessPointsManager.addAccessPoint():1137 The holder controller #0x7f0b29b7 is not registered
09-18 07:27:19.549  4136  4136 D InputMethodService: dispatchOnShowInputRequested result = true
09-18 07:27:19.549  4136  4136 I GoogleInputMethodService: GoogleInputMethodService.onWindowShown():2503 
09-18 07:27:19.549  4136  4136 D InputMethodService: applyVisibilityInInsetsConsumerIfNecessary setVisible = true
09-18 07:27:19.549 16631 16637 W .apps.wellbeing: ApkAssets: Deleting an ApkAssets object '<empty> and /data/app/~~nKNx7I2ksCId4N8G5irQ6w==/com.dishii.soh-HsF9-2E6AyMIs3DjZ4sGhA==/base.apk' with 1 weak references
09-18 07:27:19.549  2153  4339 D InputMethodManagerService: applyImeVisibility setVisible = true; mCurClient = ClientState{f591bc5 mUid=10395 mPid=11459 mSelfReportedDisplayId=0}
09-18 07:27:19.549  4136  4136 I GoogleInputMethodService: GoogleInputMethodService$1.onKeyboardViewShown():356 onKeyboardViewShown: keyboardType=prime, keyboardViewType=HEADER keyboardView=com.google.android.libraries.inputmethod.widgets.SoftKeyboardView{8c4a9b2 V.E...... ........ 0,0-720,65}
09-18 07:27:19.550  4136  4136 I BaseKeyboardSizeHelper: BaseKeyboardSizeHelper.calculateMaxKeyboardBodyHeight():79 leave 159 height for app when ime window height:1449, header height:65 and isFullscreenMode:false, so the max keyboard body height is:1225
09-18 07:27:19.550 16631 16637 W .apps.wellbeing: ApkAssets: Deleting an ApkAssets object '<empty> and /apex/com.android.permission/priv-app/GooglePermissionController@361154140/GooglePermissionController.apk' with 1 weak references
09-18 07:27:19.550  4136  4136 I GoogleInputMethodService: GoogleInputMethodService$1.onKeyboardViewShown():356 onKeyboardViewShown: keyboardType=prime, keyboardViewType=BODY keyboardView=com.google.android.libraries.inputmethod.widgets.SoftKeyboardView{d91317d V.E...... ........ 0,0-720,414}
09-18 07:27:19.550  4136  4136 I BaseKeyboardSizeHelper: BaseKeyboardSizeHelper.calculateMaxKeyboardBodyHeight():79 leave 159 height for app when ime window height:1449, header height:65 and isFullscreenMode:false, so the max keyboard body height is:1225
09-18 07:27:19.550  4136  4136 I NewLanguagePromptExtension: NewLanguagePromptExtension$1.onKeyboardViewShown():88 Not show new language banner: not prime keyboard, or the extension not activated.
09-18 07:27:19.550  2153  4339 I ImeTracker: com.termux:fed0e150: onFailed at PHASE_WM_SHOW_IME_RUNNER
09-18 07:27:19.551  4136  4136 I KeyboardModeUtils: KeyboardModeUtils.getKeyboardBottomOffset():435 inch: 0.000000 ydpi: 260.511993 adjustKeyboardBottomByDisplaySize: false currentDensityDpi: 238 defaultDensityDpi: 238 keyboardBottomToScreenPx: 0 keyboardBottomToNavBarPx: -71 navBarHeight: 71
09-18 07:27:19.551  4136  4136 I BaseKeyboardSizeHelper: BaseKeyboardSizeHelper.calculateMaxKeyboardBodyHeight():79 leave 159 height for app when ime window height:1449, header height:65 and isFullscreenMode:false, so the max keyboard body height is:1225
09-18 07:27:19.551  4136  4136 I BaseKeyboardSizeHelper: BaseKeyboardSizeHelper.calculateMaxKeyboardBodyHeight():79 leave 159 height for app when ime window height:1449, header height:65 and isFullscreenMode:false, so the max keyboard body height is:1225
09-18 07:27:19.552 16631 16637 W .apps.wellbeing: ApkAssets: Deleting an ApkAssets object '/product/overlay/GooglePermissionControllerOverlay.apk' with 1 weak references
09-18 07:27:19.552 16631 16637 W .apps.wellbeing: ApkAssets: Deleting an ApkAssets object '<empty> and /product/priv-app/VzwUnifiedSettingsApp/VzwUnifiedSettingsApp.apk' with 1 weak references
09-18 07:27:19.552 16631 16637 W .apps.wellbeing: ApkAssets: Deleting an ApkAssets object '<empty> and /data/app/~~MnfjA_4GnMcb0O5-YJNgWg==/com.google.android.apps.playconsole-G5jDiF0mhYfvHjCE4KK0ew==/base.apk' with 1 weak references
09-18 07:27:19.553 16631 16637 W .apps.wellbeing: ApkAssets: Deleting an ApkAssets object '<empty> and /data/app/~~MnfjA_4GnMcb0O5-YJNgWg==/com.google.android.apps.playconsole-G5jDiF0mhYfvHjCE4KK0ew==/split_config.arm64_v8a.apk' with 1 weak references
09-18 07:27:19.553 16631 16637 W .apps.wellbeing: ApkAssets: Deleting an ApkAssets object '<empty> and /data/app/~~MnfjA_4GnMcb0O5-YJNgWg==/com.google.android.apps.playconsole-G5jDiF0mhYfvHjCE4KK0ew==/split_config.en.apk' with 1 weak references
09-18 07:27:19.553 16631 16637 W .apps.wellbeing: ApkAssets: Deleting an ApkAssets object '<empty> and /data/app/~~MnfjA_4GnMcb0O5-YJNgWg==/com.google.android.apps.playconsole-G5jDiF0mhYfvHjCE4KK0ew==/split_config.xhdpi.apk' with 1 weak references
09-18 07:27:19.553 16631 16637 W .apps.wellbeing: ApkAssets: Deleting an ApkAssets object '<empty> and /system_ext/priv-app/SetupWizard/SetupWizard.apk' with 1 weak references
09-18 07:27:19.554 11459 11459 D InsetsController: show(ime(), fromIme=true)
09-18 07:27:19.554 16631 16637 W .apps.wellbeing: ApkAssets: Deleting an ApkAssets object '<empty> and /system_ext/priv-app/xrvdservice/xrvdservice.apk' with 1 weak references
09-18 07:27:19.554 16631 16637 W .apps.wellbeing: ApkAssets: Deleting an ApkAssets object '<empty> and /product/overlay/IconShapeRound/IconShapeRoundOverlay.apk' with 1 weak references
09-18 07:27:19.555 16631 16637 W .apps.wellbeing: ApkAssets: Deleting an ApkAssets object '<empty> and /system/priv-app/AuraAppAdvisorAtt/AuraAppAdvisorAtt.apk' with 1 weak references
09-18 07:27:19.555 16631 16637 W .apps.wellbeing: ApkAssets: Deleting an ApkAssets object '<empty> and /system/priv-app/SettingsProvider/SettingsProvider.apk' with 1 weak references
09-18 07:27:19.555 16631 16637 W .apps.wellbeing: ApkAssets: Deleting an ApkAssets object '/product/overlay/SettingsProvider__auto_generated_rro_product.apk' with 1 weak references
09-18 07:27:19.556 16631 16637 W .apps.wellbeing: ApkAssets: Deleting an ApkAssets object '/product/overlay/MotoSettingsProviderOverlayDPPCamera.apk' with 1 weak references
09-18 07:27:19.556 16631 16637 W .apps.wellbeing: ApkAssets: Deleting an ApkAssets object '<empty> and /data/app/~~egqzQz2hJYBzB0AulhScgA==/com.facebook.services-4g7k-ocRR1eju5qjuqm5IQ==/base.apk' with 1 weak references
09-18 07:27:19.556 16631 16637 W .apps.wellbeing: ApkAssets: Deleting an ApkAssets object '<empty> and /system/app/PrintSpooler/PrintSpooler.apk' with 1 weak references
09-18 07:27:19.557 16631 16637 W .apps.wellbeing: ApkAssets: Deleting an ApkAssets object '<empty> and /product/priv-app/HotwordEnrollmentOKGoogleHEXAGON/HotwordEnrollmentOKGoogleHEXAGON.apk' with 1 weak references
09-18 07:27:19.557 16631 16637 W .apps.wellbeing: ApkAssets: Deleting an ApkAssets object '<empty> and /product/overlay/FontRookeryRegular/FontRookeryRegularOverlay.apk' with 1 weak references
09-18 07:27:19.558 16631 16637 W .apps.wellbeing: ApkAssets: Deleting an ApkAssets object '<empty> and /system/app/BasicDreams/BasicDreams.apk' with 1 weak references
09-18 07:27:19.558 16631 16637 W .apps.wellbeing: ApkAssets: Deleting an ApkAssets object '<empty> and /data/app/~~KruduJSfgmXkIlTWHbBxjA==/com.google.android.as.oss-0EO3rR4G6DhQNoXA88Swjw==/base.apk' with 1 weak references
09-18 07:27:19.560 16631 16637 W .apps.wellbeing: ApkAssets: Deleting an ApkAssets object '<empty> and /product/priv-app/LenovoId/LenovoId.apk' with 1 weak references
09-18 07:27:19.560 16631 16637 W .apps.wellbeing: ApkAssets: Deleting an ApkAssets object '<empty> and /product/priv-app/udc/udc.apk' with 1 weak references
09-18 07:27:19.561 16631 16637 W .apps.wellbeing: ApkAssets: Deleting an ApkAssets object '<empty> and /data/app/~~1BiU2qv-O44xMnqBvKmzpQ==/com.app.speedwallet-YQvYjmcBe8Lj26cPmhBI2Q==/base.apk' with 1 weak references
09-18 07:27:19.561 16631 16637 W .apps.wellbeing: ApkAssets: Deleting an ApkAssets object '<empty> and /data/app/~~1BiU2qv-O44xMnqBvKmzpQ==/com.app.speedwallet-YQvYjmcBe8Lj26cPmhBI2Q==/split_config.arm64_v8a.apk' with 1 weak references
09-18 07:27:19.561 16631 16637 W .apps.wellbeing: ApkAssets: Deleting an ApkAssets object '<empty> and /data/app/~~1BiU2qv-O44xMnqBvKmzpQ==/com.app.speedwallet-YQvYjmcBe8Lj26cPmhBI2Q==/split_config.xhdpi.apk' with 1 weak references
09-18 07:27:19.562 16631 16637 W .apps.wellbeing: ApkAssets: Deleting an ApkAssets object '<empty> and /system/priv-app/InputDevices/InputDevices.apk' with 1 weak references
09-18 07:27:19.562 16631 16637 W .apps.wellbeing: ApkAssets: Deleting an ApkAssets object '<empty> and /apex/com.android.rkpd/priv-app/rkpdapp@U1TFS34M.100-35-14-1-21/rkpdapp.apk' with 1 weak references
09-18 07:27:19.562 16631 16637 W .apps.wellbeing: ApkAssets: Deleting an ApkAssets object '<empty> and /system_ext/priv-app/com.motorola.android.nativedropboxagent/com.motorola.android.nativedropboxagent.apk' with 1 weak references
09-18 07:27:19.563 16631 16637 W .apps.wellbeing: ApkAssets: Deleting an ApkAssets object '<empty> and /data/app/~~xasAennH96SaNYSrqqMWDA==/com.google.android.dialer-LLNXu5n2QOz-XDzJDUrT8Q==/base.apk' with 1 weak references
09-18 07:27:19.564 16631 16637 W .apps.wellbeing: ApkAssets: Deleting an ApkAssets object '<empty> and /product/app/YTMusicSetupWizard/YTMusicSetupWizard.apk' with 1 weak references
09-18 07:27:19.565 16631 16637 W .apps.wellbeing: ApkAssets: Deleting an ApkAssets object '<empty> and /system/priv-app/MotHceService/MotHceService.apk' with 1 weak references
09-18 07:27:19.565 16631 16637 W .apps.wellbeing: ApkAssets: Deleting an ApkAssets object '<empty> and /system_ext/app/NfcSetup/NfcSetup.apk' with 1 weak references
09-18 07:27:19.566 16631 16637 W .apps.wellbeing: ApkAssets: Deleting an ApkAssets object '<empty> and /system/priv-app/BuiltInPrintService/BuiltInPrintService.apk' with 1 weak references
09-18 07:27:19.566 16631 16637 W .apps.wellbeing: ApkAssets: Deleting an ApkAssets object '<empty> and /data/app/~~-UlQDL_-4ABfFT7ZczAkEA==/com.google.android.apps.nbu.files-7AoOiwGyNjRHfSn4FB6cmQ==/base.apk' with 1 weak references
09-18 07:27:19.566 16631 16637 W .apps.wellbeing: ApkAssets: Deleting an ApkAssets object '<empty> and /data/app/~~-UlQDL_-4ABfFT7ZczAkEA==/com.google.android.apps.nbu.files-7AoOiwGyNjRHfSn4FB6cmQ==/split_config.arm64_v8a.apk' with 1 weak references
09-18 07:27:19.567 16631 16637 W .apps.wellbeing: ApkAssets: Deleting an ApkAssets object '<empty> and /data/app/~~-UlQDL_-4ABfFT7ZczAkEA==/com.google.android.apps.nbu.files-7AoOiwGyNjRHfSn4FB6cmQ==/split_config.en.apk' with 1 weak references
09-18 07:27:19.567 16631 16637 W .apps.wellbeing: ApkAssets: Deleting an ApkAssets object '<empty> and /data/app/~~-UlQDL_-4ABfFT7ZczAkEA==/com.google.android.apps.nbu.files-7AoOiwGyNjRHfSn4FB6cmQ==/split_config.xhdpi.apk' with 1 weak references
09-18 07:27:19.567 16631 16637 W .apps.wellbeing: ApkAssets: Deleting an ApkAssets object '<empty> and /data/app/~~a3VwZ6Ld2oyLwOTe2uW6sg==/co.mona.android-mnkhYYUGJYdbVa00rFY8YQ==/base.apk' with 1 weak references
09-18 07:27:19.568 16631 16637 W .apps.wellbeing: ApkAssets: Deleting an ApkAssets object '<empty> and /data/app/~~a3VwZ6Ld2oyLwOTe2uW6sg==/co.mona.android-mnkhYYUGJYdbVa00rFY8YQ==/split_assets_install.apk' with 1 weak references
09-18 07:27:19.569 16631 16637 W .apps.wellbeing: ApkAssets: Deleting an ApkAssets object '<empty> and /data/app/~~a3VwZ6Ld2oyLwOTe2uW6sg==/co.mona.android-mnkhYYUGJYdbVa00rFY8YQ==/split_config.arm64_v8a.apk' with 1 weak references
09-18 07:27:19.569 16631 16637 W .apps.wellbeing: ApkAssets: Deleting an ApkAssets object '<empty> and /data/app/~~a3VwZ6Ld2oyLwOTe2uW6sg==/co.mona.android-mnkhYYUGJYdbVa00rFY8YQ==/split_config.xhdpi.apk' with 1 weak references
09-18 07:27:19.569 16631 16637 W .apps.wellbeing: ApkAssets: Deleting an ApkAssets object '<empty> and /data/app/~~a3VwZ6Ld2oyLwOTe2uW6sg==/co.mona.android-mnkhYYUGJYdbVa00rFY8YQ==/split_dynamic_features_impls.apk' with 1 weak references
09-18 07:27:19.569 16631 16637 W .apps.wellbeing: ApkAssets: Deleting an ApkAssets object '<empty> and /data/app/~~a3VwZ6Ld2oyLwOTe2uW6sg==/co.mona.android-mnkhYYUGJYdbVa00rFY8YQ==/split_dynamic_features_impls.config.arm64_v8a.apk' with 1 weak references
09-18 07:27:19.569 16631 16637 W .apps.wellbeing: ApkAssets: Deleting an ApkAssets object '<empty> and /data/app/~~a3VwZ6Ld2oyLwOTe2uW6sg==/co.mona.android-mnkhYYUGJYdbVa00rFY8YQ==/split_dynamic_features_impls.config.xhdpi.apk' with 1 weak references
09-18 07:27:19.569 16631 16637 W .apps.wellbeing: ApkAssets: Deleting an ApkAssets object '<empty> and /system/app/MotoSignatureApp/MotoSignatureApp.apk' with 1 weak references
09-18 07:27:19.570 16631 16637 W .apps.wellbeing: ApkAssets: Deleting an ApkAssets object '<empty> and /data/app/~~Yg2mJQIeq4tyEnldBhpdww==/com.google.android.captiveportallogin-YukPXU5LxnR3k7_L6fDyXA==/base.apk' with 1 weak references
09-18 07:27:19.570 16631 16637 W .apps.wellbeing: ApkAssets: Deleting an ApkAssets object '<empty> and /data/app/~~Yg2mJQIeq4tyEnldBhpdww==/com.google.android.captiveportallogin-YukPXU5LxnR3k7_L6fDyXA==/split_config.xhdpi.apk' with 1 weak references
09-18 07:27:19.570 16631 16637 W .apps.wellbeing: ApkAssets: Deleting an ApkAssets object '<empty> and /data/app/~~8GtvLCZ2OwiSCDc_0-mzKQ==/com.rarlab.rar-FaUm4UYpzc8j30jKEYJ1YQ==/base.apk' with 1 weak references
09-18 07:27:19.571 16631 16637 W .apps.wellbeing: ApkAssets: Deleting an ApkAssets object '<empty> and /data/app/~~8GtvLCZ2OwiSCDc_0-mzKQ==/com.rarlab.rar-FaUm4UYpzc8j30jKEYJ1YQ==/split_config.arm64_v8a.apk' with 1 weak references
09-18 07:27:19.571 16631 16637 W .apps.wellbeing: ApkAssets: Deleting an ApkAssets object '<empty> and /data/app/~~8GtvLCZ2OwiSCDc_0-mzKQ==/com.rarlab.rar-FaUm4UYpzc8j30jKEYJ1YQ==/split_config.xhdpi.apk' with 1 weak references
09-18 07:27:19.571 16631 16637 W .apps.wellbeing: ApkAssets: Deleting an ApkAssets object '<empty> and /data/app/~~JxM_L7w4xWyeKPFsB0x6Pw==/com.google.ambient.streaming-ZmRUx2_g0n8F61UldLfX2Q==/base.apk' with 1 weak references
09-18 07:27:19.571 16631 16637 W .apps.wellbeing: ApkAssets: Deleting an ApkAssets object '<empty> and /data/app/~~JxM_L7w4xWyeKPFsB0x6Pw==/com.google.ambient.streaming-ZmRUx2_g0n8F61UldLfX2Q==/split_config.arm64_v8a.apk' with 1 weak references
09-18 07:27:19.571 16631 16637 W .apps.wellbeing: ApkAssets: Deleting an ApkAssets object '<empty> and /data/app/~~JxM_L7w4xWyeKPFsB0x6Pw==/com.google.ambient.streaming-ZmRUx2_g0n8F61UldLfX2Q==/split_config.en.apk' with 1 weak references
09-18 07:27:19.571 16631 16637 W .apps.wellbeing: ApkAssets: Deleting an ApkAssets object '<empty> and /data/app/~~JxM_L7w4xWyeKPFsB0x6Pw==/com.google.ambient.streaming-ZmRUx2_g0n8F61UldLfX2Q==/split_config.fr.apk' with 1 weak references
09-18 07:27:19.571 16631 16637 W .apps.wellbeing: ApkAssets: Deleting an ApkAssets object '<empty> and /data/app/~~JxM_L7w4xWyeKPFsB0x6Pw==/com.google.ambient.streaming-ZmRUx2_g0n8F61UldLfX2Q==/split_config.xhdpi.apk' with 1 weak references
09-18 07:27:19.572 16631 16637 W .apps.wellbeing: ApkAssets: Deleting an ApkAssets object '<empty> and /data/app/~~RkLfuupC-zPa6OUcjU61Dg==/com.google.android.apps.bard-4Zc9OkvFTkc1Zp8CxCesDw==/base.apk' with 1 weak references
09-18 07:27:19.572 16631 16637 W .apps.wellbeing: ApkAssets: Deleting an ApkAssets object '<empty> and /data/app/~~RkLfuupC-zPa6OUcjU61Dg==/com.google.android.apps.bard-4Zc9OkvFTkc1Zp8CxCesDw==/split_config.arm64_v8a.apk' with 1 weak references
09-18 07:27:19.572 16631 16637 W .apps.wellbeing: ApkAssets: Deleting an ApkAssets object '<empty> and /data/app/~~RkLfuupC-zPa6OUcjU61Dg==/com.google.android.apps.bard-4Zc9OkvFTkc1Zp8CxCesDw==/split_config.en.apk' with 1 weak references
09-18 07:27:19.572 16631 16637 W .apps.wellbeing: ApkAssets: Deleting an ApkAssets object '<empty> and /data/app/~~RkLfuupC-zPa6OUcjU61Dg==/com.google.android.apps.bard-4Zc9OkvFTkc1Zp8CxCesDw==/split_config.fr.apk' with 1 weak references
09-18 07:27:19.572 16631 16637 W .apps.wellbeing: ApkAssets: Deleting an ApkAssets object '<empty> and /data/app/~~RkLfuupC-zPa6OUcjU61Dg==/com.google.android.apps.bard-4Zc9OkvFTkc1Zp8CxCesDw==/split_config.xhdpi.apk' with 1 weak references
09-18 07:27:19.573 16631 16637 W .apps.wellbeing: ApkAssets: Deleting an ApkAssets object '<empty> and /data/app/~~rbxZKRrSAFHd9KLqA4y0tw==/com.google.android.apps.docs-HhlJ6fe2qhPsdQ5x6AHjAg==/base.apk' with 1 weak references
09-18 07:27:19.573 16631 16637 W .apps.wellbeing: ApkAssets: Deleting an ApkAssets object '<empty> and /data/app/~~rbxZKRrSAFHd9KLqA4y0tw==/com.google.android.apps.docs-HhlJ6fe2qhPsdQ5x6AHjAg==/split_config.arm64_v8a.apk' with 1 weak references
09-18 07:27:19.573 16631 16637 W .apps.wellbeing: ApkAssets: Deleting an ApkAssets object '<empty> and /data/app/~~rbxZKRrSAFHd9KLqA4y0tw==/com.google.android.apps.docs-HhlJ6fe2qhPsdQ5x6AHjAg==/split_config.en.apk' with 1 weak references
09-18 07:27:19.573 16631 16637 W .apps.wellbeing: ApkAssets: Deleting an ApkAssets object '<empty> and /data/app/~~rbxZKRrSAFHd9KLqA4y0tw==/com.google.android.apps.docs-HhlJ6fe2qhPsdQ5x6AHjAg==/split_config.xhdpi.apk' with 1 weak references
09-18 07:27:19.574 16631 16637 W .apps.wellbeing: ApkAssets: Deleting an ApkAssets object '<empty> and /data/app/~~NMVkkVsop85dNo3lUvLhLg==/com.google.android.apps.maps-DjcgNe-7WssdMsh4URKMuw==/base.apk' with 1 weak references
09-18 07:27:19.574 16631 16637 W .apps.wellbeing: ApkAssets: Deleting an ApkAssets object '<empty> and /data/app/~~NMVkkVsop85dNo3lUvLhLg==/com.google.android.apps.maps-DjcgNe-7WssdMsh4URKMuw==/split_config.arm64_v8a.apk' with 1 weak references
09-18 07:27:19.574 16631 16637 W .apps.wellbeing: ApkAssets: Deleting an ApkAssets object '<empty> and /data/app/~~NMVkkVsop85dNo3lUvLhLg==/com.google.android.apps.maps-DjcgNe-7WssdMsh4URKMuw==/split_config.en.apk' with 1 weak references
09-18 07:27:19.574 16631 16637 W .apps.wellbeing: ApkAssets: Deleting an ApkAssets object '<empty> and /data/app/~~NMVkkVsop85dNo3lUvLhLg==/com.google.android.apps.maps-DjcgNe-7WssdMsh4URKMuw==/split_config.xhdpi.apk' with 1 weak references
09-18 07:27:19.575 16631 16637 W .apps.wellbeing: ApkAssets: Deleting an ApkAssets object '<empty> and /product/priv-app/AuraAppServices/AuraAppServices.apk' with 1 weak references
09-18 07:27:19.575 16631 16637 W .apps.wellbeing: ApkAssets: Deleting an ApkAssets object '<empty> and /data/app/~~4g7CWRVKLZhFIYCg21_hdA==/com.videoconverter.videocompressor-LlDY0zhUGoBBOC744bxgEQ==/base.apk' with 1 weak references
09-18 07:27:19.576 16631 16637 W .apps.wellbeing: ApkAssets: Deleting an ApkAssets object '<empty> and /data/app/~~4g7CWRVKLZhFIYCg21_hdA==/com.videoconverter.videocompressor-LlDY0zhUGoBBOC744bxgEQ==/split_config.arm64_v8a.apk' with 1 weak references
09-18 07:27:19.576 16631 16637 W .apps.wellbeing: ApkAssets: Deleting an ApkAssets object '<empty> and /data/app/~~4g7CWRVKLZhFIYCg21_hdA==/com.videoconverter.videocompressor-LlDY0zhUGoBBOC744bxgEQ==/split_config.xhdpi.apk' with 1 weak references
09-18 07:27:19.576 16631 16637 W .apps.wellbeing: ApkAssets: Deleting an ApkAssets object '<empty> and /data/app/~~iYYQstar8y-Euwn37pCjSQ==/com.bkawrapper-rswxm77XmwWq7Tmq9pw0vQ==/base.apk' with 1 weak references
09-18 07:27:19.577 16631 16637 W .apps.wellbeing: ApkAssets: Deleting an ApkAssets object '<empty> and /data/app/~~YSZVd7IANhRI8Uy_WftJ3g==/com.google.android.modulemetadata-ioFPyRCv4BCe8JOKbpDKkQ==/base.apk' with 1 weak references
09-18 07:27:19.577 16631 16637 W .apps.wellbeing: ApkAssets: Deleting an ApkAssets object '<empty> and /product/app/AuraAppAdvisorCricket/AuraAppAdvisorCricket.apk' with 1 weak references
09-18 07:27:19.578 16631 16637 W .apps.wellbeing: ApkAssets: Deleting an ApkAssets object '<empty> and /data/app/~~RhpO9Pbmjnb9i-JgfBIGmA==/com.termux.tasker-taFsS-5Yx6ggX1cJGNzLtw==/base.apk' with 1 weak references
09-18 07:27:19.578 16631 16637 W .apps.wellbeing: ApkAssets: Deleting an ApkAssets object '<empty> and /product/priv-app/ComcastSettingsExt/ComcastSettingsExt.apk' with 1 weak references
09-18 07:27:19.579 16631 16637 W .apps.wellbeing: ApkAssets: Deleting an ApkAssets object '<empty> and /product/priv-app/GlanceSpacesMotorola/GlanceSpacesMotorola.apk' with 1 weak references
09-18 07:27:19.579 16631 16637 W .apps.wellbeing: ApkAssets: Deleting an ApkAssets object '<empty> and /product/overlay/IconShapeTeardrop/IconShapeTeardropOverlay.apk' with 1 weak references
09-18 07:27:19.580 16631 16637 W .apps.wellbeing: ApkAssets: Deleting an ApkAssets object '<empty> and /system_ext/priv-app/MotoSecurityHubExt/MotoSecurityHubExt.apk' with 1 weak references
09-18 07:27:19.580 16631 16637 W .apps.wellbeing: ApkAssets: Deleting an ApkAssets object '<empty> and /product/priv-app/AmazonAppManager/AmazonAppManager.apk' with 1 weak references
09-18 07:27:19.580 16631 16637 W .apps.wellbeing: ApkAssets: Deleting an ApkAssets object '<empty> and /data/app/~~vJrclAeU2JzTkbjwr4yAVg==/com.google.android.networkstack-qTcagip7LzMn1euxhSgPiA==/base.apk' with 1 weak references
09-18 07:27:19.581 16631 16637 W .apps.wellbeing: ApkAssets: Deleting an ApkAssets object '<empty> and /data/app/~~vJrclAeU2JzTkbjwr4yAVg==/com.google.android.networkstack-qTcagip7LzMn1euxhSgPiA==/split_config.arm64_v8a.apk' with 1 weak references
09-18 07:27:19.581 16631 16637 W .apps.wellbeing: ApkAssets: Deleting an ApkAssets object '/product/overlay/NetworkStackMcc460Overlay.apk' with 1 weak references
09-18 07:27:19.581 16631 16637 W .apps.wellbeing: ApkAssets: Deleting an ApkAssets object '<empty> and /data/app/~~x1NFMNZDthmWlIhtUWcDbg==/com.google.android.contactkeys-4gwynVPmByYL9hmkHdiM6A==/base.apk' with 1 weak references
09-18 07:27:19.581 16631 16637 W .apps.wellbeing: ApkAssets: Deleting an ApkAssets object '<empty> and /data/app/~~x1NFMNZDthmWlIhtUWcDbg==/com.google.android.contactkeys-4gwynVPmByYL9hmkHdiM6A==/split_config.arm64_v8a.apk' with 1 weak references
09-18 07:27:19.581 16631 16637 W .apps.wellbeing: ApkAssets: Deleting an ApkAssets object '<empty> and /data/app/~~x1NFMNZDthmWlIhtUWcDbg==/com.google.android.contactkeys-4gwynVPmByYL9hmkHdiM6A==/split_config.en.apk' with 1 weak references
09-18 07:27:19.582 16631 16637 W .apps.wellbeing: ApkAssets: Deleting an ApkAssets object '<empty> and /data/app/~~x1NFMNZDthmWlIhtUWcDbg==/com.google.android.contactkeys-4gwynVPmByYL9hmkHdiM6A==/split_config.xhdpi.apk' with 1 weak references
09-18 07:27:19.582 16631 16637 W .apps.wellbeing: ApkAssets: Deleting an ApkAssets object '<empty> and /data/app/~~ablN2teba1nuYXqYLHW9Ww==/com.kickstarter.kickstarter-8LXip7Sym2_Xq8F1xnhqQw==/base.apk' with 1 weak references
09-18 07:27:19.582 16631 16637 W .apps.wellbeing: ApkAssets: Deleting an ApkAssets object '<empty> and /data/app/~~-eDoioxiOhD2zDAL1OWWhQ==/com.google.android.contacts-AN4E9M24sXk4MwgAHB-8pw==/base.apk' with 1 weak references
09-18 07:27:19.583 16631 16637 W .apps.wellbeing: ApkAssets: Deleting an ApkAssets object '<empty> and /data/app/~~-eDoioxiOhD2zDAL1OWWhQ==/com.google.android.contacts-AN4E9M24sXk4MwgAHB-8pw==/split_config.arm64_v8a.apk' with 1 weak references
09-18 07:27:19.583 16631 16637 W .apps.wellbeing: ApkAssets: Deleting an ApkAssets object '<empty> and /data/app/~~-eDoioxiOhD2zDAL1OWWhQ==/com.google.android.contacts-AN4E9M24sXk4MwgAHB-8pw==/split_config.en.apk' with 1 weak references
09-18 07:27:19.583 16631 16637 W .apps.wellbeing: ApkAssets: Deleting an ApkAssets object '<empty> and /data/app/~~-eDoioxiOhD2zDAL1OWWhQ==/com.google.android.contacts-AN4E9M24sXk4MwgAHB-8pw==/split_config.xhdpi.apk' with 1 weak references
09-18 07:27:19.583 16631 16637 W .apps.wellbeing: ApkAssets: Deleting an ApkAssets object '<empty> and /product/priv-app/PreloadContacts/PreloadContacts.apk' with 1 weak references
09-18 07:27:19.584 16631 16637 W .apps.wellbeing: ApkAssets: Deleting an ApkAssets object '<empty> and /system/priv-app/Telecom/Telecom.apk' with 1 weak references
09-18 07:27:19.584 16631 16637 W .apps.wellbeing: ApkAssets: Deleting an ApkAssets object '<empty> and /system_ext/priv-app/MotorolaSettingsProvider/MotorolaSettingsProvider.apk' with 1 weak references
09-18 07:27:19.584 16631 16637 W .apps.wellbeing: ApkAssets: Deleting an ApkAssets object '/product/overlay/MotorolaSettingsProvider__auto_generated_rro_product.apk' with 1 weak references
09-18 07:27:19.585 16631 16637 W .apps.wellbeing: ApkAssets: Deleting an ApkAssets object '/product/overlay/MotoSettingsProviderOverlayDPPNone.apk' with 1 weak references
09-18 07:27:19.585 16631 16637 W .apps.wellbeing: ApkAssets: Deleting an ApkAssets object '<empty> and /system/app/KeyChain/KeyChain.apk' with 1 weak references
09-18 07:27:19.585  2153  2210 W ActivityTaskManager: Activity top resumed state loss timeout for ActivityRecord{3fe118a u0 com.bkawrapper/.MainActivity t7135 f} isExiting}
09-18 07:27:19.586 16631 16637 W .apps.wellbeing: ApkAssets: Deleting an ApkAssets object '<empty> and /data/app/~~OeW21hOR2F97jwQna99uaA==/com.google.android.calculator-csb1wR8_5XQ3Gc5H-eQ_bA==/base.apk' with 1 weak references
09-18 07:27:19.586 16631 16637 W .apps.wellbeing: ApkAssets: Deleting an ApkAssets object '<empty> and /data/app/~~OeW21hOR2F97jwQna99uaA==/com.google.android.calculator-csb1wR8_5XQ3Gc5H-eQ_bA==/split_config.xhdpi.apk' with 1 weak references
09-18 07:27:19.586 16631 16637 W .apps.wellbeing: ApkAssets: Deleting an ApkAssets object '<empty> and /data/app/~~jxJ6kfreUDHEL8XHOd0_mA==/com.android.chrome-Jyzp2XkI8AuWvtjGD3T3nw==/base.apk' with 1 weak references
09-18 07:27:19.587 16631 16637 W .apps.wellbeing: ApkAssets: Deleting an ApkAssets object '<empty> and /data/app/~~jxJ6kfreUDHEL8XHOd0_mA==/com.android.chrome-Jyzp2XkI8AuWvtjGD3T3nw==/split_chrome.apk' with 1 weak references
09-18 07:27:19.587 16631 16637 W .apps.wellbeing: ApkAssets: Deleting an ApkAssets object '<empty> and /data/app/~~jxJ6kfreUDHEL8XHOd0_mA==/com.android.chrome-Jyzp2XkI8AuWvtjGD3T3nw==/split_config.en.apk' with 1 weak references
09-18 07:27:19.587 16631 16637 W .apps.wellbeing: ApkAssets: Deleting an ApkAssets object '<empty> and /data/app/~~jxJ6kfreUDHEL8XHOd0_mA==/com.android.chrome-Jyzp2XkI8AuWvtjGD3T3nw==/split_dev_ui.apk' with 1 weak references
09-18 07:27:19.587 16631 16637 W .apps.wellbeing: ApkAssets: Deleting an ApkAssets object '<empty> and /data/app/~~jxJ6kfreUDHEL8XHOd0_mA==/com.android.chrome-Jyzp2XkI8AuWvtjGD3T3nw==/split_on_demand.apk' with 1 weak references
09-18 07:27:19.587 16631 16637 W .apps.wellbeing: ApkAssets: Deleting an ApkAssets object '<empty> and /data/app/~~jxJ6kfreUDHEL8XHOd0_mA==/com.android.chrome-Jyzp2XkI8AuWvtjGD3T3nw==/split_stack_unwinder.apk' with 1 weak references
09-18 07:27:19.587 16631 16637 W .apps.wellbeing: ApkAssets: Deleting an ApkAssets object '<empty> and /product/priv-app/Dialer/Dialer.apk' with 1 weak references
09-18 07:27:19.589 16631 16637 W .apps.wellbeing: ApkAssets: Deleting an ApkAssets object '<empty> and /system/priv-app/GooglePackageInstaller/GooglePackageInstaller.apk' with 1 weak references
09-18 07:27:19.589 16631 16637 W .apps.wellbeing: ApkAssets: Deleting an ApkAssets object '<empty> and /data/app/~~JLqsKUxDrQvAz0dDxm6uOw==/com.google.android.gms-ClX04R4QYf6mp0kT7GERUA==/base.apk' with 1 weak references
09-18 07:27:19.591 16631 16637 W .apps.wellbeing: ApkAssets: Deleting an ApkAssets object '<empty> and /data/app/~~JLqsKUxDrQvAz0dDxm6uOw==/com.google.android.gms-ClX04R4QYf6mp0kT7GERUA==/split_AdsDynamite_installtime.apk' with 1 weak references
09-18 07:27:19.591 16631 16637 W .apps.wellbeing: ApkAssets: Deleting an ApkAssets object '<empty> and /data/app/~~JLqsKUxDrQvAz0dDxm6uOw==/com.google.android.gms-ClX04R4QYf6mp0kT7GERUA==/split_CronetDynamite_installtime.apk' with 1 weak references
09-18 07:27:19.591 16631 16637 W .apps.wellbeing: ApkAssets: Deleting an ApkAssets object '<empty> and /data/app/~~JLqsKUxDrQvAz0dDxm6uOw==/com.google.android.gms-ClX04R4QYf6mp0kT7GERUA==/split_DynamiteLoader_installtime.apk' with 1 weak references
09-18 07:27:19.591 16631 16637 W .apps.wellbeing: ApkAssets: Deleting an ApkAssets object '<empty> and /data/app/~~JLqsKUxDrQvAz0dDxm6uOw==/com.google.android.gms-ClX04R4QYf6mp0kT7GERUA==/split_DynamiteModulesA_installtime.apk' with 1 weak references
09-18 07:27:19.592 16631 16637 W .apps.wellbeing: ApkAssets: Deleting an ApkAssets object '<empty> and /data/app/~~JLqsKUxDrQvAz0dDxm6uOw==/com.google.android.gms-ClX04R4QYf6mp0kT7GERUA==/split_DynamiteModulesC_installtime.apk' with 1 weak references
09-18 07:27:19.592 16631 16637 W .apps.wellbeing: ApkAssets: Deleting an ApkAssets object '<empty> and /data/app/~~JLqsKUxDrQvAz0dDxm6uOw==/com.google.android.gms-ClX04R4QYf6mp0kT7GERUA==/split_GoogleCertificates_installtime.apk' with 1 weak references
09-18 07:27:19.592 16631 16637 W .apps.wellbeing: ApkAssets: Deleting an ApkAssets object '<empty> and /data/app/~~JLqsKUxDrQvAz0dDxm6uOw==/com.google.android.gms-ClX04R4QYf6mp0kT7GERUA==/split_MapsDynamite_installtime.apk' with 1 weak references
09-18 07:27:19.592 16631 16637 W .apps.wellbeing: ApkAssets: Deleting an ApkAssets object '<empty> and /data/app/~~JLqsKUxDrQvAz0dDxm6uOw==/com.google.android.gms-ClX04R4QYf6mp0kT7GERUA==/split_MeasurementDynamite_installtime.apk' with 1 weak references
09-18 07:27:19.592 16631 16637 W .apps.wellbeing: ApkAssets: Deleting an ApkAssets object '<empty> and /data/app/~~JLqsKUxDrQvAz0dDxm6uOw==/com.google.android.gms-ClX04R4QYf6mp0kT7GERUA==/split_config.en.apk' with 1 weak references
09-18 07:27:19.592 16631 16637 W .apps.wellbeing: ApkAssets: Deleting an ApkAssets object '<empty> and /data/app/~~JLqsKUxDrQvAz0dDxm6uOw==/com.google.android.gms-ClX04R4QYf6mp0kT7GERUA==/split_config.xhdpi.apk' with 1 weak references
09-18 07:27:19.593 16631 16637 W .apps.wellbeing: ApkAssets: Deleting an ApkAssets object '<empty> and /system_ext/priv-app/GoogleServicesFramework/GoogleServicesFramework.apk' with 1 weak references
09-18 07:27:19.594 16631 16637 W .apps.wellbeing: ApkAssets: Deleting an ApkAssets object '<empty> and /system/priv-app/TagGoogle/TagGoogle.apk' with 1 weak references
09-18 07:27:19.594 16631 16637 W .apps.wellbeing: ApkAssets: Deleting an ApkAssets object '<empty> and /data/app/~~DBTl0SyuCDn9yAZXR6wjQA==/com.google.android.tts-wICXKds4VkiBSVku6oH-xA==/base.apk' with 1 weak references
09-18 07:27:19.595 16631 16637 W .apps.wellbeing: ApkAssets: Deleting an ApkAssets object '<empty> and /data/app/~~DBTl0SyuCDn9yAZXR6wjQA==/com.google.android.tts-wICXKds4VkiBSVku6oH-xA==/split_config.arm64_v8a.apk' with 1 weak references
09-18 07:27:19.595 16631 16637 W .apps.wellbeing: ApkAssets: Deleting an ApkAssets object '<empty> and /data/app/~~DBTl0SyuCDn9yAZXR6wjQA==/com.google.android.tts-wICXKds4VkiBSVku6oH-xA==/split_config.en.apk' with 1 weak references
09-18 07:27:19.595 16631 16637 W .apps.wellbeing: ApkAssets: Deleting an ApkAssets object '<empty> and /data/app/~~DBTl0SyuCDn9yAZXR6wjQA==/com.google.android.tts-wICXKds4VkiBSVku6oH-xA==/split_config.xhdpi.apk' with 1 weak references
09-18 07:27:19.595 16631 16637 W .apps.wellbeing: ApkAssets: Deleting an ApkAssets object '<empty> and /system/priv-app/CallLogBackup/CallLogBackup.apk' with 1 weak references
09-18 07:27:19.596 16631 16637 W .apps.wellbeing: ApkAssets: Deleting an ApkAssets object '<empty> and /data/app/~~0ABtstOCJyeP8-d9dJ11Gw==/com.google.android.partnersetup-ucnfYNbvxkT6ACWGSJcmxw==/base.apk' with 1 weak references
09-18 07:27:19.596 16631 16637 W .apps.wellbeing: ApkAssets: Deleting an ApkAssets object '<empty> and /data/app/~~0ABtstOCJyeP8-d9dJ11Gw==/com.google.android.partnersetup-ucnfYNbvxkT6ACWGSJcmxw==/split_config.en.apk' with 1 weak references
09-18 07:27:19.596 16631 16637 W .apps.wellbeing: ApkAssets: Deleting an ApkAssets object '<empty> and /data/app/~~0ABtstOCJyeP8-d9dJ11Gw==/com.google.android.partnersetup-ucnfYNbvxkT6ACWGSJcmxw==/split_config.fr.apk' with 1 weak references
09-18 07:27:19.596 16631 16637 W .apps.wellbeing: ApkAssets: Deleting an ApkAssets object '<empty> and /data/app/~~0ABtstOCJyeP8-d9dJ11Gw==/com.google.android.partnersetup-ucnfYNbvxkT6ACWGSJcmxw==/split_config.xhdpi.apk' with 1 weak references
09-18 07:27:19.596 16631 16637 W .apps.wellbeing: ApkAssets: Deleting an ApkAssets object '<empty> and /data/app/~~80av9TRxH2jdoFbHVsZV8w==/com.motorola.genie-xvStVkFPfm0-k5k4m1jS6g==/base.apk' with 1 weak references
09-18 07:27:19.597 16631 16637 W .apps.wellbeing: ApkAssets: Deleting an ApkAssets object '<empty> and /system/app/CameraExtensionsProxy/CameraExtensionsProxy.apk' with 1 weak references
09-18 07:27:19.597 16631 16637 W .apps.wellbeing: ApkAssets: Deleting an ApkAssets object '<empty> and /product/priv-app/VzwECID/VzwECID.apk' with 1 weak references
09-18 07:27:19.598 16631 16637 W .apps.wellbeing: ApkAssets: Deleting an ApkAssets object '<empty> and /product/priv-app/ComcastCarrier/ComcastCarrier.apk' with 1 weak references
09-18 07:27:19.599 16631 16637 W .apps.wellbeing: ApkAssets: Deleting an ApkAssets object '<empty> and /system_ext/priv-app/SetupWizardExt/SetupWizardExt.apk' with 1 weak references
09-18 07:27:19.599 16631 16637 W .apps.wellbeing: ApkAssets: Deleting an ApkAssets object '/product/overlay/SetupWizardExt__auto_generated_rro_product.apk' with 1 weak references
09-18 07:27:19.600 16631 16637 W .apps.wellbeing: ApkAssets: Deleting an ApkAssets object '<empty> and /product/priv-app/VzwSecurityPrivacy/VzwSecurityPrivacy.apk' with 1 weak references
09-18 07:27:19.600 11459 11459 I ImeTracker: com.termux:875244b: onRequestShow at ORIGIN_CLIENT_SHOW_SOFT_INPUT reason SHOW_SOFT_INPUT
09-18 07:27:19.600 11459 11459 D InputMethodManager: showSoftInput() view=com.termux.view.TerminalView{3613b6b VFED.V.L. .F...... 0,0-712,857 #7f080191 app:id/terminal_view aid=1073741825} flags=0 reason=SHOW_SOFT_INPUT
09-18 07:27:19.600 16631 16637 W .apps.wellbeing: ApkAssets: Deleting an ApkAssets object '<empty> and /data/app/~~wOZM5qxr1ohDGbkVI8qmxg==/com.google.android.videos-MlqCjmsO_tIA99Dl9SEA2A==/base.apk' with 1 weak references
09-18 07:27:19.601 16631 16637 W .apps.wellbeing: ApkAssets: Deleting an ApkAssets object '<empty> and /data/app/~~wOZM5qxr1ohDGbkVI8qmxg==/com.google.android.videos-MlqCjmsO_tIA99Dl9SEA2A==/split_config.arm64_v8a.apk' with 1 weak references
09-18 07:27:19.601 16631 16637 W .apps.wellbeing: ApkAssets: Deleting an ApkAssets object '<empty> and /data/app/~~wOZM5qxr1ohDGbkVI8qmxg==/com.google.android.videos-MlqCjmsO_tIA99Dl9SEA2A==/split_config.en.apk' with 1 weak references
09-18 07:27:19.601 16631 16637 W .apps.wellbeing: ApkAssets: Deleting an ApkAssets object '<empty> and /data/app/~~wOZM5qxr1ohDGbkVI8qmxg==/com.google.android.videos-MlqCjmsO_tIA99Dl9SEA2A==/split_config.xhdpi.apk' with 1 weak references
09-18 07:27:19.601 16631 16637 W .apps.wellbeing: ApkAssets: Deleting an ApkAssets object '<empty> and /product/priv-app/CloudSetup/CloudSetup.apk' with 1 weak references
09-18 07:27:19.602  4136  4136 D InputMethodService: dispatchOnShowInputRequested result = true
09-18 07:27:19.602 16631 16637 W .apps.wellbeing: ApkAssets: Deleting an ApkAssets object '<empty> and /system/app/CarrierDefaultApp/CarrierDefaultApp.apk' with 1 weak references
09-18 07:27:19.602  4136  4136 I GoogleInputMethodService: GoogleInputMethodService.onWindowShown():2503 
09-18 07:27:19.602  4136  4136 D InputMethodService: applyVisibilityInInsetsConsumerIfNecessary setVisible = true
09-18 07:27:19.602 16631 16637 W .apps.wellbeing: ApkAssets: Deleting an ApkAssets object '<empty> and /data/app/~~Kwe0l8a98YAAdlScUZuavQ==/com.motorola.aiservices-ZB2a1J8vfFn8fMkcJM0XYQ==/base.apk' with 1 weak references
09-18 07:27:19.603 16631 16637 W .apps.wellbeing: ApkAssets: Deleting an ApkAssets object '<empty> and /data/app/~~Kwe0l8a98YAAdlScUZuavQ==/com.motorola.aiservices-ZB2a1J8vfFn8fMkcJM0XYQ==/split_adaptivebrightness.apk' with 1 weak references
09-18 07:27:19.603 16631 16637 W .apps.wellbeing: ApkAssets: Deleting an ApkAssets object '<empty> and /data/app/~~Kwe0l8a98YAAdlScUZuavQ==/com.motorola.aiservices-ZB2a1J8vfFn8fMkcJM0XYQ==/split_adaptivebrightness.config.arm64_v8a.apk' with 1 weak references
09-18 07:27:19.603  2153  6031 D InputMethodManagerService: applyImeVisibility setVisible = true; mCurClient = ClientState{f591bc5 mUid=10395 mPid=11459 mSelfReportedDisplayId=0}
09-18 07:27:19.603 16631 16637 W .apps.wellbeing: ApkAssets: Deleting an ApkAssets object '<empty> and /data/app/~~Kwe0l8a98YAAdlScUZuavQ==/com.motorola.aiservices-ZB2a1J8vfFn8fMkcJM0XYQ==/split_adaptiveicons.apk' with 1 weak references
09-18 07:27:19.603 16631 16637 W .apps.wellbeing: ApkAssets: Deleting an ApkAssets object '<empty> and /data/app/~~Kwe0l8a98YAAdlScUZuavQ==/com.motorola.aiservices-ZB2a1J8vfFn8fMkcJM0XYQ==/split_config.arm64_v8a.apk' with 1 weak references
09-18 07:27:19.603 16631 16637 W .apps.wellbeing: ApkAssets: Deleting an ApkAssets object '<empty> and /data/app/~~Kwe0l8a98YAAdlScUZuavQ==/com.motorola.aiservices-ZB2a1J8vfFn8fMkcJM0XYQ==/split_config.xhdpi.apk' with 1 weak references
09-18 07:27:19.603 16631 16637 W .apps.wellbeing: ApkAssets: Deleting an ApkAssets object '<empty> and /data/app/~~Kwe0l8a98YAAdlScUZuavQ==/com.motorola.aiservices-ZB2a1J8vfFn8fMkcJM0XYQ==/split_phishing.apk' with 1 weak references
09-18 07:27:19.604 16631 16637 W .apps.wellbeing: ApkAssets: Deleting an ApkAssets object '<empty> and /system/priv-app/CredentialManager/CredentialManager.apk' with 1 weak references
09-18 07:27:19.604 16631 16637 W .apps.wellbeing: ApkAssets: Deleting an ApkAssets object '<empty> and /system_ext/priv-app/LifetimeData/LifetimeData.apk' with 1 weak references
09-18 07:27:19.605 16631 16637 W .apps.wellbeing: ApkAssets: Deleting an ApkAssets object '<empty> and /system/priv-app/AppDirectedSmsProxy/AppDirectedSmsProxy.apk' with 1 weak references
09-18 07:27:19.605 11459 11459 D InsetsController: show(ime(), fromIme=true)
09-18 07:27:19.605 16631 16637 W .apps.wellbeing: ApkAssets: Deleting an ApkAssets object '<empty> and /data/app/~~pjGsyf4UQQuh3Hic9D38Pg==/com.square_enix.android_googleplay.dq6-ni77hNqa7ppGWt4zpSc2KQ==/base.apk' with 1 weak references
09-18 07:27:19.605 11459 11459 I ImeTracker: com.termux:875244b: onCancelled at PHASE_CLIENT_APPLY_ANIMATION
09-18 07:27:19.605 16631 16637 W .apps.wellbeing: ApkAssets: Deleting an ApkAssets object '<empty> and /data/app/~~pjGsyf4UQQuh3Hic9D38Pg==/com.square_enix.android_googleplay.dq6-ni77hNqa7ppGWt4zpSc2KQ==/split_UnityDataAssetPack.apk' with 1 weak references
09-18 07:27:19.606 16631 16637 W .apps.wellbeing: ApkAssets: Deleting an ApkAssets object '<empty> and /data/app/~~pjGsyf4UQQuh3Hic9D38Pg==/com.square_enix.android_googleplay.dq6-ni77hNqa7ppGWt4zpSc2KQ==/split_config.arm64_v8a.apk' with 1 weak references
09-18 07:27:19.606 16631 16637 W .apps.wellbeing: ApkAssets: Deleting an ApkAssets object '<empty> and /system/priv-app/ProxyHandler/ProxyHandler.apk' with 1 weak references
09-18 07:27:19.609 16631 16637 W .apps.wellbeing: ApkAssets: Deleting an ApkAssets object '<empty> and /apex/com.android.permission/priv-app/GoogleSafetyCenterResources@361154140/GoogleSafetyCenterResources.apk' with 1 weak references
09-18 07:27:19.609 16631 16637 W .apps.wellbeing: ApkAssets: Deleting an ApkAssets object '/product/overlay/MotoSafetyCenterResourceOverlay.apk' with 1 weak references
09-18 07:27:19.610 16631 16637 W .apps.wellbeing: ApkAssets: Deleting an ApkAssets object '<empty> and /product/overlay/DisplayCutoutEmulationWaterfall/DisplayCutoutEmulationWaterfallOverlay.apk' with 1 weak references
09-18 07:27:19.610 16631 16637 W .apps.wellbeing: ApkAssets: Deleting an ApkAssets object '<empty> and /system/priv-app/IntentResolver/IntentResolver.apk' with 1 weak references
09-18 07:27:19.610  1186  1307 D SurfaceFlinger: setDesiredDisplayModeSpecs: by process 2153
09-18 07:27:19.611 16631 16637 W .apps.wellbeing: ApkAssets: Deleting an ApkAssets object '<empty> and /product/app/ThermalService/ThermalService.apk' with 1 weak references
09-18 07:27:19.611 16631 16637 W .apps.wellbeing: ApkAssets: Deleting an ApkAssets object '<empty> and /product/priv-app/TMOConfig/TMOConfig.apk' with 1 weak references
09-18 07:27:19.612 16631 16637 W .apps.wellbeing: ApkAssets: Deleting an ApkAssets object '<empty> and /data/app/~~WjUOrI7DNu3yFmNbxjf45Q==/org.videolan.vlc-FLb6gWg0maR633k4ImMutw==/base.apk' with 1 weak references
09-18 07:27:19.615 16631 16637 W .apps.wellbeing: ApkAssets: Deleting an ApkAssets object '<empty> and /data/app/~~WjUOrI7DNu3yFmNbxjf45Q==/org.videolan.vlc-FLb6gWg0maR633k4ImMutw==/split_config.arm64_v8a.apk' with 1 weak references
09-18 07:27:19.616 16631 16637 W .apps.wellbeing: ApkAssets: Deleting an ApkAssets object '<empty> and /data/app/~~WjUOrI7DNu3yFmNbxjf45Q==/org.videolan.vlc-FLb6gWg0maR633k4ImMutw==/split_config.xhdpi.apk' with 1 weak references
09-18 07:27:19.616 16631 16637 W .apps.wellbeing: ApkAssets: Deleting an ApkAssets object '<empty> and /data/app/~~DNS7iRkwfPbAvmRJcEXLuQ==/jp.pokemon.pokemonhome-buYzBFxFKCyJz3O7NJ-Icg==/base.apk' with 1 weak references
09-18 07:27:19.617  1186  1186 D RefreshRateSelector: constructAvailableRefreshRates: {defaultModeId=0, allowGroupSwitching=false, primaryRanges={physical=[60.00 Hz, inf Hz], render=[60.00 Hz, 60.00 Hz]}, appRequestRanges={physical=[0.00 Hz, inf Hz], render=[0.00 Hz, 90.00 Hz]}} 
09-18 07:27:19.617  1186  1186 D RefreshRateSelector: primary render rates: 60.00 Hz (60.00 Hz) 
09-18 07:27:19.617  1186  1186 D RefreshRateSelector: app request render rates: 20.00 Hz (60.00 Hz) 22.50 Hz (90.00 Hz) 30.00 Hz (60.00 Hz) 45.00 Hz (90.00 Hz) 60.00 Hz (60.00 Hz) 90.00 Hz (90.00 Hz) 
09-18 07:27:19.617  1186  1186 I RefreshRateSelector: constructAvailableRefreshRates: Found m60HzRefreshRateModeOpt at index 0
09-18 07:27:19.617  1186  1186 D RefreshRateSelector: Special render rates: 
09-18 07:27:19.617  1186  1186 D RefreshRateSelector: [-218041700:0:0]: mTouchBoostRefreshRateAvailable=0, mScrollBoostRefreshRateAvailable=0
09-18 07:27:19.617  1186  1186 I RefreshRateSelector: Display 4630946747577212033 policy changed
09-18 07:27:19.617  1186  1186 I RefreshRateSelector: Previous: {defaultModeId=0, allowGroupSwitching=false, primaryRanges={physical=[60.00 Hz, inf Hz], render=[60.00 Hz, 90.00 Hz]}, appRequestRanges={physical=[0.00 Hz, inf Hz], render=[0.00 Hz, 90.00 Hz]}}
09-18 07:27:19.617  1186  1186 I RefreshRateSelector: Current:  DisplayManagerPolicy{defaultModeId=0, allowGroupSwitching=false, primaryRanges={physical=[60.00 Hz, inf Hz], render=[60.00 Hz, 60.00 Hz]}, appRequestRanges={physical=[0.00 Hz, inf Hz], render=[0.00 Hz, 90.00 Hz]}}
09-18 07:27:19.617  1186  1186 I RefreshRateSelector: 1 mode changes were performed under the previous policy
09-18 07:27:19.617  1186  1186 D SurfaceFlinger: Setting desired display mode specs: {defaultModeId=0, allowGroupSwitching=false, primaryRanges={physical=[60.00 Hz, inf Hz], render=[60.00 Hz, 60.00 Hz]}, appRequestRanges={physical=[0.00 Hz, inf Hz], render=[0.00 Hz, 90.00 Hz]}} for display 4630946747577212033
09-18 07:27:19.617  1186  1186 I SurfaceFlinger: Switching to Scheduler preferred mode 0 (60.00 Hz)
09-18 07:27:19.617  1186  1186 W ComposerExtn: DisplayExtnImpl::SetActiveConfig: HWC Display 0 is not registered!
09-18 07:27:19.618 16631 16637 W .apps.wellbeing: ApkAssets: Deleting an ApkAssets object '<empty> and /data/app/~~ByuTUzsZN10SxevD6NqIYA==/io.github.muntashirakon.AppManager-BV13v7lixtI94vHiJat8Pw==/base.apk' with 1 weak references
09-18 07:27:19.620 16631 16637 W .apps.wellbeing: ApkAssets: Deleting an ApkAssets object '<empty> and /product/overlay/TransparentNavigationBar/TransparentNavigationBarOverlay.apk' with 1 weak references
09-18 07:27:19.621  1186  1186 I SurfaceFlinger: setActiveModeInHwcIfNeeded changing active mode to 0(60.00 Hz) for display 4630946747577212033
09-18 07:27:19.626  1092  1201 W SDM     : HWDeviceDRM::GetSupportedBitClkRate: Requested rate not supported: 0
09-18 07:27:19.626  1092  1201 I SDM     : HWDeviceDRM::UpdateMixerAttributes: Mixer WxH 720x1600-0 for Peripheral
09-18 07:27:19.626  1092  1201 I SDM     : HWCDisplay::SubmitDisplayConfig: Active configuration changed to: 0
09-18 07:27:19.629 16631 16637 W .apps.wellbeing: ApkAssets: Deleting an ApkAssets object '<empty> and /product/priv-app/AttVisualVoicemail/AttVisualVoicemail.apk' with 1 weak references
09-18 07:27:19.629 16631 16637 W .apps.wellbeing: ApkAssets: Deleting an ApkAssets object '<empty> and /data/app/~~9SOghTPuWO7sozvxNmz8ZQ==/com.zhiliaoapp.musically-el_Po0Xutfv674pnbnwoVA==/base.apk' with 1 weak references
09-18 07:27:19.630 16631 16637 W .apps.wellbeing: ApkAssets: Deleting an ApkAssets object '<empty> and /data/app/~~9SOghTPuWO7sozvxNmz8ZQ==/com.zhiliaoapp.musically-el_Po0Xutfv674pnbnwoVA==/split_config.arm64_v8a.apk' with 1 weak references
09-18 07:27:19.630 16631 16637 W .apps.wellbeing: ApkAssets: Deleting an ApkAssets object '<empty> and /data/app/~~9SOghTPuWO7sozvxNmz8ZQ==/com.zhiliaoapp.musically-el_Po0Xutfv674pnbnwoVA==/split_config.en.apk' with 1 weak references
09-18 07:27:19.631 16631 16637 W .apps.wellbeing: ApkAssets: Deleting an ApkAssets object '<empty> and /data/app/~~9SOghTPuWO7sozvxNmz8ZQ==/com.zhiliaoapp.musically-el_Po0Xutfv674pnbnwoVA==/split_config.xhdpi.apk' with 1 weak references
09-18 07:27:19.631 16631 16637 W .apps.wellbeing: ApkAssets: Deleting an ApkAssets object '<empty> and /data/app/~~9SOghTPuWO7sozvxNmz8ZQ==/com.zhiliaoapp.musically-el_Po0Xutfv674pnbnwoVA==/split_df_a_dex.apk' with 1 weak references
09-18 07:27:19.631 16631 16637 W .apps.wellbeing: ApkAssets: Deleting an ApkAssets object '<empty> and /data/app/~~9SOghTPuWO7sozvxNmz8ZQ==/com.zhiliaoapp.musically-el_Po0Xutfv674pnbnwoVA==/split_df_camera_biz.apk' with 1 weak references
09-18 07:27:19.631 16631 16637 W .apps.wellbeing: ApkAssets: Deleting an ApkAssets object '<empty> and /data/app/~~9SOghTPuWO7sozvxNmz8ZQ==/com.zhiliaoapp.musically-el_Po0Xutfv674pnbnwoVA==/split_df_camera_biz.config.arm64_v8a.apk' with 1 weak references
09-18 07:27:19.631 16631 16637 W .apps.wellbeing: ApkAssets: Deleting an ApkAssets object '<empty> and /data/app/~~9SOghTPuWO7sozvxNmz8ZQ==/com.zhiliaoapp.musically-el_Po0Xutfv674pnbnwoVA==/split_df_ccdc_impl_ocr.apk' with 1 weak references
09-18 07:27:19.631 16631 16637 W .apps.wellbeing: ApkAssets: Deleting an ApkAssets object '<empty> and /data/app/~~9SOghTPuWO7sozvxNmz8ZQ==/com.zhiliaoapp.musically-el_Po0Xutfv674pnbnwoVA==/split_df_ccdc_impl_ocr.config.arm64_v8a.apk' with 1 weak references
09-18 07:27:19.631 16631 16637 W .apps.wellbeing: ApkAssets: Deleting an ApkAssets object '<empty> and /data/app/~~9SOghTPuWO7sozvxNmz8ZQ==/com.zhiliaoapp.musically-el_Po0Xutfv674pnbnwoVA==/split_df_ccdc_impl_ocr.config.xhdpi.apk' with 1 weak references
09-18 07:27:19.632 16631 16637 W .apps.wellbeing: ApkAssets: Deleting an ApkAssets object '<empty> and /data/app/~~9SOghTPuWO7sozvxNmz8ZQ==/com.zhiliaoapp.musically-el_Po0Xutfv674pnbnwoVA==/split_df_gemini_nano.apk' with 1 weak references
09-18 07:27:19.632 16631 16637 W .apps.wellbeing: ApkAssets: Deleting an ApkAssets object '<empty> and /data/app/~~9SOghTPuWO7sozvxNmz8ZQ==/com.zhiliaoapp.musically-el_Po0Xutfv674pnbnwoVA==/split_df_gemini_nano.config.arm64_v8a.apk' with 1 weak references
09-18 07:27:19.632 16631 16637 W .apps.wellbeing: ApkAssets: Deleting an ApkAssets object '<empty> and /data/app/~~9SOghTPuWO7sozvxNmz8ZQ==/com.zhiliaoapp.musically-el_Po0Xutfv674pnbnwoVA==/split_df_im_bootfinish.apk' with 1 weak references
09-18 07:27:19.632 16631 16637 W .apps.wellbeing: ApkAssets: Deleting an ApkAssets object '<empty> and /data/app/~~9SOghTPuWO7sozvxNmz8ZQ==/com.zhiliaoapp.musically-el_Po0Xutfv674pnbnwoVA==/split_df_im_bootfinish.config.arm64_v8a.apk' with 1 weak references
09-18 07:27:19.632 16631 16637 W .apps.wellbeing: ApkAssets: Deleting an ApkAssets object '<empty> and /data/app/~~9SOghTPuWO7sozvxNmz8ZQ==/com.zhiliaoapp.musically-el_Po0Xutfv674pnbnwoVA==/split_df_kakao.apk' with 1 weak references
09-18 07:27:19.632 16631 16637 W .apps.wellbeing: ApkAssets: Deleting an ApkAssets object '<empty> and /data/app/~~9SOghTPuWO7sozvxNmz8ZQ==/com.zhiliaoapp.musically-el_Po0Xutfv674pnbnwoVA==/split_df_kakao.config.arm64_v8a.apk' with 1 weak references
09-18 07:27:19.632 16631 16637 W .apps.wellbeing: ApkAssets: Deleting an ApkAssets object '<empty> and /data/app/~~9SOghTPuWO7sozvxNmz8ZQ==/com.zhiliaoapp.musically-el_Po0Xutfv674pnbnwoVA==/split_df_kids_mode.apk' with 1 weak references
09-18 07:27:19.632 16631 16637 W .apps.wellbeing: ApkAssets: Deleting an ApkAssets object '<empty> and /data/app/~~9SOghTPuWO7sozvxNmz8ZQ==/com.zhiliaoapp.musically-el_Po0Xutfv674pnbnwoVA==/split_df_kids_mode.config.arm64_v8a.apk' with 1 weak references
09-18 07:27:19.632 16631 16637 W .apps.wellbeing: ApkAssets: Deleting an ApkAssets object '<empty> and /data/app/~~9SOghTPuWO7sozvxNmz8ZQ==/com.zhiliaoapp.musically-el_Po0Xutfv674pnbnwoVA==/split_df_line.apk' with 1 weak references
09-18 07:27:19.632 16631 16637 W .apps.wellbeing: ApkAssets: Deleting an ApkAssets object '<empty> and /data/app/~~9SOghTPuWO7sozvxNmz8ZQ==/com.zhiliaoapp.musically-el_Po0Xutfv674pnbnwoVA==/split_df_line.config.arm64_v8a.apk' with 1 weak references
09-18 07:27:19.632 16631 16637 W .apps.wellbeing: ApkAssets: Deleting an ApkAssets object '<empty> and /data/app/~~9SOghTPuWO7sozvxNmz8ZQ==/com.zhiliaoapp.musically-el_Po0Xutfv674pnbnwoVA==/split_df_line_nonus.apk' with 1 weak references
09-18 07:27:19.632 16631 16637 W .apps.wellbeing: ApkAssets: Deleting an ApkAssets object '<empty> and /data/app/~~9SOghTPuWO7sozvxNmz8ZQ==/com.zhiliaoapp.musically-el_Po0Xutfv674pnbnwoVA==/split_df_live_cast.apk' with 1 weak references
09-18 07:27:19.632 16631 16637 W .apps.wellbeing: ApkAssets: Deleting an ApkAssets object '<empty> and /data/app/~~9SOghTPuWO7sozvxNmz8ZQ==/com.zhiliaoapp.musically-el_Po0Xutfv674pnbnwoVA==/split_df_live_cast.config.arm64_v8a.apk' with 1 weak references
09-18 07:27:19.632 16631 16637 W .apps.wellbeing: ApkAssets: Deleting an ApkAssets object '<empty> and /data/app/~~9SOghTPuWO7sozvxNmz8ZQ==/com.zhiliaoapp.musically-el_Po0Xutfv674pnbnwoVA==/split_df_live_cast.config.en.apk' with 1 weak references
09-18 07:27:19.633 16631 16637 W .apps.wellbeing: ApkAssets: Deleting an ApkAssets object '<empty> and /data/app/~~9SOghTPuWO7sozvxNmz8ZQ==/com.zhiliaoapp.musically-el_Po0Xutfv674pnbnwoVA==/split_df_live_cast.config.xhdpi.apk' with 1 weak references
09-18 07:27:19.633 16631 16637 W .apps.wellbeing: ApkAssets: Deleting an ApkAssets object '<empty> and /data/app/~~9SOghTPuWO7sozvxNmz8ZQ==/com.zhiliaoapp.musically-el_Po0Xutfv674pnbnwoVA==/split_df_live_cmaf.apk' with 1 weak references
09-18 07:27:19.633 16631 16637 W .apps.wellbeing: ApkAssets: Deleting an ApkAssets object '<empty> and /data/app/~~9SOghTPuWO7sozvxNmz8ZQ==/com.zhiliaoapp.musically-el_Po0Xutfv674pnbnwoVA==/split_df_live_cmaf.config.arm64_v8a.apk' with 1 weak references
09-18 07:27:19.633 16631 16637 W .apps.wellbeing: ApkAssets: Deleting an ApkAssets object '<empty> and /data/app/~~9SOghTPuWO7sozvxNmz8ZQ==/com.zhiliaoapp.musically-el_Po0Xutfv674pnbnwoVA==/split_df_live_p2p.apk' with 1 weak references
09-18 07:27:19.633 16631 16637 W .apps.wellbeing: ApkAssets: Deleting an ApkAssets object '<empty> and /data/app/~~9SOghTPuWO7sozvxNmz8ZQ==/com.zhiliaoapp.musically-el_Po0Xutfv674pnbnwoVA==/split_df_live_p2p.config.arm64_v8a.apk' with 1 weak references
09-18 07:27:19.633 16631 16637 W .apps.wellbeing: ApkAssets: Deleting an ApkAssets object '<empty> and /data/app/~~9SOghTPuWO7sozvxNmz8ZQ==/com.zhiliaoapp.musically-el_Po0Xutfv674pnbnwoVA==/split_df_live_quic.apk' with 1 weak references
09-18 07:27:19.633 16631 16637 W .apps.wellbeing: ApkAssets: Deleting an ApkAssets object '<empty> and /data/app/~~9SOghTPuWO7sozvxNmz8ZQ==/com.zhiliaoapp.musically-el_Po0Xutfv674pnbnwoVA==/split_df_live_quic.config.arm64_v8a.apk' with 1 weak references
09-18 07:27:19.633 16631 16637 W .apps.wellbeing: ApkAssets: Deleting an ApkAssets object '<empty> and /data/app/~~9SOghTPuWO7sozvxNmz8ZQ==/com.zhiliaoapp.musically-el_Po0Xutfv674pnbnwoVA==/split_df_live_rtmglobal.apk' with 1 weak references
09-18 07:27:19.633 16631 16637 W .apps.wellbeing: ApkAssets: Deleting an ApkAssets object '<empty> and /data/app/~~9SOghTPuWO7sozvxNmz8ZQ==/com.zhiliaoapp.musically-el_Po0Xutfv674pnbnwoVA==/split_df_live_rtmglobal.config.arm64_v8a.apk' with 1 weak references
09-18 07:27:19.633 16631 16637 W .apps.wellbeing: ApkAssets: Deleting an ApkAssets object '<empty> and /data/app/~~9SOghTPuWO7sozvxNmz8ZQ==/com.zhiliaoapp.musically-el_Po0Xutfv674pnbnwoVA==/split_df_location.apk' with 1 weak references
09-18 07:27:19.633 16631 16637 W .apps.wellbeing: ApkAssets: Deleting an ApkAssets object '<empty> and /data/app/~~9SOghTPuWO7sozvxNmz8ZQ==/com.zhiliaoapp.musically-el_Po0Xutfv674pnbnwoVA==/split_df_location.config.arm64_v8a.apk' with 1 weak references
09-18 07:27:19.633 16631 16637 W .apps.wellbeing: ApkAssets: Deleting an ApkAssets object '<empty> and /data/app/~~9SOghTPuWO7sozvxNmz8ZQ==/com.zhiliaoapp.musically-el_Po0Xutfv674pnbnwoVA==/split_df_music_dsp.apk' with 1 weak references
09-18 07:27:19.634 16631 16637 W .apps.wellbeing: ApkAssets: Deleting an ApkAssets object '<empty> and /data/app/~~9SOghTPuWO7sozvxNmz8ZQ==/com.zhiliaoapp.musically-el_Po0Xutfv674pnbnwoVA==/split_df_music_dsp.config.arm64_v8a.apk' with 1 weak references
09-18 07:27:19.634 16631 16637 W .apps.wellbeing: ApkAssets: Deleting an ApkAssets object '<empty> and /data/app/~~9SOghTPuWO7sozvxNmz8ZQ==/com.zhiliaoapp.musically-el_Po0Xutfv674pnbnwoVA==/split_df_music_dsp.config.en.apk' with 1 weak references
09-18 07:27:19.634 16631 16637 W .apps.wellbeing: ApkAssets: Deleting an ApkAssets object '<empty> and /data/app/~~9SOghTPuWO7sozvxNmz8ZQ==/com.zhiliaoapp.musically-el_Po0Xutfv674pnbnwoVA==/split_df_music_dsp.config.xhdpi.apk' with 1 weak references
09-18 07:27:19.635 16631 16637 W .apps.wellbeing: ApkAssets: Deleting an ApkAssets object '<empty> and /data/app/~~9SOghTPuWO7sozvxNmz8ZQ==/com.zhiliaoapp.musically-el_Po0Xutfv674pnbnwoVA==/split_df_pitaya.apk' with 1 weak references
09-18 07:27:19.635 16631 16637 W .apps.wellbeing: ApkAssets: Deleting an ApkAssets object '<empty> and /data/app/~~9SOghTPuWO7sozvxNmz8ZQ==/com.zhiliaoapp.musically-el_Po0Xutfv674pnbnwoVA==/split_df_pitaya.config.arm64_v8a.apk' with 1 weak references
09-18 07:27:19.635 16631 16637 W .apps.wellbeing: ApkAssets: Deleting an ApkAssets object '<empty> and /data/app/~~9SOghTPuWO7sozvxNmz8ZQ==/com.zhiliaoapp.musically-el_Po0Xutfv674pnbnwoVA==/split_df_player.apk' with 1 weak references
09-18 07:27:19.635 16631 16637 W .apps.wellbeing: ApkAssets: Deleting an ApkAssets object '<empty> and /data/app/~~9SOghTPuWO7sozvxNmz8ZQ==/com.zhiliaoapp.musically-el_Po0Xutfv674pnbnwoVA==/split_df_player.config.arm64_v8a.apk' with 1 weak references
09-18 07:27:19.635 16631 16637 W .apps.wellbeing: ApkAssets: Deleting an ApkAssets object '<empty> and /data/app/~~9SOghTPuWO7sozvxNmz8ZQ==/com.zhiliaoapp.musically-el_Po0Xutfv674pnbnwoVA==/split_df_player_optional.apk' with 1 weak references
09-18 07:27:19.635 16631 16637 W .apps.wellbeing: ApkAssets: Deleting an ApkAssets object '<empty> and /data/app/~~9SOghTPuWO7sozvxNmz8ZQ==/com.zhiliaoapp.musically-el_Po0Xutfv674pnbnwoVA==/split_df_player_optional.config.arm64_v8a.apk' with 1 weak references
09-18 07:27:19.635 16631 16637 W .apps.wellbeing: ApkAssets: Deleting an ApkAssets object '<empty> and /data/app/~~9SOghTPuWO7sozvxNmz8ZQ==/com.zhiliaoapp.musically-el_Po0Xutfv674pnbnwoVA==/split_df_pns_biz.apk' with 1 weak references
09-18 07:27:19.635 16631 16637 W .apps.wellbeing: ApkAssets: Deleting an ApkAssets object '<empty> and /data/app/~~9SOghTPuWO7sozvxNmz8ZQ==/com.zhiliaoapp.musically-el_Po0Xutfv674pnbnwoVA==/split_df_pns_biz.config.arm64_v8a.apk' with 1 weak references
09-18 07:27:19.635  1092  1201 I SDM     : HWDeviceDRM::SetDisplaySwitchMode: Mode 0 already set
09-18 07:27:19.635 16631 16637 W .apps.wellbeing: ApkAssets: Deleting an ApkAssets object '<empty> and /data/app/~~9SOghTPuWO7sozvxNmz8ZQ==/com.zhiliaoapp.musically-el_Po0Xutfv674pnbnwoVA==/split_df_search_biz.apk' with 1 weak references
09-18 07:27:19.635 16631 16637 W .apps.wellbeing: ApkAssets: Deleting an ApkAssets object '<empty> and /data/app/~~9SOghTPuWO7sozvxNmz8ZQ==/com.zhiliaoapp.musically-el_Po0Xutfv674pnbnwoVA==/split_df_search_biz.config.arm64_v8a.apk' with 1 weak references
09-18 07:27:19.635 16631 16637 W .apps.wellbeing: ApkAssets: Deleting an ApkAssets object '<empty> and /data/app/~~9SOghTPuWO7sozvxNmz8ZQ==/com.zhiliaoapp.musically-el_Po0Xutfv674pnbnwoVA==/split_df_ship.apk' with 1 weak references
09-18 07:27:19.635 16631 16637 W .apps.wellbeing: ApkAssets: Deleting an ApkAssets object '<empty> and /data/app/~~9SOghTPuWO7sozvxNmz8ZQ==/com.zhiliaoapp.musically-el_Po0Xutfv674pnbnwoVA==/split_df_ship.config.arm64_v8a.apk' with 1 weak references
09-18 07:27:19.635 16631 16637 W .apps.wellbeing: ApkAssets: Deleting an ApkAssets object '<empty> and /data/app/~~9SOghTPuWO7sozvxNmz8ZQ==/com.zhiliaoapp.musically-el_Po0Xutfv674pnbnwoVA==/split_df_ship.config.en.apk' with 1 weak references
09-18 07:27:19.635 16631 16637 W .apps.wellbeing: ApkAssets: Deleting an ApkAssets object '<empty> and /data/app/~~9SOghTPuWO7sozvxNmz8ZQ==/com.zhiliaoapp.musically-el_Po0Xutfv674pnbnwoVA==/split_df_tiktok_font.apk' with 1 weak references
09-18 07:27:19.635 16631 16637 W .apps.wellbeing: ApkAssets: Deleting an ApkAssets object '<empty> and /data/app/~~9SOghTPuWO7sozvxNmz8ZQ==/com.zhiliaoapp.musically-el_Po0Xutfv674pnbnwoVA==/split_df_ttwebview.apk' with 1 weak references
09-18 07:27:19.635 16631 16637 W .apps.wellbeing: ApkAssets: Deleting an ApkAssets object '<empty> and /data/app/~~9SOghTPuWO7sozvxNmz8ZQ==/com.zhiliaoapp.musically-el_Po0Xutfv674pnbnwoVA==/split_df_ttwebview.config.arm64_v8a.apk' with 1 weak references
09-18 07:27:19.635 16631 16637 W .apps.wellbeing: ApkAssets: Deleting an ApkAssets object '<empty> and /data/app/~~9SOghTPuWO7sozvxNmz8ZQ==/com.zhiliaoapp.musically-el_Po0Xutfv674pnbnwoVA==/split_df_vmsdk.apk' with 1 weak references
09-18 07:27:19.636 16631 16637 W .apps.wellbeing: ApkAssets: Deleting an ApkAssets object '<empty> and /data/app/~~9SOghTPuWO7sozvxNmz8ZQ==/com.zhiliaoapp.musically-el_Po0Xutfv674pnbnwoVA==/split_df_vmsdk.config.arm64_v8a.apk' with 1 weak references
09-18 07:27:19.636 16631 16637 W .apps.wellbeing: ApkAssets: Deleting an ApkAssets object '<empty> and /data/app/~~9SOghTPuWO7sozvxNmz8ZQ==/com.zhiliaoapp.musically-el_Po0Xutfv674pnbnwoVA==/split_df_wallpaper_main.apk' with 1 weak references
09-18 07:27:19.636 16631 16637 W .apps.wellbeing: ApkAssets: Deleting an ApkAssets object '<empty> and /data/app/~~9SOghTPuWO7sozvxNmz8ZQ==/com.zhiliaoapp.musically-el_Po0Xutfv674pnbnwoVA==/split_df_wallpaper_main.config.arm64_v8a.apk' with 1 weak references
09-18 07:27:19.638 16631 16637 W .apps.wellbeing: ApkAssets: Deleting an ApkAssets object '<empty> and /apex/com.android.tethering/priv-app/ServiceConnectivityResourcesGoogle@361153320/ServiceConnectivityResourcesGoogle.apk' with 1 weak references
09-18 07:27:19.638 16631 16637 W .apps.wellbeing: ApkAssets: Deleting an ApkAssets object '/product/overlay/MotoServiceConnectivityResOverlay.apk' with 1 weak references
09-18 07:27:19.639 16631 16637 W .apps.wellbeing: ApkAssets: Deleting an ApkAssets object '<empty> and /system_ext/priv-app/GoogleFeedback/GoogleFeedback.apk' with 1 weak references
09-18 07:27:19.639 16631 16637 W .apps.wellbeing: ApkAssets: Deleting an ApkAssets object '<empty> and /system/app/GooglePrintRecommendationService/GooglePrintRecommendationService.apk' with 1 weak references
09-18 07:27:19.639 15273 15573 I NetworkScheduler.Stats: (REDACTED) Task %s/%s started execution. cause:%s exec_start_elapsed_seconds: %s
09-18 07:27:19.640 15273 15573 I NetworkScheduler.Stats: (REDACTED) Task %s/%s started execution. cause:%s exec_start_elapsed_seconds: %s
09-18 07:27:19.640 16631 16637 W .apps.wellbeing: ApkAssets: Deleting an ApkAssets object '<empty> and /data/app/~~5efhjORQPhd2AtLb4LWyIA==/com.google.android.apps.photos-0w8_eQLH5TDy20eWwqylEA==/base.apk' with 1 weak references
09-18 07:27:19.640 16631 16637 W .apps.wellbeing: ApkAssets: Deleting an ApkAssets object '<empty> and /data/app/~~5efhjORQPhd2AtLb4LWyIA==/com.google.android.apps.photos-0w8_eQLH5TDy20eWwqylEA==/split_config.arm64_v8a.apk' with 1 weak references
09-18 07:27:19.640 16631 16637 W .apps.wellbeing: ApkAssets: Deleting an ApkAssets object '<empty> and /data/app/~~5efhjORQPhd2AtLb4LWyIA==/com.google.android.apps.photos-0w8_eQLH5TDy20eWwqylEA==/split_config.en.apk' with 1 weak references
09-18 07:27:19.640 16631 16637 W .apps.wellbeing: ApkAssets: Deleting an ApkAssets object '<empty> and /data/app/~~5efhjORQPhd2AtLb4LWyIA==/com.google.android.apps.photos-0w8_eQLH5TDy20eWwqylEA==/split_config.xhdpi.apk' with 1 weak references
09-18 07:27:19.641 15273 17045 I PlayGamesServices[GamesSyncAdapter]: Starting sync for 6bddb14f
09-18 07:27:19.641  2153  2396 D ActivityManager: freezing 16706 com.google.android.apps.nbu.files, reason = oom_cached
09-18 07:27:19.642 16631 16637 W .apps.wellbeing: ApkAssets: Deleting an ApkAssets object '<empty> and /data/app/~~pANqr_n_7q1pk9VjyvRjbA==/com.google.android.calendar-pl_7NxyWMBhO_k-SI_qpIA==/base.apk' with 1 weak references
09-18 07:27:19.642 16631 16637 W .apps.wellbeing: ApkAssets: Deleting an ApkAssets object '<empty> and /data/app/~~pANqr_n_7q1pk9VjyvRjbA==/com.google.android.calendar-pl_7NxyWMBhO_k-SI_qpIA==/split_config.arm64_v8a.apk' with 1 weak references
09-18 07:27:19.642 15273 17045 I PlayGamesServices[GamesSyncAdapter]: Sync duration for 6bddb14f: 1
09-18 07:27:19.642 16631 16637 W .apps.wellbeing: ApkAssets: Deleting an ApkAssets object '<empty> and /data/app/~~pANqr_n_7q1pk9VjyvRjbA==/com.google.android.calendar-pl_7NxyWMBhO_k-SI_qpIA==/split_config.en.apk' with 1 weak references
09-18 07:27:19.643 16631 16637 W .apps.wellbeing: ApkAssets: Deleting an ApkAssets object '<empty> and /data/app/~~pANqr_n_7q1pk9VjyvRjbA==/com.google.android.calendar-pl_7NxyWMBhO_k-SI_qpIA==/split_config.xhdpi.apk' with 1 weak references
09-18 07:27:19.643 16631 16637 W .apps.wellbeing: ApkAssets: Deleting an ApkAssets object '<empty> and /system_ext/priv-app/AttIqi/AttIqi.apk' with 1 weak references
09-18 07:27:19.643 16631 16637 W .apps.wellbeing: ApkAssets: Deleting an ApkAssets object '<empty> and /system/priv-app/ManagedProvisioning/ManagedProvisioning.apk' with 1 weak references
09-18 07:27:19.644 16631 16637 W .apps.wellbeing: ApkAssets: Deleting an ApkAssets object '<empty> and /product/app/LauncherConfig/LauncherConfig.apk' with 1 weak references
09-18 07:27:19.644 16631 16637 W .apps.wellbeing: ApkAssets: Deleting an ApkAssets object '<empty> and /system/priv-app/SoundPicker/SoundPicker.apk' with 1 weak references
09-18 07:27:19.645 16631 16637 W .apps.wellbeing: ApkAssets: Deleting an ApkAssets object '<empty> and /data/app/~~3iqZYNuDZB1gkGJ-ZHDQ9w==/com.google.android.documentsui-dWyuJ1TSmvEyFBbOYY3VuA==/base.apk' with 1 weak references
09-18 07:27:19.645 16631 16637 W .apps.wellbeing: ApkAssets: Deleting an ApkAssets object '<empty> and /data/app/~~3iqZYNuDZB1gkGJ-ZHDQ9w==/com.google.android.documentsui-dWyuJ1TSmvEyFBbOYY3VuA==/split_config.xhdpi.apk' with 1 weak references
09-18 07:27:19.645 16631 16637 W .apps.wellbeing: ApkAssets: Deleting an ApkAssets object '/product/overlay/GoogleDocumentsUIOverlay.apk' with 1 weak references
09-18 07:27:19.646 16631 16637 W .apps.wellbeing: ApkAssets: Deleting an ApkAssets object '<empty> and /data/app/~~L1PPXsrDUdxQkA1_Lx2x0Q==/com.motorola.gamemode-s1NTXyUNiFpuJJA4sfSrbQ==/base.apk' with 1 weak references
09-18 07:27:19.646 16631 16637 W .apps.wellbeing: ApkAssets: Deleting an ApkAssets object '<empty> and /data/app/~~L1PPXsrDUdxQkA1_Lx2x0Q==/com.motorola.gamemode-s1NTXyUNiFpuJJA4sfSrbQ==/split_config.arm64_v8a.apk' with 1 weak references
09-18 07:27:19.647 16631 16637 W .apps.wellbeing: ApkAssets: Deleting an ApkAssets object '<empty> and /data/app/~~7w0oAN-MkunZ-Tv7n6i_9w==/com.google.android.accessibility.switchaccess-Uv_V79XpqCcdzoylgiFQ5g==/base.apk' with 1 weak references
09-18 07:27:19.647 16631 16637 W .apps.wellbeing: ApkAssets: Deleting an ApkAssets object '<empty> and /data/app/~~7w0oAN-MkunZ-Tv7n6i_9w==/com.google.android.accessibility.switchaccess-Uv_V79XpqCcdzoylgiFQ5g==/split_config.arm64_v8a.apk' with 1 weak references
09-18 07:27:19.648 16631 16637 W .apps.wellbeing: ApkAssets: Deleting an ApkAssets object '<empty> and /data/app/~~npJzBbIQMTjP8yvN-fMjMw==/com.google.mainline.telemetry-k8QA_Iff33jx4G6KgCC1QA==/base.apk' with 1 weak references
09-18 07:27:19.649 16631 16637 W .apps.wellbeing: ApkAssets: Deleting an ApkAssets object '<empty> and /system_ext/priv-app/SpectrumSetupExt/SpectrumSetupExt.apk' with 1 weak references
09-18 07:27:19.649  2153  2210 I DisplayDeviceRepository: Display device changed: DisplayDeviceInfo{"Built-in Screen": uniqueId="local:4630946747577212033", 720 x 1600, modeId 1, renderFrameRate 60.000004, defaultModeId 1, supportedModes [{id=1, width=720, height=1600, fps=60.000004, alternativeRefreshRates=[90.0], supportedHdrTypes=[]}, {id=2, width=720, height=1600, fps=90.0, alternativeRefreshRates=[60.000004], supportedHdrTypes=[]}], supportedReadyForModes [], colorMode 0, supportedColorModes [0, 7], hdrCapabilities HdrCapabilities{mSupportedHdrTypes=[], mMaxLuminance=500.0, mMaxAverageLuminance=500.0, mMinLuminance=0.0}, allmSupported false, gameContentTypeSupported false, density 280, 261.257 x 260.512 dpi, appVsyncOff 1000000, presDeadline 16666666, cutout DisplayCutout{insets=Rect(0, 80 - 0, 0) waterfall=Insets{left=0, top=0, right=0, bottom=0} boundingRect={Bounds=[Rect(0, 0 - 0, 0), Rect(325, 0 - 395, 80), Rect(0, 0 - 0, 0), Rect(0, 0 - 0, 0)]} cutoutPathParserInfo={CutoutPathParserInfo{displayWidth=720 displayHeight=1600 physicalDisplayWidth=720 physicalDisplayHeight=1600 density={1.75} cutoutSpec={M -35,0 L 35,0 L 35,80 L -35,80 Z} rotation={0} scale={1.0} physicalPixelDisplaySizeRatio={1.0}}}}, touch INTERNAL, rotation 0, type INTERNAL, address {port=129, model=0x40446d87f7171c}, deviceProductInfo DeviceProductInfo{name=, manufacturerPnpId=QCM, productId=1, modelYear=null, manufactureDate=ManufactureDate{week=27, year=2006}, connectionToSinkType=0}, state ON, committedState ON, frameRateOverride , brightnessMinimum 0.0, brightnessMaximum 1.0, brightnessDefault 0.4509804, hdrSdrRatio 1.0000783, roundedCorners RoundedCorners{[RoundedCorner{position=TopLeft, radius=36, center=Point(36, 36)}, RoundedCorner{position=TopRight, radius=36, center=Point(684, 36)}, RoundedCorner{position=BottomRight, radius=36, center=Point(684, 1564)}, RoundedCorner{position=BottomLeft, radius=36, center=Point(36, 1564)}]}, FLAG_ALLOWED_TO_BE_DEFAULT_DISPLAY, FLAG_ROTATES_WITH_CONTENT, FLAG_SECURE, FLAG_SUPPORTS_PROTECTED_BUFFERS, FLAG_TRUSTED, installOrientation 0, displayShape DisplayShape{ spec=2134893525 displayWidth=720 displayHeight=1600 physicalPixelDisplaySizeRatio=1.0 rotation=0 offsetX=0 offsetY=0 scale=1.0}}
09-18 07:27:19.650 16631 16637 W .apps.wellbeing: ApkAssets: Deleting an ApkAssets object '<empty> and /system_ext/priv-app/DemoMode/DemoMode.apk' with 1 weak references
09-18 07:27:19.650  1186  1186 I SurfaceFlinger: setActiveModeInHwcIfNeeded changing active mode to 0(60.00 Hz) for display 4630946747577212033
09-18 07:27:19.651 16631 16637 W .apps.wellbeing: ApkAssets: Deleting an ApkAssets object '<empty> and /product/priv-app/MotoHelp/MotoHelp.apk' with 1 weak references
09-18 07:27:19.651 16631 16637 W .apps.wellbeing: ApkAssets: Deleting an ApkAssets object '<empty> and /data/app/~~HNrD2Ksu0bSVXUj0ljYkdg==/com.motorola.moto-T2StRnpjTx4E6spOPs4SwQ==/base.apk' with 1 weak references
09-18 07:27:19.652 16631 16637 W .apps.wellbeing: ApkAssets: Deleting an ApkAssets object '<empty> and /data/app/~~HNrD2Ksu0bSVXUj0ljYkdg==/com.motorola.moto-T2StRnpjTx4E6spOPs4SwQ==/split_config.arm64_v8a.apk' with 1 weak references
09-18 07:27:19.652 16631 16637 W .apps.wellbeing: ApkAssets: Deleting an ApkAssets object '<empty> and /data/app/~~HNrD2Ksu0bSVXUj0ljYkdg==/com.motorola.moto-T2StRnpjTx4E6spOPs4SwQ==/split_config.en.apk' with 1 weak references
09-18 07:27:19.652 16631 16637 W .apps.wellbeing: ApkAssets: Deleting an ApkAssets object '<empty> and /data/app/~~HNrD2Ksu0bSVXUj0ljYkdg==/com.motorola.moto-T2StRnpjTx4E6spOPs4SwQ==/split_config.xhdpi.apk' with 1 weak references
09-18 07:27:19.652  2153  2210 D DisplayManagerService: Ignore redundant display event 0/2 to 10278/12683
09-18 07:27:19.652  2153  2210 D DisplayManagerService: Ignore redundant display event 0/2 to 10278/12753
09-18 07:27:19.652  2153  2210 D DisplayManagerService: Ignore redundant display event 0/2 to 10649/24828
09-18 07:27:19.652  2153  2210 D DisplayManagerService: Ignore redundant display event 0/2 to 10394/28817
09-18 07:27:19.654 16631 16637 W .apps.wellbeing: ApkAssets: Deleting an ApkAssets object '<empty> and /system_ext/priv-app/PAKS/PAKS.apk' with 1 weak references
09-18 07:27:19.655 16631 16637 W .apps.wellbeing: ApkAssets: Deleting an ApkAssets object '<empty> and /data/app/~~xkB3TVA8fhN8ykrP3MyjMA==/com.hichip.campro-Kg15-h3bQHyJOGCjTxZVBg==/base.apk' with 1 weak references
09-18 07:27:19.656 16631 16637 W .apps.wellbeing: ApkAssets: Deleting an ApkAssets object '<empty> and /product/priv-app/AttDeviceHelp/AttDeviceHelp.apk' with 1 weak references
09-18 07:27:19.657 16631 16637 W .apps.wellbeing: ApkAssets: Deleting an ApkAssets object '<empty> and /data/app/~~CZJz8CVsYMEoCbrsZw1eKg==/com.motorola.audiorecorder-aK4U5chhizM8IdxfIdrqjw==/base.apk' with 1 weak references
09-18 07:27:19.657 16631 16637 W .apps.wellbeing: ApkAssets: Deleting an ApkAssets object '<empty> and /data/app/~~CZJz8CVsYMEoCbrsZw1eKg==/com.motorola.audiorecorder-aK4U5chhizM8IdxfIdrqjw==/split_config.arm64_v8a.apk' with 1 weak references
09-18 07:27:19.658 16631 16637 W .apps.wellbeing: ApkAssets: Deleting an ApkAssets object '<empty> and /data/app/~~CZJz8CVsYMEoCbrsZw1eKg==/com.motorola.audiorecorder-aK4U5chhizM8IdxfIdrqjw==/split_config.en.apk' with 1 weak references
09-18 07:27:19.658 16631 16637 W .apps.wellbeing: ApkAssets: Deleting an ApkAssets object '<empty> and /data/app/~~CZJz8CVsYMEoCbrsZw1eKg==/com.motorola.audiorecorder-aK4U5chhizM8IdxfIdrqjw==/split_config.xhdpi.apk' with 1 weak references
09-18 07:27:19.658 16631 16637 W .apps.wellbeing: ApkAssets: Deleting an ApkAssets object '<empty> and /product/priv-app/MotoMultiVolume/MotoMultiVolume.apk' with 1 weak references
09-18 07:27:19.658 16631 16637 W .apps.wellbeing: ApkAssets: Deleting an ApkAssets object '/product/overlay/MotoAdaptiveVolumeOverlay.apk' with 1 weak references
09-18 07:27:19.659 16631 16637 W .apps.wellbeing: ApkAssets: Deleting an ApkAssets object '<empty> and /product/overlay/NotesRoleEnabled/NotesRoleEnabledOverlay.apk' with 1 weak references
09-18 07:27:19.659 16631 16637 W .apps.wellbeing: ApkAssets: Deleting an ApkAssets object '<empty> and /system/priv-app/LiveWallpapersPicker/LiveWallpapersPicker.apk' with 1 weak references
09-18 07:27:19.660 16631 16637 W .apps.wellbeing: ApkAssets: Deleting an ApkAssets object '<empty> and /product/priv-app/CarrierSettingsExt/CarrierSettingsExt.apk' with 1 weak references
09-18 07:27:19.660 16631 16637 W .apps.wellbeing: ApkAssets: Deleting an ApkAssets object '<empty> and /data/app/~~Ls_dPN5C3oYjFBDpola61g==/com.tribalfs.pixels-21Vt3RyWdWrS0jI8s32l4Q==/base.apk' with 1 weak references
09-18 07:27:19.660 16631 16637 W .apps.wellbeing: ApkAssets: Deleting an ApkAssets object '<empty> and /data/app/~~Ls_dPN5C3oYjFBDpola61g==/com.tribalfs.pixels-21Vt3RyWdWrS0jI8s32l4Q==/split_config.arm64_v8a.apk' with 1 weak references
09-18 07:27:19.660 16631 16637 W .apps.wellbeing: ApkAssets: Deleting an ApkAssets object '<empty> and /data/app/~~Ls_dPN5C3oYjFBDpola61g==/com.tribalfs.pixels-21Vt3RyWdWrS0jI8s32l4Q==/split_config.en.apk' with 1 weak references
09-18 07:27:19.660 16631 16637 W .apps.wellbeing: ApkAssets: Deleting an ApkAssets object '<empty> and /data/app/~~Ls_dPN5C3oYjFBDpola61g==/com.tribalfs.pixels-21Vt3RyWdWrS0jI8s32l4Q==/split_config.xhdpi.apk' with 1 weak references
09-18 07:27:19.661 16631 16637 W .apps.wellbeing: ApkAssets: Deleting an ApkAssets object '<empty> and /system_ext/priv-app/Fota/Fota.apk' with 1 weak references
09-18 07:27:19.661 15273 17045 W PlayGamesServices[DataBroker]: No player ID found when refreshing
09-18 07:27:19.661 15273 17045 W PlayGamesServices[DataBroker]: No player ID found when refreshing
09-18 07:27:19.661 15273 17045 W PlayGamesServices[DataBroker]: No player ID found when refreshing
09-18 07:27:19.662 16631 16637 W .apps.wellbeing: ApkAssets: Deleting an ApkAssets object '<empty> and /data/app/~~FujBn6NSI-_nirBNBL8TTg==/com.google.android.apps.youtube.kids-qZKQ6fUXp4V8sGHpLTkr3Q==/base.apk' with 1 weak references
09-18 07:27:19.662 16631 16637 W .apps.wellbeing: ApkAssets: Deleting an ApkAssets object '<empty> and /data/app/~~FujBn6NSI-_nirBNBL8TTg==/com.google.android.apps.youtube.kids-qZKQ6fUXp4V8sGHpLTkr3Q==/split_config.arm64_v8a.apk' with 1 weak references
09-18 07:27:19.662 16631 16637 W .apps.wellbeing: ApkAssets: Deleting an ApkAssets object '<empty> and /data/app/~~FujBn6NSI-_nirBNBL8TTg==/com.google.android.apps.youtube.kids-qZKQ6fUXp4V8sGHpLTkr3Q==/split_config.en.apk' with 1 weak references
09-18 07:27:19.662 15273 17045 W PlayGamesServices[DataBroker]: No player ID found when refreshing
09-18 07:27:19.662 16631 16637 W .apps.wellbeing: ApkAssets: Deleting an ApkAssets object '<empty> and /data/app/~~FujBn6NSI-_nirBNBL8TTg==/com.google.android.apps.youtube.kids-qZKQ6fUXp4V8sGHpLTkr3Q==/split_config.xhdpi.apk' with 1 weak references
09-18 07:27:19.662 16631 16637 W .apps.wellbeing: ApkAssets: Deleting an ApkAssets object '<empty> and /data/app/~~Io4aKRxuXoU6-b2MR9HxBg==/com.google.mainline.adservices-nFOSPjf9NVleT_fyqofK3A==/base.apk' with 1 weak references
09-18 07:27:19.662 15273 17045 W PlayGamesServices[DataBroker]: No player ID found when refreshing
09-18 07:27:19.663 16631 16637 W .apps.wellbeing: ApkAssets: Deleting an ApkAssets object '<empty> and /product/priv-app/DishDM/DishDM.apk' with 1 weak references
09-18 07:27:19.663 16631 16637 W .apps.wellbeing: ApkAssets: Deleting an ApkAssets object '<empty> and /data/app/~~RvE2asbtrLaDF4mMH1zeSQ==/com.facebook.system-2k_nSAfhiukKbb4R1V1P9g==/base.apk' with 1 weak references
09-18 07:27:19.663 16631 16637 W .apps.wellbeing: ApkAssets: Deleting an ApkAssets object '<empty> and /data/app/~~uBDOBzJZUkOhy_7EjflLVw==/com.aura.oobe.motorola-CATwz4Dqqq0Zfi-INMugoQ==/base.apk' with 1 weak references
09-18 07:27:19.664 16631 16637 W .apps.wellbeing: ApkAssets: Deleting an ApkAssets object '<empty> and /apex/com.android.healthfitness/priv-app/HealthConnectControllerGoogle@361153320/HealthConnectControllerGoogle.apk' with 1 weak references
09-18 07:27:19.670 16631 16637 W .apps.wellbeing: ApkAssets: Deleting an ApkAssets object '<empty> and /data/app/~~A_SClgP3MRNYiXjvtD5i3Q==/org.mozilla.firefox-Uq8wVhjSGEJCKEMOs8r2gQ==/base.apk' with 1 weak references
09-18 07:27:19.671 16631 16637 W .apps.wellbeing: ApkAssets: Deleting an ApkAssets object '<empty> and /data/app/~~A_SClgP3MRNYiXjvtD5i3Q==/org.mozilla.firefox-Uq8wVhjSGEJCKEMOs8r2gQ==/split_config.arm64_v8a.apk' with 1 weak references
09-18 07:27:19.671 16631 16637 W .apps.wellbeing: ApkAssets: Deleting an ApkAssets object '<empty> and /data/app/~~A_SClgP3MRNYiXjvtD5i3Q==/org.mozilla.firefox-Uq8wVhjSGEJCKEMOs8r2gQ==/split_config.xhdpi.apk' with 1 weak references
09-18 07:27:19.672 16631 16637 W .apps.wellbeing: ApkAssets: Deleting an ApkAssets object '<empty> and /system_ext/app/DciStatsService/DciStatsService.apk' with 1 weak references
09-18 07:27:19.672 16631 16637 W .apps.wellbeing: ApkAssets: Deleting an ApkAssets object '<empty> and /data/app/~~XoOy11lPhShaSkUkxbs--w==/vladyslavpohrebniakov.txtpad-9c8rY49ktJD6R7SNhSlKGg==/base.apk' with 1 weak references
09-18 07:27:19.672 16631 16637 W .apps.wellbeing: ApkAssets: Deleting an ApkAssets object '<empty> and /data/app/~~XoOy11lPhShaSkUkxbs--w==/vladyslavpohrebniakov.txtpad-9c8rY49ktJD6R7SNhSlKGg==/split_config.arm64_v8a.apk' with 1 weak references
09-18 07:27:19.672 16631 16637 W .apps.wellbeing: ApkAssets: Deleting an ApkAssets object '<empty> and /data/app/~~XoOy11lPhShaSkUkxbs--w==/vladyslavpohrebniakov.txtpad-9c8rY49ktJD6R7SNhSlKGg==/split_config.en.apk' with 1 weak references
09-18 07:27:19.672 16631 16637 W .apps.wellbeing: ApkAssets: Deleting an ApkAssets object '<empty> and /data/app/~~XoOy11lPhShaSkUkxbs--w==/vladyslavpohrebniakov.txtpad-9c8rY49ktJD6R7SNhSlKGg==/split_config.xhdpi.apk' with 1 weak references
09-18 07:27:19.673 16631 16637 W .apps.wellbeing: ApkAssets: Deleting an ApkAssets object '<empty> and /data/app/~~MmJP0mJboxn01aOCuyZtkw==/com.motorola.fmplayer-zzR3sX58mlHx-gsjtlHevQ==/base.apk' with 1 weak references
09-18 07:27:19.673 15273 28571 W PlayGamesServices[UiUtils]: AppVersion: Cannot find the installed destination app.
09-18 07:27:19.674 16631 16637 W .apps.wellbeing: ApkAssets: Deleting an ApkAssets object '<empty> and /product/priv-app/FamilyLinkParentalControls/FamilyLinkParentalControls.apk' with 1 weak references
09-18 07:27:19.674 15273 28571 W PlayGamesServices[UiUtils]: AppVersionName: Cannot find the installed destination app.
09-18 07:27:19.675 15273 17044 I PlayGamesServices[GamesSyncAdapter]: Starting sync for bd20c07b
09-18 07:27:19.675 16631 16637 W .apps.wellbeing: ApkAssets: Deleting an ApkAssets object '<empty> and /product/priv-app/DishVVM/DishVVM.apk' with 1 weak references
09-18 07:27:19.675 15273 17047 I NetworkScheduler.Stats: (REDACTED) Task %s/%s finished executing. cause:%s result: %s elapsed_millis: %s uptime_millis: %s exec_start_elapsed_seconds: %s
09-18 07:27:19.675 16631 16637 W .apps.wellbeing: ApkAssets: Deleting an ApkAssets object '<empty> and /system_ext/priv-app/StorageManager/StorageManager.apk' with 1 weak references
09-18 07:27:19.676 16631 16637 W .apps.wellbeing: ApkAssets: Deleting an ApkAssets object '<empty> and /product/priv-app/DishCarrierApp/DishCarrierApp.apk' with 1 weak references
09-18 07:27:19.677 16631 16637 W .apps.wellbeing: ApkAssets: Deleting an ApkAssets object '<empty> and /system_ext/priv-app/MSimSettings/MSimSettings.apk' with 1 weak references
09-18 07:27:19.678 16631 16637 W .apps.wellbeing: ApkAssets: Deleting an ApkAssets object '/system_ext/overlay/MSimSettingsOverlay.apk' with 1 weak references
09-18 07:27:19.678 15273 17044 I PlayGamesServices[GamesSyncAdapter]: Sync duration for bd20c07b: 2
09-18 07:27:19.678 16631 16637 W .apps.wellbeing: ApkAssets: Deleting an ApkAssets object '<empty> and /system/app/BookmarkProvider/BookmarkProvider.apk' with 1 weak references
09-18 07:27:19.678 16631 16637 W .apps.wellbeing: ApkAssets: Deleting an ApkAssets object '<empty> and /system_ext/priv-app/Settings/Settings.apk' with 1 weak references
09-18 07:27:19.682 16631 16637 W .apps.wellbeing: ApkAssets: Deleting an ApkAssets object '/product/overlay/Settings__auto_generated_rro_product.apk' with 1 weak references
09-18 07:27:19.684 16631 16637 W .apps.wellbeing: ApkAssets: Deleting an ApkAssets object '/product/overlay/MotoSettingsGlobalOverlay.apk' with 1 weak references
09-18 07:27:19.684 16631 16637 W .apps.wellbeing: ApkAssets: Deleting an ApkAssets object '/product/overlay/MotoSettingsFPSSideOverlay.apk' with 1 weak references
09-18 07:27:19.685 16631 16637 W .apps.wellbeing: ApkAssets: Deleting an ApkAssets object '/product/overlay/MotoSettingsPowerBottomOverlay.apk' with 1 weak references
09-18 07:27:19.685 16631 16637 W .apps.wellbeing: ApkAssets: Deleting an ApkAssets object '<empty> and /product/priv-app/CricketMinusOne/CricketMinusOne.apk' with 1 weak references
09-18 07:27:19.685 16631 16637 W .apps.wellbeing: ApkAssets: Deleting an ApkAssets object '<empty> and /system_ext/priv-app/MotoSstSoundService/MotoSstSoundService.apk' with 1 weak references
09-18 07:27:19.686 16631 16637 W .apps.wellbeing: ApkAssets: Deleting an ApkAssets object '<empty> and /product/priv-app/WfcActivation/WfcActivation.apk' with 1 weak references
09-18 07:27:19.686 16631 16637 W .apps.wellbeing: ApkAssets: Deleting an ApkAssets object '<empty> and /data/app/~~ryR-S8DluFoQ5hs16503yw==/com.SpikeChunsoft.ShirenTheWanderer6Plus.ww-rFGW03EYwKLNzpvq9It5tg==/base.apk' with 1 weak references
09-18 07:27:19.686 16631 16637 W .apps.wellbeing: ApkAssets: Deleting an ApkAssets object '<empty> and /data/app/~~ryR-S8DluFoQ5hs16503yw==/com.SpikeChunsoft.ShirenTheWanderer6Plus.ww-rFGW03EYwKLNzpvq9It5tg==/split_UnityDataAssetPack.apk' with 1 weak references
09-18 07:27:19.686 16631 16637 W .apps.wellbeing: ApkAssets: Deleting an ApkAssets object '<empty> and /data/app/~~ryR-S8DluFoQ5hs16503yw==/com.SpikeChunsoft.ShirenTheWanderer6Plus.ww-rFGW03EYwKLNzpvq9It5tg==/split_config.arm64_v8a.apk' with 1 weak references
09-18 07:27:19.687 16631 16637 W .apps.wellbeing: ApkAssets: Deleting an ApkAssets object '<empty> and /data/app/~~-i8r_6Th_B2IxvsI5gLnhg==/com.termux-jvSapoVAycWNaSsEDeq5Lg==/base.apk' with 1 weak references
09-18 07:27:19.687 16631 16637 W .apps.wellbeing: ApkAssets: Deleting an ApkAssets object '<empty> and /data/app/~~8ll-AB_X7MiQ9-PtXYoVBw==/android.autoinstalls.config.motorola.layout-R-CTCkvqauMfWNsOKk8C4Q==/base.apk' with 1 weak references
09-18 07:27:19.687 16631 16637 W .apps.wellbeing: ApkAssets: Deleting an ApkAssets object '<empty> and /data/app/~~SnkyCkKnRiiiAnO9hOz-og==/com.google.android.projection.gearhead-DCcxv4AOIapVC6VFJzddvw==/base.apk' with 1 weak references
09-18 07:27:19.688 16631 16637 W .apps.wellbeing: ApkAssets: Deleting an ApkAssets object '<empty> and /data/app/~~SnkyCkKnRiiiAnO9hOz-og==/com.google.android.projection.gearhead-DCcxv4AOIapVC6VFJzddvw==/split_config.arm64_v8a.apk' with 1 weak references
09-18 07:27:19.688 16631 16637 W .apps.wellbeing: ApkAssets: Deleting an ApkAssets object '<empty> and /data/app/~~SnkyCkKnRiiiAnO9hOz-og==/com.google.android.projection.gearhead-DCcxv4AOIapVC6VFJzddvw==/split_config.en.apk' with 1 weak references
09-18 07:27:19.688 16631 16637 W .apps.wellbeing: ApkAssets: Deleting an ApkAssets object '<empty> and /data/app/~~SnkyCkKnRiiiAnO9hOz-og==/com.google.android.projection.gearhead-DCcxv4AOIapVC6VFJzddvw==/split_config.xhdpi.apk' with 1 weak references
09-18 07:27:19.688 16631 16637 W .apps.wellbeing: ApkAssets: Deleting an ApkAssets object '<empty> and /data/app/~~n7926GFCXo_-pT0kgFmx9g==/com.google.android.apps.giant-Hy_qoCk8pXChZLGk5IezoA==/base.apk' with 1 weak references
09-18 07:27:19.689 16631 16637 W .apps.wellbeing: ApkAssets: Deleting an ApkAssets object '<empty> and /data/app/~~n7926GFCXo_-pT0kgFmx9g==/com.google.android.apps.giant-Hy_qoCk8pXChZLGk5IezoA==/split_config.arm64_v8a.apk' with 1 weak references
09-18 07:27:19.689 16631 16637 W .apps.wellbeing: ApkAssets: Deleting an ApkAssets object '<empty> and /data/app/~~n7926GFCXo_-pT0kgFmx9g==/com.google.android.apps.giant-Hy_qoCk8pXChZLGk5IezoA==/split_config.xhdpi.apk' with 1 weak references
09-18 07:27:19.689 16631 16637 W .apps.wellbeing: ApkAssets: Deleting an ApkAssets object '<empty> and /product/priv-app/VzwOBDMStub/VzwOBDMStub.apk' with 1 weak references
09-18 07:27:19.689 16631 16637 W .apps.wellbeing: ApkAssets: Deleting an ApkAssets object '<empty> and /product/priv-app/SCONE/SCONE.apk' with 1 weak references
09-18 07:27:19.690 16631 16637 W .apps.wellbeing: ApkAssets: Deleting an ApkAssets object '<empty> and /product/priv-app/Turbo/Turbo.apk' with 1 weak references
09-18 07:27:19.690 16631 16637 W .apps.wellbeing: ApkAssets: Deleting an ApkAssets object '<empty> and /data/app/~~eH44wSSvKvmH2-1R2AUiPg==/com.anthropic.claude-34PT8gLBAsKVCTgHzz4FyA==/base.apk' with 1 weak references
09-18 07:27:19.691 16631 16637 W .apps.wellbeing: ApkAssets: Deleting an ApkAssets object '<empty> and /data/app/~~eH44wSSvKvmH2-1R2AUiPg==/com.anthropic.claude-34PT8gLBAsKVCTgHzz4FyA==/split_config.arm64_v8a.apk' with 1 weak references
09-18 07:27:19.691 16631 16637 W .apps.wellbeing: ApkAssets: Deleting an ApkAssets object '<empty> and /data/app/~~eH44wSSvKvmH2-1R2AUiPg==/com.anthropic.claude-34PT8gLBAsKVCTgHzz4FyA==/split_config.en.apk' with 1 weak references
09-18 07:27:19.691 16631 16637 W .apps.wellbeing: ApkAssets: Deleting an ApkAssets object '<empty> and /data/app/~~eH44wSSvKvmH2-1R2AUiPg==/com.anthropic.claude-34PT8gLBAsKVCTgHzz4FyA==/split_config.xhdpi.apk' with 1 weak references
09-18 07:27:19.691 16631 16637 W .apps.wellbeing: ApkAssets: Deleting an ApkAssets object '<empty> and /data/app/~~h1c-E9SaV4YSBBq-fIZY1g==/com.google.android.safetycore-AIBaJ0Iw_rXkpiltxZ8DoA==/base.apk' with 1 weak references
09-18 07:27:19.691 16631 16637 W .apps.wellbeing: ApkAssets: Deleting an ApkAssets object '<empty> and /data/app/~~h1c-E9SaV4YSBBq-fIZY1g==/com.google.android.safetycore-AIBaJ0Iw_rXkpiltxZ8DoA==/split_config.arm64_v8a.apk' with 1 weak references
09-18 07:27:19.691 16631 16637 W .apps.wellbeing: ApkAssets: Deleting an ApkAssets object '<empty> and /data/app/~~h1c-E9SaV4YSBBq-fIZY1g==/com.google.android.safetycore-AIBaJ0Iw_rXkpiltxZ8DoA==/split_config.en.apk' with 1 weak references
09-18 07:27:19.691 16631 16637 W .apps.wellbeing: ApkAssets: Deleting an ApkAssets object '<empty> and /data/app/~~h1c-E9SaV4YSBBq-fIZY1g==/com.google.android.safetycore-AIBaJ0Iw_rXkpiltxZ8DoA==/split_config.fr.apk' with 1 weak references
09-18 07:27:19.691 16631 16637 W .apps.wellbeing: ApkAssets: Deleting an ApkAssets object '<empty> and /data/app/~~h1c-E9SaV4YSBBq-fIZY1g==/com.google.android.safetycore-AIBaJ0Iw_rXkpiltxZ8DoA==/split_config.xhdpi.apk' with 1 weak references
09-18 07:27:19.692 16631 16637 W .apps.wellbeing: ApkAssets: Deleting an ApkAssets object '<empty> and /system_ext/priv-app/Launcher3QuickStep/Launcher3QuickStep.apk' with 1 weak references
09-18 07:27:19.692 16631 16637 W .apps.wellbeing: ApkAssets: Deleting an ApkAssets object '/product/overlay/MotoLauncherOverlayLowTier.apk' with 1 weak references
09-18 07:27:19.693 16631 16637 W .apps.wellbeing: ApkAssets: Deleting an ApkAssets object '/product/overlay/MotoLauncherOverlayKoodo.apk' with 1 weak references
09-18 07:27:19.693 16631 16637 W .apps.wellbeing: ApkAssets: Deleting an ApkAssets object '/product/overlay/MotoLauncherOverlayNA.apk' with 1 weak references
09-18 07:27:19.693 16631 16637 W .apps.wellbeing: ApkAssets: Deleting an ApkAssets object '<empty> and /product/priv-app/SpectrumCM/SpectrumCM.apk' with 1 weak references
09-18 07:27:19.694 16631 16637 W .apps.wellbeing: ApkAssets: Deleting an ApkAssets object '<empty> and /apex/com.android.wifi/priv-app/ServiceWifiResourcesGoogle@361153320/ServiceWifiResourcesGoogle.apk' with 1 weak references
09-18 07:27:19.694 16631 16637 W .apps.wellbeing: ApkAssets: Deleting an ApkAssets object '/product/overlay/WifiResCommonOverlay.apk' with 1 weak references
09-18 07:27:19.695 16631 16637 W .apps.wellbeing: ApkAssets: Deleting an ApkAssets object '<empty> and /system_ext/app/SlpcSystem/SlpcSystem.apk' with 1 weak references
09-18 07:27:19.695 16631 16637 W .apps.wellbeing: ApkAssets: Deleting an ApkAssets object '<empty> and /product/priv-app/VzwPhoneService/VzwPhoneService.apk' with 1 weak references
09-18 07:27:19.695 16631 16637 W .apps.wellbeing: ApkAssets: Deleting an ApkAssets object '<empty> and /data/app/~~x5KDnVWm4ijod-tBsl_W6A==/com.motorola.actions-CIpKzyy0hkPfezpgcDANAw==/base.apk' with 1 weak references
09-18 07:27:19.695 16631 16637 W .apps.wellbeing: ApkAssets: Deleting an ApkAssets object '<empty> and /data/app/~~x5KDnVWm4ijod-tBsl_W6A==/com.motorola.actions-CIpKzyy0hkPfezpgcDANAw==/split_config.arm64_v8a.apk' with 1 weak references
09-18 07:27:19.695 16631 16637 W .apps.wellbeing: ApkAssets: Deleting an ApkAssets object '<empty> and /data/app/~~x5KDnVWm4ijod-tBsl_W6A==/com.motorola.actions-CIpKzyy0hkPfezpgcDANAw==/split_config.en.apk' with 1 weak references
09-18 07:27:19.695 16631 16637 W .apps.wellbeing: ApkAssets: Deleting an ApkAssets object '<empty> and /data/app/~~x5KDnVWm4ijod-tBsl_W6A==/com.motorola.actions-CIpKzyy0hkPfezpgcDANAw==/split_config.xhdpi.apk' with 1 weak references
09-18 07:27:19.696 16631 16637 W .apps.wellbeing: ApkAssets: Deleting an ApkAssets object '<empty> and /product/priv-app/DeviceUnlock/DeviceUnlock.apk' with 1 weak references
09-18 07:27:19.696 16631 16637 W .apps.wellbeing: ApkAssets: Deleting an ApkAssets object '<empty> and /system_ext/priv-app/GoogleWallpapers/GoogleWallpapers.apk' with 1 weak references
09-18 07:27:19.696 15273 17044 W PlayGamesServices[DataBroker]: No player ID found when refreshing
09-18 07:27:19.697 15273 17044 W PlayGamesServices[DataBroker]: No player ID found when refreshing
09-18 07:27:19.697 16631 16637 W .apps.wellbeing: ApkAssets: Deleting an ApkAssets object '<empty> and /system_ext/priv-app/ModemStatsService/ModemStatsService.apk' with 1 weak references
09-18 07:27:19.697 15273 17044 W PlayGamesServices[DataBroker]: No player ID found when refreshing
09-18 07:27:19.697 15273 17044 W PlayGamesServices[DataBroker]: No player ID found when refreshing
09-18 07:27:19.697 16631 16637 W .apps.wellbeing: ApkAssets: Deleting an ApkAssets object '<empty> and /system/priv-app/TeleService/TeleService.apk' with 1 weak references
09-18 07:27:19.697 15273 17044 W PlayGamesServices[DataBroker]: No player ID found when refreshing
09-18 07:27:19.701 16631 16637 W .apps.wellbeing: ApkAssets: Deleting an ApkAssets object '/product/overlay/TeleServiceCarrierSettingsRRO.apk' with 1 weak references
09-18 07:27:19.701 16631 16637 W .apps.wellbeing: ApkAssets: Deleting an ApkAssets object '/product/overlay/TelephonyResMotCommon.apk' with 1 weak references
09-18 07:27:19.701 16631 16637 W .apps.wellbeing: ApkAssets: Deleting an ApkAssets object '/product/overlay/TelephonyResCommonQcomRRO.apk' with 1 weak references
09-18 07:27:19.704 16631 16637 W .apps.wellbeing: ApkAssets: Deleting an ApkAssets object '<empty> and /system/priv-app/Shell/Shell.apk' with 1 weak references
09-18 07:27:19.704 16631 16637 W .apps.wellbeing: ApkAssets: Deleting an ApkAssets object '<empty> and /system/priv-app/BlockedNumberProvider/BlockedNumberProvider.apk' with 1 weak references
09-18 07:27:19.705 16631 16637 W .apps.wellbeing: ApkAssets: Deleting an ApkAssets object '<empty> and /system_ext/priv-app/Personalize/Personalize.apk' with 1 weak references
09-18 07:27:19.705 16631 16637 W .apps.wellbeing: ApkAssets: Deleting an ApkAssets object '<empty> and /system/priv-app/UserDictionaryProvider/UserDictionaryProvider.apk' with 1 weak references
09-18 07:27:19.706 16631 16637 W .apps.wellbeing: ApkAssets: Deleting an ApkAssets object '<empty> and /data/app/~~j8kkR7_XBF_ajrwFtlmRJg==/com.google.android.apps.carrier.carrierwifi-_1B9eDek8v6Ut6Lri0jWXA==/base.apk' with 1 weak references
09-18 07:27:19.706 16631 16637 W .apps.wellbeing: ApkAssets: Deleting an ApkAssets object '<empty> and /data/app/~~cLB0I1ffO1BDW5NjfQNv4g==/com.adsk.sketchbook-1wOJEmY9-ia05-ngcJwCYA==/base.apk' with 1 weak references
09-18 07:27:19.706 16631 16637 W .apps.wellbeing: ApkAssets: Deleting an ApkAssets object '<empty> and /data/app/~~cLB0I1ffO1BDW5NjfQNv4g==/com.adsk.sketchbook-1wOJEmY9-ia05-ngcJwCYA==/split_config.arm64_v8a.apk' with 1 weak references
09-18 07:27:19.707 16631 16637 W .apps.wellbeing: ApkAssets: Deleting an ApkAssets object '<empty> and /data/app/~~cLB0I1ffO1BDW5NjfQNv4g==/com.adsk.sketchbook-1wOJEmY9-ia05-ngcJwCYA==/split_config.en.apk' with 1 weak references
09-18 07:27:19.707 16631 16637 W .apps.wellbeing: ApkAssets: Deleting an ApkAssets object '<empty> and /data/app/~~cLB0I1ffO1BDW5NjfQNv4g==/com.adsk.sketchbook-1wOJEmY9-ia05-ngcJwCYA==/split_config.xhdpi.apk' with 1 weak references
09-18 07:27:19.707 16631 16637 W .apps.wellbeing: ApkAssets: Deleting an ApkAssets object '<empty> and /system_ext/priv-app/xrcbservice/xrcbservice.apk' with 1 weak references
09-18 07:27:19.707 16631 16637 W .apps.wellbeing: ApkAssets: Deleting an ApkAssets object '<empty> and /product/app/GoogleLocationHistory/GoogleLocationHistory.apk' with 1 weak references
09-18 07:27:19.708 16631 16637 W .apps.wellbeing: ApkAssets: Deleting an ApkAssets object '<empty> and /product/overlay/NavigationBarModeGestural/NavigationBarModeGesturalOverlay.apk' with 1 weak references
09-18 07:27:19.708 15273 28571 W PlayGamesServices[UiUtils]: AppVersion: Cannot find the installed destination app.
09-18 07:27:19.708 16631 16637 W .apps.wellbeing: ApkAssets: Deleting an ApkAssets object '<empty> and /system/priv-app/FusedLocation/FusedLocation.apk' with 1 weak references
09-18 07:27:19.708 16631 16637 W .apps.wellbeing: ApkAssets: Deleting an ApkAssets object '<empty> and /system_ext/priv-app/SystemUIMoto/SystemUIMoto.apk' with 1 weak references
09-18 07:27:19.710 16631 16637 W .apps.wellbeing: ApkAssets: Deleting an ApkAssets object '/product/overlay/SystemUIMoto__auto_generated_rro_product.apk' with 1 weak references
09-18 07:27:19.710 15273 15573 I NetworkScheduler.Stats: (REDACTED) Task %s/%s finished executing. cause:%s result: %s elapsed_millis: %s uptime_millis: %s exec_start_elapsed_seconds: %s
09-18 07:27:19.710 16631 16637 W .apps.wellbeing: ApkAssets: Deleting an ApkAssets object '/data/resource-cache/com.android.systemui-GlanceOverlay-Wld4.frro' with 1 weak references
09-18 07:27:19.710 16631 16637 W .apps.wellbeing: ApkAssets: Deleting an ApkAssets object '<empty> and /product/app/MotCamera3AI/MotCamera3AI.apk' with 1 weak references
09-18 07:27:19.710 15273 28571 W PlayGamesServices[UiUtils]: AppVersionName: Cannot find the installed destination app.
09-18 07:27:19.711 16631 16637 W .apps.wellbeing: ApkAssets: Deleting an ApkAssets object '<empty> and /product/priv-app/DishInstallerApp/DishInstallerApp.apk' with 1 weak references
09-18 07:27:19.711 16631 16637 W .apps.wellbeing: ApkAssets: Deleting an ApkAssets object '<empty> and /product/app/YTMusic/YTMusic.apk' with 1 weak references
09-18 07:27:19.711 11459 11676 D BufferPoolAccessor2.0: bufferpool2 0x7978b1c428 : 0(0 size) total buffers - 0(0 size) used buffers - 1/7 (recycle/alloc) - 6/24 (fetch/transfer)
09-18 07:27:19.712 11459 11676 D BufferPoolAccessor2.0: Destruction - bufferpool2 0x7978b1c428 cached: 0/0M, 0/0% in use; allocs: 7, 14% recycled; transfers: 24, 75% unfetched
09-18 07:27:19.712 16631 16637 W .apps.wellbeing: ApkAssets: Deleting an ApkAssets object '<empty> and /data/app/~~JUU1YunRzTbmTPp4EKj2YQ==/com.authy.authy-1uhyAih-OUGMVHh04HZZKA==/base.apk' with 1 weak references
09-18 07:27:19.713 16631 16637 W .apps.wellbeing: ApkAssets: Deleting an ApkAssets object '<empty> and /product/priv-app/EasyPrefix/EasyPrefix.apk' with 1 weak references
09-18 07:27:19.713 16631 16637 W .apps.wellbeing: ApkAssets: Deleting an ApkAssets object '<empty> and /product/priv-app/AttMobileKey/AttMobileKey.apk' with 1 weak references
09-18 07:27:19.713 16631 16637 W .apps.wellbeing: ApkAssets: Deleting an ApkAssets object '<empty> and /system/app/BluetoothMidiService/BluetoothMidiService.apk' with 1 weak references
09-18 07:27:19.714 16631 16637 W .apps.wellbeing: ApkAssets: Deleting an ApkAssets object '<empty> and /product/priv-app/AttPersonalCloud/AttPersonalCloud.apk' with 1 weak references
09-18 07:27:19.714 16631 16637 W .apps.wellbeing: ApkAssets: Deleting an ApkAssets object '<empty> and /data/app/~~ZEQ3Yxf3nBwuqJ1mvn-5gw==/com.facebook.appmanager-3mMg9v_QGLzEFrG-Hwk2KQ==/base.apk' with 1 weak references
09-18 07:27:19.718 16631 16637 W .apps.wellbeing: ApkAssets: Deleting an ApkAssets object '<empty> and /product/app/TheScoop/TheScoop.apk' with 1 weak references
09-18 07:27:19.718 16631 16637 W .apps.wellbeing: ApkAssets: Deleting an ApkAssets object '<empty> and /data/app/~~NvCU4RVA-pBSU0XiuGJ-6A==/com.ebay.mobile-frAKbtq0MUHGnUCRHigLHA==/base.apk' with 1 weak references
09-18 07:27:19.719 16631 16637 W .apps.wellbeing: ApkAssets: Deleting an ApkAssets object '<empty> and /data/app/~~NvCU4RVA-pBSU0XiuGJ-6A==/com.ebay.mobile-frAKbtq0MUHGnUCRHigLHA==/split_config.arm64_v8a.apk' with 1 weak references
09-18 07:27:19.719 16631 16637 W .apps.wellbeing: ApkAssets: Deleting an ApkAssets object '<empty> and /data/app/~~NvCU4RVA-pBSU0XiuGJ-6A==/com.ebay.mobile-frAKbtq0MUHGnUCRHigLHA==/split_config.en.apk' with 1 weak references
09-18 07:27:19.720 16631 16637 W .apps.wellbeing: ApkAssets: Deleting an ApkAssets object '<empty> and /data/app/~~NvCU4RVA-pBSU0XiuGJ-6A==/com.ebay.mobile-frAKbtq0MUHGnUCRHigLHA==/split_config.xhdpi.apk' with 1 weak references
09-18 07:27:19.720 16631 16637 W .apps.wellbeing: ApkAssets: Deleting an ApkAssets object '<empty> and /system/app/AuraJetAtt/AuraJetAtt.apk' with 1 weak references
09-18 07:27:19.721 16631 16637 W .apps.wellbeing: ApkAssets: Deleting an ApkAssets object '<empty> and /product/priv-app/CallGuardian/CallGuardian.apk' with 1 weak references
09-18 07:27:19.721 16631 16637 W .apps.wellbeing: ApkAssets: Deleting an ApkAssets object '<empty> and /data/app/~~tbtJ2EmrgvKfGgA27jgkng==/com.td.myspend-ZEfGZl_GdjW489GJlzFBlQ==/base.apk' with 1 weak references
09-18 07:27:19.721 16631 16637 W .apps.wellbeing: ApkAssets: Deleting an ApkAssets object '<empty> and /product/priv-app/coreservice/coreservice.apk' with 1 weak references
09-18 07:27:19.722 16631 16637 W .apps.wellbeing: ApkAssets: Deleting an ApkAssets object '<empty> and /system/app/Traceur/Traceur.apk' with 1 weak references
09-18 07:27:19.722 11459 17059 I CCodec  : Created component [c2.android.vorbis.decoder]
09-18 07:27:19.722 16631 16637 W .apps.wellbeing: ApkAssets: Deleting an ApkAssets object '<empty> and /apex/com.android.cellbroadcast/priv-app/GoogleCellBroadcastApp@361153320/GoogleCellBroadcastApp.apk' with 1 weak references
09-18 07:27:19.724 11459 17059 D CCodecConfig: read media type: audio/vorbis
09-18 07:27:19.725 16631 16637 W .apps.wellbeing: ApkAssets: Deleting an ApkAssets object '/product/overlay/MotoCellBroadcastReceiverOverlay.apk' with 1 weak references
09-18 07:27:19.725 16631 16637 W .apps.wellbeing: ApkAssets: Deleting an ApkAssets object '<empty> and /product/priv-app/VzwDeviceSetup/VzwDeviceSetup.apk' with 1 weak references
09-18 07:27:19.726 16631 16637 W .apps.wellbeing: ApkAssets: Deleting an ApkAssets object '<empty> and /system_ext/priv-app/MotoFeatureDiscovery/MotoFeatureDiscovery.apk' with 1 weak references
09-18 07:27:19.726 16631 16637 W .apps.wellbeing: ApkAssets: Deleting an ApkAssets object '<empty> and /system_ext/app/QCC/QCC.apk' with 1 weak references
09-18 07:27:19.726 16631 16637 W .apps.wellbeing: ApkAssets: Deleting an ApkAssets object '<empty> and /system/app/Bluetooth/Bluetooth.apk' with 1 weak references
09-18 07:27:19.727 16631 16637 W .apps.wellbeing: ApkAssets: Deleting an ApkAssets object '<empty> and /product/app/TFWeather/TFWeather.apk' with 1 weak references
09-18 07:27:19.727 16631 16637 W .apps.wellbeing: ApkAssets: Deleting an ApkAssets object '<empty> and /data/app/~~z_Irwxk7zMhtLwxJBA-Sfw==/com.allakore.brainchat-b5inDQ1QjQzfE43d-qbPYQ==/base.apk' with 1 weak references
09-18 07:27:19.728 16631 16637 W .apps.wellbeing: ApkAssets: Deleting an ApkAssets object '<empty> and /data/app/~~z_Irwxk7zMhtLwxJBA-Sfw==/com.allakore.brainchat-b5inDQ1QjQzfE43d-qbPYQ==/split_config.arm64_v8a.apk' with 1 weak references
09-18 07:27:19.728 16631 16637 W .apps.wellbeing: ApkAssets: Deleting an ApkAssets object '<empty> and /data/app/~~z_Irwxk7zMhtLwxJBA-Sfw==/com.allakore.brainchat-b5inDQ1QjQzfE43d-qbPYQ==/split_config.en.apk' with 1 weak references
09-18 07:27:19.728 16631 16637 W .apps.wellbeing: ApkAssets: Deleting an ApkAssets object '<empty> and /data/app/~~z_Irwxk7zMhtLwxJBA-Sfw==/com.allakore.brainchat-b5inDQ1QjQzfE43d-qbPYQ==/split_config.xhdpi.apk' with 1 weak references
09-18 07:27:19.728 16631 16637 W .apps.wellbeing: ApkAssets: Deleting an ApkAssets object '<empty> and /system/priv-app/ContactsProvider/ContactsProvider.apk' with 1 weak references
09-18 07:27:19.728 16631 16637 W .apps.wellbeing: ApkAssets: Deleting an ApkAssets object '<empty> and /product/priv-app/VzwController/VzwController.apk' with 1 weak references
09-18 07:27:19.729 16631 16637 W .apps.wellbeing: ApkAssets: Deleting an ApkAssets object '<empty> and /product/overlay/IconShapeRoundedRect/IconShapeRoundedRectOverlay.apk' with 1 weak references
09-18 07:27:19.729 11459 17059 D ReflectedParamUpdater: extent() != 1 for single value type: algo.buffers.max-count.values
09-18 07:27:19.729 16631 16637 W .apps.wellbeing: ApkAssets: Deleting an ApkAssets object '<empty> and /product/overlay/NavigationBarModeGesturalNarrowBack/NavigationBarModeGesturalOverlayNarrowBack.apk' with 1 weak references
09-18 07:27:19.729 11459 17059 D ReflectedParamUpdater: extent() != 1 for single value type: output.subscribed-indices.values
09-18 07:27:19.730 16631 16637 W .apps.wellbeing: ApkAssets: Deleting an ApkAssets object '<empty> and /apex/com.android.devicelock/priv-app/DeviceLockController@U1TFS34M.100-35-14-1-21/DeviceLockController.apk' with 1 weak references
09-18 07:27:19.730 11459 17059 D ReflectedParamUpdater: extent() != 1 for single value type: input.buffers.allocator-ids.values
09-18 07:27:19.730 11459 17059 D ReflectedParamUpdater: extent() != 1 for single value type: output.buffers.allocator-ids.values
09-18 07:27:19.730 11459 17059 D ReflectedParamUpdater: extent() != 1 for single value type: algo.buffers.allocator-ids.values
09-18 07:27:19.730 16631 16637 W .apps.wellbeing: ApkAssets: Deleting an ApkAssets object '<empty> and /system_ext/priv-app/ImagerTuning-U/ImagerTuning-U.apk' with 1 weak references
09-18 07:27:19.730 11459 17059 D ReflectedParamUpdater: extent() != 1 for single value type: output.buffers.pool-ids.values
09-18 07:27:19.730 11459 17059 D ReflectedParamUpdater: extent() != 1 for single value type: algo.buffers.pool-ids.values
09-18 07:27:19.730 16631 16637 W .apps.wellbeing: ApkAssets: Deleting an ApkAssets object '<empty> and /apex/com.android.mediaprovider/priv-app/PhotopickerGoogle@361153920/PhotopickerGoogle.apk' with 1 weak references
09-18 07:27:19.731 16631 16637 W .apps.wellbeing: ApkAssets: Deleting an ApkAssets object '<empty> and /data/app/~~dmMoFFXjE4651ssYVfBe_Q==/com.motorola.om-CFQT4GkG4bD2QBfQA3_RaQ==/base.apk' with 1 weak references
09-18 07:27:19.731 16631 16637 W .apps.wellbeing: ApkAssets: Deleting an ApkAssets object '<empty> and /data/app/~~dmMoFFXjE4651ssYVfBe_Q==/com.motorola.om-CFQT4GkG4bD2QBfQA3_RaQ==/split_config.arm64_v8a.apk' with 1 weak references
09-18 07:27:19.731 16631 16637 W .apps.wellbeing: ApkAssets: Deleting an ApkAssets object '<empty> and /data/app/~~dmMoFFXjE4651ssYVfBe_Q==/com.motorola.om-CFQT4GkG4bD2QBfQA3_RaQ==/split_config.en.apk' with 1 weak references
09-18 07:27:19.731 16631 16637 W .apps.wellbeing: ApkAssets: Deleting an ApkAssets object '<empty> and /data/app/~~dmMoFFXjE4651ssYVfBe_Q==/com.motorola.om-CFQT4GkG4bD2QBfQA3_RaQ==/split_config.xhdpi.apk' with 1 weak references
09-18 07:27:19.735 11459 17059 I CCodecConfig: query failed after returning 7 values (BAD_INDEX)
09-18 07:27:19.737 11459 17059 D CCodecConfig: c2 config diff is Dict {
09-18 07:27:19.737 11459 17059 D CCodecConfig:   c2::u32 coded.bitrate.value = 64000
09-18 07:27:19.737 11459 17059 D CCodecConfig:   c2::u32 input.buffers.max-size.value = 32768
09-18 07:27:19.737 11459 17059 D CCodecConfig:   c2::u32 input.delay.value = 0
09-18 07:27:19.737 11459 17059 D CCodecConfig:   string input.media-type.value = "audio/vorbis"
09-18 07:27:19.737 11459 17059 D CCodecConfig:   string output.media-type.value = "audio/raw"
09-18 07:27:19.737 11459 17059 D CCodecConfig:   c2::u32 raw.channel-count.value = 1
09-18 07:27:19.737 11459 17059 D CCodecConfig:   c2::u32 raw.sample-rate.value = 48000
09-18 07:27:19.737 11459 17059 D CCodecConfig: }
09-18 07:27:19.737 11459 17059 I MediaCodec: (0x7978bd7800) Component Allocated (c2.android.vorbis.decoder)
09-18 07:27:19.738 16631 16637 W .apps.wellbeing: ApkAssets: Deleting an ApkAssets object '<empty> and /data/app/~~fHJyMAb4E7Tj5tYqyegodg==/com.snapchat.android-bYyriDIMsoRlHAjYGMt6LA==/base.apk' with 1 weak references
09-18 07:27:19.738 16631 16637 W .apps.wellbeing: ApkAssets: Deleting an ApkAssets object '<empty> and /data/app/~~fHJyMAb4E7Tj5tYqyegodg==/com.snapchat.android-bYyriDIMsoRlHAjYGMt6LA==/split_bloops_dynamic_sdk.apk' with 1 weak references
09-18 07:27:19.738 16631 16637 W .apps.wellbeing: ApkAssets: Deleting an ApkAssets object '<empty> and /data/app/~~fHJyMAb4E7Tj5tYqyegodg==/com.snapchat.android-bYyriDIMsoRlHAjYGMt6LA==/split_bloops_dynamic_sdk.config.arm64_v8a.apk' with 1 weak references
09-18 07:27:19.738 16631 16637 W .apps.wellbeing: ApkAssets: Deleting an ApkAssets object '<empty> and /data/app/~~fHJyMAb4E7Tj5tYqyegodg==/com.snapchat.android-bYyriDIMsoRlHAjYGMt6LA==/split_config.arm64_v8a.apk' with 1 weak references
09-18 07:27:19.738 16631 16637 W .apps.wellbeing: ApkAssets: Deleting an ApkAssets object '<empty> and /data/app/~~fHJyMAb4E7Tj5tYqyegodg==/com.snapchat.android-bYyriDIMsoRlHAjYGMt6LA==/split_config.en.apk' with 1 weak references
09-18 07:27:19.739 16631 16637 W .apps.wellbeing: ApkAssets: Deleting an ApkAssets object '<empty> and /data/app/~~fHJyMAb4E7Tj5tYqyegodg==/com.snapchat.android-bYyriDIMsoRlHAjYGMt6LA==/split_config.xhdpi.apk' with 1 weak references
09-18 07:27:19.740 16631 16637 W .apps.wellbeing: ApkAssets: Deleting an ApkAssets object '<empty> and /data/app/~~8PRlV2d_dwIBOMudg7sduQ==/com.google.android.inputmethod.latin-qhT717ss1AWneyDpXeZvgA==/base.apk' with 1 weak references
09-18 07:27:19.742 16631 16637 W .apps.wellbeing: ApkAssets: Deleting an ApkAssets object '<empty> and /data/app/~~8PRlV2d_dwIBOMudg7sduQ==/com.google.android.inputmethod.latin-qhT717ss1AWneyDpXeZvgA==/split_brella_feature_split.apk' with 1 weak references
09-18 07:27:19.742 16631 16637 W .apps.wellbeing: ApkAssets: Deleting an ApkAssets object '<empty> and /data/app/~~8PRlV2d_dwIBOMudg7sduQ==/com.google.android.inputmethod.latin-qhT717ss1AWneyDpXeZvgA==/split_config.xhdpi.apk' with 1 weak references
09-18 07:27:19.742 16631 16637 W .apps.wellbeing: ApkAssets: Deleting an ApkAssets object '<empty> and /data/app/~~8PRlV2d_dwIBOMudg7sduQ==/com.google.android.inputmethod.latin-qhT717ss1AWneyDpXeZvgA==/split_dictation_feature_split.apk' with 1 weak references
09-18 07:27:19.742 16631 16637 W .apps.wellbeing: ApkAssets: Deleting an ApkAssets object '<empty> and /data/app/~~8PRlV2d_dwIBOMudg7sduQ==/com.google.android.inputmethod.latin-qhT717ss1AWneyDpXeZvgA==/split_tenoranimation_feature_split.apk' with 1 weak references
09-18 07:27:19.743 16631 16637 W .apps.wellbeing: ApkAssets: Deleting an ApkAssets object '<empty> and /product/priv-app/Vowifi/Vowifi.apk' with 1 weak references
09-18 07:27:19.743 16631 16637 W .apps.wellbeing: ApkAssets: Deleting an ApkAssets object '<empty> and /data/app/~~3X64zvJz8-2qY3yf0gLgcQ==/com.dti.motorola-AVwzffETFKmbqz7e5iTmMg==/base.apk' with 1 weak references
09-18 07:27:19.744 16631 16637 W .apps.wellbeing: ApkAssets: Deleting an ApkAssets object '<empty> and /data/app/~~3X64zvJz8-2qY3yf0gLgcQ==/com.dti.motorola-AVwzffETFKmbqz7e5iTmMg==/split_attribution.apk' with 1 weak references
09-18 07:27:19.744 16631 16637 W .apps.wellbeing: ApkAssets: Deleting an ApkAssets object '<empty> and /data/app/~~3X64zvJz8-2qY3yf0gLgcQ==/com.dti.motorola-AVwzffETFKmbqz7e5iTmMg==/split_contentMedia.apk' with 1 weak references
09-18 07:27:19.744 16631 16637 W .apps.wellbeing: ApkAssets: Deleting an ApkAssets object '<empty> and /data/app/~~3X64zvJz8-2qY3yf0gLgcQ==/com.dti.motorola-AVwzffETFKmbqz7e5iTmMg==/split_dynamicInstalls.apk' with 1 weak references
09-18 07:27:19.744 16631 16637 W .apps.wellbeing: ApkAssets: Deleting an ApkAssets object '<empty> and /data/app/~~3X64zvJz8-2qY3yf0gLgcQ==/com.dti.motorola-AVwzffETFKmbqz7e5iTmMg==/split_igniteCompat.apk' with 1 weak references
09-18 07:27:19.744 16631 16637 W .apps.wellbeing: ApkAssets: Deleting an ApkAssets object '<empty> and /data/app/~~3X64zvJz8-2qY3yf0gLgcQ==/com.dti.motorola-AVwzffETFKmbqz7e5iTmMg==/split_motorola.apk' with 1 weak references
09-18 07:27:19.744 16631 16637 W .apps.wellbeing: ApkAssets: Deleting an ApkAssets object '<empty> and /data/app/~~3X64zvJz8-2qY3yf0gLgcQ==/com.dti.motorola-AVwzffETFKmbqz7e5iTmMg==/split_notification.apk' with 1 weak references
09-18 07:27:19.744 16631 16637 W .apps.wellbeing: ApkAssets: Deleting an ApkAssets object '<empty> and /data/app/~~3X64zvJz8-2qY3yf0gLgcQ==/com.dti.motorola-AVwzffETFKmbqz7e5iTmMg==/split_packageUsageStats.apk' with 1 weak references
09-18 07:27:19.744 16631 16637 W .apps.wellbeing: ApkAssets: Deleting an ApkAssets object '<empty> and /data/app/~~3X64zvJz8-2qY3yf0gLgcQ==/com.dti.motorola-AVwzffETFKmbqz7e5iTmMg==/split_serviceLayer.apk' with 1 weak references
09-18 07:27:19.744 16631 16637 W .apps.wellbeing: ApkAssets: Deleting an ApkAssets object '<empty> and /data/app/~~3X64zvJz8-2qY3yf0gLgcQ==/com.dti.motorola-AVwzffETFKmbqz7e5iTmMg==/split_singleTap.apk' with 1 weak references
09-18 07:27:19.744 16631 16637 W .apps.wellbeing: ApkAssets: Deleting an ApkAssets object '<empty> and /data/app/~~3X64zvJz8-2qY3yf0gLgcQ==/com.dti.motorola-AVwzffETFKmbqz7e5iTmMg==/split_ui.apk' with 1 weak references
09-18 07:27:19.744 16631 16637 W .apps.wellbeing: ApkAssets: Deleting an ApkAssets object '<empty> and /data/app/~~3X64zvJz8-2qY3yf0gLgcQ==/com.dti.motorola-AVwzffETFKmbqz7e5iTmMg==/split_webview.apk' with 1 weak references
09-18 07:27:19.745 16631 16637 W .apps.wellbeing: ApkAssets: Deleting an ApkAssets object '<empty> and /data/app/~~3X64zvJz8-2qY3yf0gLgcQ==/com.dti.motorola-AVwzffETFKmbqz7e5iTmMg==/split_wizard.apk' with 1 weak references
09-18 07:27:19.745 16631 16637 W .apps.wellbeing: ApkAssets: Deleting an ApkAssets object '<empty> and /data/app/~~XDzIIMITlvtymeKGI74_yQ==/com.google.android.apps.restore-L_Yz-eJHOBlNcZlgB1CgkQ==/base.apk' with 1 weak references
09-18 07:27:19.746 16631 16637 W .apps.wellbeing: ApkAssets: Deleting an ApkAssets object '<empty> and /data/app/~~XDzIIMITlvtymeKGI74_yQ==/com.google.android.apps.restore-L_Yz-eJHOBlNcZlgB1CgkQ==/split_config.xhdpi.apk' with 1 weak references
09-18 07:27:19.757 11459 17053 I MediaCodec: (0x7978bd7800) configure surface(0x0) crypto(0x0) flags(0)
09-18 07:27:19.757 11459 17053 D MediaCodec: (0x7978bd7800) configure format: AMessage(what = 0x00000000) = {
09-18 07:27:19.757 11459 17053 D MediaCodec:       string mime = "audio/vorbis"
09-18 07:27:19.757 11459 17053 D MediaCodec:       int64_t durationUs = 116848
09-18 07:27:19.757 11459 17053 D MediaCodec:       int32_t track-id = 1
09-18 07:27:19.757 11459 17053 D MediaCodec:       Buffer csd-0 = {
09-18 07:27:19.757 11459 17053 D MediaCodec:         00000000:  01 76 6f 72 62 69 73 00  00 00 00 01 44 ac 00 00  .vorbis.....D...
09-18 07:27:19.757 11459 17053 D MediaCodec:         00000010:  00 00 00 00 00 77 01 00  00 00 00 00 b8 01        .....w........
09-18 07:27:19.757 11459 17053 D MediaCodec:       }
09-18 07:27:19.757 11459 17053 D MediaCodec:       Buffer *csd-1 = 0x7a08e1fd00
09-18 07:27:19.757 11459 17053 D MediaCodec:       int32_t bitrate = 96000
09-18 07:27:19.757 11459 17053 D MediaCodec:       int32_t channel-count = 1
09-18 07:27:19.757 11459 17053 D MediaCodec:       int32_t sample-rate = 44100
09-18 07:27:19.757 11459 17053 D MediaCodec:       int32_t channel-mask = 1
09-18 07:27:19.757 11459 17053 D MediaCodec:     }
09-18 07:27:19.757 11459 17059 D MediaCodec: flushMediametrics
09-18 07:27:19.758 11459 17059 D CCodec  : [c2.android.vorbis.decoder] buffers are bound to CCodec for this session
09-18 07:27:19.758 11459 17059 D CCodecConfig: no c2 equivalents for durationUs
09-18 07:27:19.758 11459 17059 D CCodecConfig: no c2 equivalents for track-id
09-18 07:27:19.758 11459 17059 D CCodecConfig: no c2 equivalents for csd-1
09-18 07:27:19.758 11459 17059 D CCodecConfig: no c2 equivalents for flags
09-18 07:27:19.760 11459 17059 D CCodecConfig: c2 config diff is   c2::u32 coded.bitrate.value = 96000
09-18 07:27:19.760 11459 17059 D CCodecConfig:   c2::u32 raw.sample-rate.value = 44100
09-18 07:27:19.760 15273 15273 D BoundBrokerSvc: onRebind: Intent { act=com.google.android.gms.semanticlocationhistory.service.START dat=chimera-action:/... cmp=com.google.android.gms/.chimera.GmsApiService }
09-18 07:27:19.760 11459 17059 W Codec2Client: query -- param skipped: index = 1107298332.
09-18 07:27:19.760 11459 17059 D CCodec  : encoding statistics level = 0
09-18 07:27:19.761 11459 17059 D CCodec  : setup formats input: AMessage(what = 0x00000000) = {
09-18 07:27:19.761 11459 17059 D CCodec  :   int32_t bitrate = 96000
09-18 07:27:19.761 11459 17059 D CCodec  :   int32_t channel-count = 1
09-18 07:27:19.761 11459 17059 D CCodec  :   int32_t max-input-size = 32768
09-18 07:27:19.761 11459 17059 D CCodec  :   string mime = "audio/vorbis"
09-18 07:27:19.761 11459 17059 D CCodec  :   int32_t sample-rate = 44100
09-18 07:27:19.761 11459 17059 D CCodec  : }
09-18 07:27:19.761 11459 17059 D CCodec  : setup formats output: AMessage(what = 0x00000000) = {
09-18 07:27:19.761 11459 17059 D CCodec  :   int32_t channel-count = 1
09-18 07:27:19.761 11459 17059 D CCodec  :   string mime = "audio/raw"
09-18 07:27:19.761 11459 17059 D CCodec  :   int32_t sample-rate = 44100
09-18 07:27:19.761 11459 17059 D CCodec  :   int32_t channel-mask = 1
09-18 07:27:19.761 11459 17059 D CCodec  :   int32_t android._config-pcm-encoding = 2
09-18 07:27:19.761 11459 17059 D CCodec  : }
09-18 07:27:19.761 11459 17059 I CCodecConfig: query failed after returning 7 values (BAD_INDEX)
09-18 07:27:19.761 11459 17053 I MediaCodec: (0x7978bd7800) start
09-18 07:27:19.763 11459 17059 W Codec2Client: query -- param skipped: index = 1342179345.
09-18 07:27:19.763 11459 17059 W Codec2Client: query -- param skipped: index = 2415921170.
09-18 07:27:19.767  1532  3390 D BufferPoolAccessor2.0: bufferpool2 0xb400007ae1f91228 : 0(0 size) total buffers - 0(0 size) used buffers - 8/10 (recycle/alloc) - 2/9 (fetch/transfer)
09-18 07:27:19.767 11459 17059 D CCodecBufferChannel: [c2.android.vorbis.decoder#450] Created input block pool with allocatorID 16 => poolID 584 - OK (0)
09-18 07:27:19.767  1532  3390 D BufferPoolAccessor2.0: Destruction - bufferpool2 0xb400007ae1f91228 cached: 0/0M, 0/0% in use; allocs: 10, 80% recycled; transfers: 9, 78% unfetched
09-18 07:27:19.771 11459 17059 I CCodecBufferChannel: [c2.android.vorbis.decoder#450] Created output block pool with allocatorID 16 => poolID 1581 - OK
09-18 07:27:19.772 11459 17059 D CCodecBufferChannel: [c2.android.vorbis.decoder#450] Configured output block pool ids 1581 => OK
09-18 07:27:19.774  1532 16768 E Codec2-ComponentInterface: We have a failed config
09-18 07:27:19.775 11459 17059 D CCodecBufferChannel: [c2.android.vorbis.decoder#450] start: updating output delay 0
09-18 07:27:19.778  1111  1273 I QC2CompStore: Setting heap usage to system
09-18 07:27:19.781 11459 17059 I MediaCodec: (0x7978bd7800) kWhatStartCompleted
09-18 07:27:19.782  1532 17063 D SimpleC2Component: Using output block pool with poolID 1581 => got 1581 - 0
09-18 07:27:19.802 11459 11459 I ImeTracker: com.termux:3ce3020e: onShown
09-18 07:27:19.810  1111  1273 I QC2CompStore: Setting heap usage to system
09-18 07:27:19.836 11459 17053 I MediaCodec: (0x7978bd7800) stop
09-18 07:27:19.836 11459 17059 D CCodecBufferChannel: [c2.android.vorbis.decoder#450] MediaCodec discarded an unknown buffer
09-18 07:27:19.836 11459 17059 D CCodecBufferChannel: [c2.android.vorbis.decoder#450] MediaCodec discarded an unknown buffer
09-18 07:27:19.838 11459 17053 I MediaCodec: (0x7978bd7800) release
09-18 07:27:19.842 11459 17059 I hw-BpHwBinder: onLastStrongRef automatically unlinking death recipients
09-18 07:27:19.842  1532 16768 I hw-BpHwBinder: onLastStrongRef automatically unlinking death recipients
09-18 07:27:19.843  1532 16768 I hw-BpHwBinder: onLastStrongRef automatically unlinking death recipients
09-18 07:27:19.844 11459 17053 D MediaCodec: flushMediametrics
09-18 07:27:19.844  1532 16768 D BufferPoolAccessor2.0: Destruction - bufferpool2 0xb400007ae1e5dc28 cached: 0/0M, 0/0% in use; allocs: 0, 0% recycled; transfers: 0, 0% unfetched
09-18 07:27:19.887  2598  2677 V WindowManagerShell: Transition animation finished (aborted=false), notifying core (#2677)android.os.BinderProxy@f747e7f@0
09-18 07:27:19.891  2153  2207 V WindowManager: Finish Transition #2677: created at 09-18 07:27:19.083 collect-started=0.068ms request-sent=0.194ms started=5.075ms ready=124.37ms sent=277.207ms finished=807.452ms
09-18 07:27:19.892  2153  5002 W ActivityManager: pid 2153 system sent binder code 7 with flags 1 to frozen apps and got error -32
09-18 07:27:19.893  2153  5002 D ActivityManager: Too many transaction errors, throttling freezer binder callback.
09-18 07:27:19.895  2153  5002 W WindowManager: Exception thrown during dispatchAppVisibility Window{69be26e u0 com.bkawrapper/com.bkawrapper.MainActivity EXITING}
09-18 07:27:19.895  2153  5002 W WindowManager: android.os.DeadObjectException
09-18 07:27:19.895  2153  5002 W WindowManager: 	at android.os.BinderProxy.transactNative(Native Method)
09-18 07:27:19.895  2153  5002 W WindowManager: 	at android.os.BinderProxy.transact(BinderProxy.java:586)
09-18 07:27:19.895  2153  5002 W WindowManager: 	at android.view.IWindow$Stub$Proxy.dispatchAppVisibility(IWindow.java:546)
09-18 07:27:19.895  2153  5002 W WindowManager: 	at com.android.server.wm.WindowState.sendAppVisibilityToClients(WindowState.java:3566)
09-18 07:27:19.895  2153  5002 W WindowManager: 	at com.android.server.wm.WindowContainer.sendAppVisibilityToClients(WindowContainer.java:1277)
09-18 07:27:19.895  2153  5002 W WindowManager: 	at com.android.server.wm.WindowToken.setClientVisible(WindowToken.java:497)
09-18 07:27:19.895  2153  5002 W WindowManager: 	at com.android.server.wm.ActivityRecord.setClientVisible(ActivityRecord.java:7440)
09-18 07:27:19.895  2153  5002 W WindowManager: 	at com.android.server.wm.ActivityRecord.postApplyAnimation(ActivityRecord.java:6009)
09-18 07:27:19.895  2153  5002 W WindowManager: 	at com.android.server.wm.ActivityRecord.commitVisibility(ActivityRecord.java:5952)
09-18 07:27:19.895  2153  5002 W WindowManager: 	at com.android.server.wm.Transition.finishTransition(Transition.java:1189)
09-18 07:27:19.895  2153  5002 W WindowManager: 	at com.android.server.wm.TransitionController.finishTransition(TransitionController.java:895)
09-18 07:27:19.895  2153  5002 W WindowManager: 	at com.android.server.wm.WindowOrganizerController.finishTransition(WindowOrganizerController.java:411)
09-18 07:27:19.895  2153  5002 W WindowManager: 	at android.window.IWindowOrganizerController$Stub.onTransact(IWindowOrganizerController.java:286)
09-18 07:27:19.895  2153  5002 W WindowManager: 	at com.android.server.wm.WindowOrganizerController.onTransact(WindowOrganizerController.java:196)
09-18 07:27:19.895  2153  5002 W WindowManager: 	at android.os.Binder.execTransactInternal(Binder.java:1385)
09-18 07:27:19.895  2153  5002 W WindowManager: 	at android.os.Binder.execTransact(Binder.java:1310)
09-18 07:27:19.895  2153  5002 I Process : Sending signal. PID: 16985 SIG: 9
09-18 07:27:19.903  2153  2396 D ActivityManager: freezing 16718 com.motorola.securityhub, reason = oom_cached
09-18 07:27:19.906  2153  2210 W ActivityManager: setHasOverlayUi called on unknown pid: 16985
09-18 07:27:19.911  2598  2677 V WindowManagerShell: Track 0 became idle
09-18 07:27:19.912  2598  2677 V WindowManagerShell: All active transition animations finished
09-18 07:27:19.933  1186  1186 E BpTransactionCompletedListener: Failed to transact (-32)
09-18 07:27:19.934  1186  1186 E BpTransactionCompletedListener: Failed to transact (-32)
09-18 07:27:20.079 15273 17064 I DropBoxUtil: (REDACTED) Reading dropbox entry with tag %s and timestamp %d
09-18 07:27:20.085 15273 17064 I DropBoxUtil: (REDACTED) Reading dropbox entry with tag %s and timestamp %d
09-18 07:27:20.092 15273 17064 I DropBoxUtil: (REDACTED) Reading dropbox entry with tag %s and timestamp %d
09-18 07:27:20.097 15273 17064 I DropBoxUtil: (REDACTED) Reading dropbox entry with tag %s and timestamp %d
09-18 07:27:20.140 15273 17064 I PlatformStatsUtil: (REDACTED) Uploading %d dropbox entries to Clearcut
09-18 07:27:20.176  2153  2396 D ActivityManager: freezing 16862 com.motorola.aiservices, reason = oom_cached
09-18 07:27:20.196  2153  5187 D CompatibilityChangeReporter: Compat change id reported: 261072174; UID 10244; state: ENABLED
09-18 07:27:21.204 10964 10964 W Finsky  : [2] STU: Failed to get storage stats for package 'com.google.android.media.swcodec' (1601: Error getting stats: android.content.pm.PackageManager.NameNotFoundException)
09-18 07:27:21.599  2153  5002 D CompatibilityChangeReporter: Compat change id reported: 135634846; UID 10224; state: DISABLED
09-18 07:27:21.599  2153  5002 D CompatibilityChangeReporter: Compat change id reported: 177438394; UID 10224; state: DISABLED
09-18 07:27:21.599  2153  5002 D CompatibilityChangeReporter: Compat change id reported: 135772972; UID 10224; state: DISABLED
09-18 07:27:21.599  2153  5002 D CompatibilityChangeReporter: Compat change id reported: 135754954; UID 10224; state: ENABLED
09-18 07:27:21.601  2153  2218 D CompatibilityChangeReporter: Compat change id reported: 143937733; UID 10224; state: ENABLED
09-18 07:27:21.612   977   977 D Zygote  : Forked child process 17067
09-18 07:27:21.612  2153  2218 I ActivityManager: Start proc 17067:com.motorola.moto/u0a224 for content provider {com.motorola.moto/com.motorola.data.engineprovider.EngineContentProvider}
09-18 07:27:21.633 17067 17067 I m.motorola.moto: Using CollectorTypeCMC GC.
09-18 07:27:21.644 17067 17067 D nativeloader: Load libframework-connectivity-tiramisu-jni.so using APEX ns com_android_tethering for caller /apex/com.android.tethering/javalib/framework-connectivity-t.jar: ok
09-18 07:27:21.655  2153  5002 D CompatibilityChangeReporter: Compat change id reported: 168419799; UID 10224; state: DISABLED
09-18 07:27:21.655  2153  5002 D CompatibilityChangeReporter: Compat change id reported: 273564678; UID 10224; state: DISABLED
09-18 07:27:21.665 17067 17067 D CompatibilityChangeReporter: Compat change id reported: 171979766; UID 10224; state: ENABLED
09-18 07:27:21.665  2153  2382 D CompatibilityChangeReporter: Compat change id reported: 265195908; UID 10224; state: ENABLED
09-18 07:27:21.665 17067 17067 D CompatibilityChangeReporter: Compat change id reported: 242716250; UID 10224; state: ENABLED
09-18 07:27:21.666 12066 19181 V BinderSender: Uid 10224 starts
09-18 07:27:21.671 12066 19181 V BinderSender: Uid 10224 already starts
09-18 07:27:21.671  2153  5002 D CompatibilityChangeReporter: Compat change id reported: 170503758; UID 10224; state: ENABLED
09-18 07:27:21.683 17067 17067 D nativeloader: Configuring clns-4 for other apk /system/framework/com.motorola.motosignature.jar. target_sdk_version=36, uses_libraries=ALL, library_path=/data/app/~~HNrD2Ksu0bSVXUj0ljYkdg==/com.motorola.moto-T2StRnpjTx4E6spOPs4SwQ==/lib/arm64:/data/app/~~HNrD2Ksu0bSVXUj0ljYkdg==/com.motorola.moto-T2StRnpjTx4E6spOPs4SwQ==/base.apk!/lib/arm64-v8a:/data/app/~~HNrD2Ksu0bSVXUj0ljYkdg==/com.motorola.moto-T2StRnpjTx4E6spOPs4SwQ==/split_config.arm64_v8a.apk!/lib/arm64-v8a:/data/app/~~HNrD2Ksu0bSVXUj0ljYkdg==/com.motorola.moto-T2StRnpjTx4E6spOPs4SwQ==/split_config.en.apk!/lib/arm64-v8a:/data/app/~~HNrD2Ksu0bSVXUj0ljYkdg==/com.motorola.moto-T2StRnpjTx4E6spOPs4SwQ==/split_config.xhdpi.apk!/lib/arm64-v8a, permitted_path=/data:/mnt/expand:/data/user/0/com.motorola.moto
09-18 07:27:21.683 17067 17067 D nativeloader: Extending system_exposed_libraries: libbinauralrenderer_wrapper.qti.so:libhoaeffects.qti.so:libQOC.qti.so:libimgTuner_jni.motoimagetuner.so:libparamupdater_jni.motoparamupdater.so:libupdateprof.qti.so:libQOC.qti.so:libdiag_system.qti.so:libqape.qti.so:libqesdk_ndk_platform.qti.so:liblistenjni.qti.so
09-18 07:27:21.692 17067 17067 D nativeloader: Configuring clns-5 for other apk /system/framework/org.apache.http.legacy.jar. target_sdk_version=36, uses_libraries=ALL, library_path=/data/app/~~HNrD2Ksu0bSVXUj0ljYkdg==/com.motorola.moto-T2StRnpjTx4E6spOPs4SwQ==/lib/arm64:/data/app/~~HNrD2Ksu0bSVXUj0ljYkdg==/com.motorola.moto-T2StRnpjTx4E6spOPs4SwQ==/base.apk!/lib/arm64-v8a:/data/app/~~HNrD2Ksu0bSVXUj0ljYkdg==/com.motorola.moto-T2StRnpjTx4E6spOPs4SwQ==/split_config.arm64_v8a.apk!/lib/arm64-v8a:/data/app/~~HNrD2Ksu0bSVXUj0ljYkdg==/com.motorola.moto-T2StRnpjTx4E6spOPs4SwQ==/split_config.en.apk!/lib/arm64-v8a:/data/app/~~HNrD2Ksu0bSVXUj0ljYkdg==/com.motorola.moto-T2StRnpjTx4E6spOPs4SwQ==/split_config.xhdpi.apk!/lib/arm64-v8a, permitted_path=/data:/mnt/expand:/data/user/0/com.motorola.moto
09-18 07:27:21.692 17067 17067 D nativeloader: Extending system_exposed_libraries: libbinauralrenderer_wrapper.qti.so:libhoaeffects.qti.so:libQOC.qti.so:libimgTuner_jni.motoimagetuner.so:libparamupdater_jni.motoparamupdater.so:libupdateprof.qti.so:libQOC.qti.so:libdiag_system.qti.so:libqape.qti.so:libqesdk_ndk_platform.qti.so:liblistenjni.qti.so
09-18 07:27:21.696 17067 17067 D nativeloader: Configuring clns-6 for other apk /system/framework/moto-core_services.jar. target_sdk_version=36, uses_libraries=ALL, library_path=/data/app/~~HNrD2Ksu0bSVXUj0ljYkdg==/com.motorola.moto-T2StRnpjTx4E6spOPs4SwQ==/lib/arm64:/data/app/~~HNrD2Ksu0bSVXUj0ljYkdg==/com.motorola.moto-T2StRnpjTx4E6spOPs4SwQ==/base.apk!/lib/arm64-v8a:/data/app/~~HNrD2Ksu0bSVXUj0ljYkdg==/com.motorola.moto-T2StRnpjTx4E6spOPs4SwQ==/split_config.arm64_v8a.apk!/lib/arm64-v8a:/data/app/~~HNrD2Ksu0bSVXUj0ljYkdg==/com.motorola.moto-T2StRnpjTx4E6spOPs4SwQ==/split_config.en.apk!/lib/arm64-v8a:/data/app/~~HNrD2Ksu0bSVXUj0ljYkdg==/com.motorola.moto-T2StRnpjTx4E6spOPs4SwQ==/split_config.xhdpi.apk!/lib/arm64-v8a, permitted_path=/data:/mnt/expand:/data/user/0/com.motorola.moto
09-18 07:27:21.696 17067 17067 D nativeloader: Extending system_exposed_libraries: libbinauralrenderer_wrapper.qti.so:libhoaeffects.qti.so:libQOC.qti.so:libimgTuner_jni.motoimagetuner.so:libparamupdater_jni.motoparamupdater.so:libupdateprof.qti.so:libQOC.qti.so:libdiag_system.qti.so:libqape.qti.so:libqesdk_ndk_platform.qti.so:liblistenjni.qti.so
09-18 07:27:21.700 17067 17067 D nativeloader: Configuring clns-7 for other apk /system/framework/moto-checkin.jar. target_sdk_version=36, uses_libraries=ALL, library_path=/data/app/~~HNrD2Ksu0bSVXUj0ljYkdg==/com.motorola.moto-T2StRnpjTx4E6spOPs4SwQ==/lib/arm64:/data/app/~~HNrD2Ksu0bSVXUj0ljYkdg==/com.motorola.moto-T2StRnpjTx4E6spOPs4SwQ==/base.apk!/lib/arm64-v8a:/data/app/~~HNrD2Ksu0bSVXUj0ljYkdg==/com.motorola.moto-T2StRnpjTx4E6spOPs4SwQ==/split_config.arm64_v8a.apk!/lib/arm64-v8a:/data/app/~~HNrD2Ksu0bSVXUj0ljYkdg==/com.motorola.moto-T2StRnpjTx4E6spOPs4SwQ==/split_config.en.apk!/lib/arm64-v8a:/data/app/~~HNrD2Ksu0bSVXUj0ljYkdg==/com.motorola.moto-T2StRnpjTx4E6spOPs4SwQ==/split_config.xhdpi.apk!/lib/arm64-v8a, permitted_path=/data:/mnt/expand:/data/user/0/com.motorola.moto
09-18 07:27:21.700 17067 17067 D nativeloader: Extending system_exposed_libraries: libbinauralrenderer_wrapper.qti.so:libhoaeffects.qti.so:libQOC.qti.so:libimgTuner_jni.motoimagetuner.so:libparamupdater_jni.motoparamupdater.so:libupdateprof.qti.so:libQOC.qti.so:libdiag_system.qti.so:libqape.qti.so:libqesdk_ndk_platform.qti.so:liblistenjni.qti.so
09-18 07:27:21.738  2153  2382 I ActivityManager: PendingStartActivityUids startActivity to updateOomAdj delay:2152ms, uid:10395
09-18 07:27:21.747  2153  2490 D WifiStaIfaceHidlImpl: getCachedScanData is not implemented by HIDL
09-18 07:27:21.751  2153  2490 D WifiClientModeImpl[101413:wlan0]: updateLinkLayerStatsRssiSpeedFrequencyCapabilities rssi=-39 TxLinkspeed=433 freq=5180 RxLinkSpeed=433
09-18 07:27:21.752  2153  2490 D WifiDataStall: tx tput in kbps: 387247
09-18 07:27:21.752  2153  2490 D WifiDataStall: rx tput in kbps: 407628
09-18 07:27:21.752  2153  2490 V WifiConfigManager: Updating scan detail cache freq=5180 BSSID=e8:2c:6d:c8:6a:84 RSSI=-39 for "XCI-6a83-5G"WPA_PSK
09-18 07:27:21.753  2153  2490 D WifiDataStall:  ccaLevel = 15
09-18 07:27:21.753  2153  2490 D WifiDataStall: L2 txTputKbps: 387247, rxTputKbps: 407628, L3 txTputKbps: 0, rxTputKbps: 0, TxTrafficHigh: false, RxTrafficHigh: false, Throughput Sufficient: true
09-18 07:27:21.754  2153  2490 D WifiThroughputPredictor:  utilization (LLS) 15 isBluetoothConnected: false final utilization: 15
09-18 07:27:21.754  2153  2490 D WifiThroughputPredictor:  BW: 2 RSSI: -39 Nss: 1 Mode: 5 symDur: 3600 snrDb 35 bitPerTone: 6667 rate: 433 throughput: 407
09-18 07:27:21.754  2153  2490 D WifiThroughputPredictor:  utilization (LLS) 15 isBluetoothConnected: false final utilization: 15
09-18 07:27:21.754  2153  2490 D WifiThroughputPredictor:  BW: 2 RSSI: -39 Nss: 1 Mode: 5 symDur: 3600 snrDb 35 bitPerTone: 6667 rate: 433 throughput: 407
09-18 07:27:21.756  2153  6487 I MotoWifiScorer: onWifiUsabilityStats, seqNum: 10725, isSameBssidAndFreq: true, RSSI: -39, isThroughputSufficient: true, LinkSpeed: 433 Mbps, RxLinkSpeed: 433 Mbps
09-18 07:27:21.756  2153  2490 D WifiScoreCard: BSSID update SIGNAL_POLL ID: 1360832325 SSID: "XCI-6a83-5G", BSSID: e8:2c:6d:c8:6a:84, MAC: 76:bf:1f:15:dd:10, IP: /192.168.229.9, Security type: 2, Supplicant state: COMPLETED, Wi-Fi standard: 11ac, RSSI: -39, Link speed: 433Mbps, Tx Link speed: 433Mbps, Max Supported Tx Link speed: 433Mbps, Rx Link speed: 433Mbps, Max Supported Rx Link speed: 433Mbps, Frequency: 5180MHz, Net ID: 8, Metered hint: false, score: 60, isUsable: true, CarrierMerged: false, SubscriptionId: -1, IsPrimary: 1, Trusted: true, Restricted: false, Ephemeral: false, OEM paid: false, OEM private: false, OSU AP: false, FQDN: <none>, Provider friendly name: <none>, Requesting package name: <none>"XCI-6a83-5G"wpa2-pskMLO Information: , Is TID-To-Link negotiation supported by the AP: false, AP MLD Address: <none>, AP MLO Link Id: <none>, AP MLO Affiliated links: <none>, Vendor Data: <none>
09-18 07:27:21.756  2153  2490 D WifiScoreCard: txRate: 1 txSpeed: 433
09-18 07:27:21.756  2153  6487 I MotoWifiScorer: updateWifiUsabilityStats, seqNum: 10725, RSSI: -39, isThroughputSufficient: true, LinkSpeed: 433 Mbps, RxLinkSpeed: 433 Mbps
09-18 07:27:21.756  2153  2490 D WifiScoreCard: network update SIGNAL_POLL "XCI-6a83-5G" ID: 1628180958 RSSI -39 txSpeed -1
09-18 07:27:21.757  2153  6487 I MotoWifiScorer: updateWifiUsabilityStats, Duration: 3024, Rx Good: 2, Tx Good: 2, Tx Bad: 0 ( 0 % ), Tx Retry: 0 ( 0 % )
09-18 07:27:21.757  2153  6487 I WifiService: getCurrentNetwork uid=1000
09-18 07:27:21.757  2153  6487 I MotoWifiScorer: onWifiUsabilityStats, FinalScore: 60, RssiBasedScore: 60, LinkBonus: 0, TcpBonus: 0
09-18 07:27:21.758  2153  2490 D WifiClientModeImpl[101413:wlan0]:  ClientModeImpl$L2ConnectedState screen=on 131 0 "XCI-6a83-5G" e8:2c:6d:c8:6a:84 rssi=-39 f=5180 sc=60 link=433 tx=0.6, 0.0, 0.0 rx=0.6 bcn=804635 [on:165 tx:1 rx:1 period:3024] from screen [on:167677 period:748188] score=60
09-18 07:27:21.757  2598  3129 V WifiManager: TrafficStateCallbackProxy: onStateChanged state=3
09-18 07:27:21.758  2598 19198 V WifiManager: TrafficStateCallbackProxy: onStateChanged state=3
09-18 07:27:21.761  2598  2598 D StatusBarIconController: ignoring old pipeline callback because the new wifi icon is enabled
09-18 07:27:21.762  2153  6487 I MotoWifiScorer: onWifiUsabilityStats, WiFi Usable: true
09-18 07:27:21.768  2153  2497 D ConnectivityService: NetReassign [no changes] [c 0] [a 2] [i 3]
09-18 07:27:21.830 17067 17067 W m.motorola.moto: Failed to find entry 'classes.dex': Entry not found
09-18 07:27:21.832 17067 17067 W m.motorola.moto: Failed to find entry 'classes.dex': Entry not found
09-18 07:27:21.833 17067 17067 W m.motorola.moto: Failed to find entry 'classes.dex': Entry not found
09-18 07:27:21.833 17067 17067 D nativeloader: Configuring clns-8 for other apk /data/app/~~HNrD2Ksu0bSVXUj0ljYkdg==/com.motorola.moto-T2StRnpjTx4E6spOPs4SwQ==/base.apk:/data/app/~~HNrD2Ksu0bSVXUj0ljYkdg==/com.motorola.moto-T2StRnpjTx4E6spOPs4SwQ==/split_config.arm64_v8a.apk:/data/app/~~HNrD2Ksu0bSVXUj0ljYkdg==/com.motorola.moto-T2StRnpjTx4E6spOPs4SwQ==/split_config.en.apk:/data/app/~~HNrD2Ksu0bSVXUj0ljYkdg==/com.motorola.moto-T2StRnpjTx4E6spOPs4SwQ==/split_config.xhdpi.apk. target_sdk_version=36, uses_libraries=, library_path=/data/app/~~HNrD2Ksu0bSVXUj0ljYkdg==/com.motorola.moto-T2StRnpjTx4E6spOPs4SwQ==/lib/arm64:/data/app/~~HNrD2Ksu0bSVXUj0ljYkdg==/com.motorola.moto-T2StRnpjTx4E6spOPs4SwQ==/base.apk!/lib/arm64-v8a:/data/app/~~HNrD2Ksu0bSVXUj0ljYkdg==/com.motorola.moto-T2StRnpjTx4E6spOPs4SwQ==/split_config.arm64_v8a.apk!/lib/arm64-v8a:/data/app/~~HNrD2Ksu0bSVXUj0ljYkdg==/com.motorola.moto-T2StRnpjTx4E6spOPs4SwQ==/split_config.en.apk!/lib/arm64-v8a:/data/app/~~HNrD2Ksu0bSVXUj0ljYkdg==/com.motorola.moto-T2StRnpjTx4E6spOPs4SwQ==/split_config.xhdpi.apk!/li
09-18 07:27:21.850 17067 17067 D nativeloader: Load libframework-connectivity-jni.so using APEX ns com_android_tethering for caller /apex/com.android.tethering/javalib/framework-connectivity.jar: ok
09-18 07:27:21.854 17067 17067 V GraphicsEnvironment: Currently set values for:
09-18 07:27:21.854 17067 17067 V GraphicsEnvironment:   angle_gl_driver_selection_pkgs=[]
09-18 07:27:21.854 17067 17067 V GraphicsEnvironment:   angle_gl_driver_selection_values=[]
09-18 07:27:21.869 17067 17067 V GraphicsEnvironment: ANGLE GameManagerService for com.motorola.moto: false
09-18 07:27:21.869 17067 17067 V GraphicsEnvironment: com.motorola.moto is not listed in per-application setting
09-18 07:27:21.869 17067 17067 V GraphicsEnvironment: Neither updatable production driver nor prerelease driver is supported.
09-18 07:27:21.893 17067 17067 W [Koin]  : (+) override index 'com.motorola.motoaccount.eo1::_root_' -> '[Factory: 'com.motorola.data.broadcast.SetupQiraBroadcastImpl',binds:com.motorola.motoaccount.sn1,com.motorola.motoaccount.eo1]'
09-18 07:27:21.894 17067 17067 W [Koin]  : (+) override index 'com.motorola.motoaccount.sn1::_root_' -> '[Factory: 'com.motorola.data.broadcast.SetupQiraBroadcastImpl',binds:com.motorola.motoaccount.sn1,com.motorola.motoaccount.eo1]'
09-18 07:27:21.898 17067 17067 I MM.MotoApp: V4E - Loading V4 modules
09-18 07:27:21.900 17067 17067 I MM.MotoApp: V5E - Loading V5 modules
09-18 07:27:21.905 17067 17067 W [Koin]  : (+) override index 'com.motorola.motoaccount.sn1::_root_' -> '[Factory: 'com.motorola.motoaccount.p54',binds:com.motorola.motoaccount.sn1,com.motorola.motoaccount.eo1,com.motorola.motoaccount.fo1]'
09-18 07:27:21.905 17067 17067 W [Koin]  : (+) override index 'com.motorola.motoaccount.eo1::_root_' -> '[Factory: 'com.motorola.motoaccount.p54',binds:com.motorola.motoaccount.sn1,com.motorola.motoaccount.eo1,com.motorola.motoaccount.fo1]'
09-18 07:27:21.905 17067 17067 W [Koin]  : (+) override index 'com.motorola.motoaccount.fo1::_root_' -> '[Factory: 'com.motorola.motoaccount.p54',binds:com.motorola.motoaccount.sn1,com.motorola.motoaccount.eo1,com.motorola.motoaccount.fo1]'
09-18 07:27:21.908 17067 17067 W [Koin]  : (+) override index 'com.motorola.motoaccount.eo1::_root_' -> '[Factory: 'com.motorola.motoaccount.ur4',binds:com.motorola.motoaccount.eo1,com.motorola.motoaccount.sn1,com.motorola.motoaccount.do1,com.motorola.motoaccount.fo1]'
09-18 07:27:21.908 17067 17067 W [Koin]  : (+) override index 'com.motorola.motoaccount.sn1::_root_' -> '[Factory: 'com.motorola.motoaccount.ur4',binds:com.motorola.motoaccount.eo1,com.motorola.motoaccount.sn1,com.motorola.motoaccount.do1,com.motorola.motoaccount.fo1]'
09-18 07:27:21.908 17067 17067 W [Koin]  : (+) override index 'com.motorola.motoaccount.do1::_root_' -> '[Factory: 'com.motorola.motoaccount.ur4',binds:com.motorola.motoaccount.eo1,com.motorola.motoaccount.sn1,com.motorola.motoaccount.do1,com.motorola.motoaccount.fo1]'
09-18 07:27:21.908 17067 17067 W [Koin]  : (+) override index 'com.motorola.motoaccount.fo1::_root_' -> '[Factory: 'com.motorola.motoaccount.ur4',binds:com.motorola.motoaccount.eo1,com.motorola.motoaccount.sn1,com.motorola.motoaccount.do1,com.motorola.motoaccount.fo1]'
09-18 07:27:21.909 17067 17067 W [Koin]  : (+) override index 'com.motorola.motoaccount.do1::_root_' -> '[Factory: 'com.motorola.motoaccount.cs4',binds:com.motorola.motoaccount.do1]'
09-18 07:27:21.910 17067 17067 W [Koin]  : (+) override index 'com.motorola.data.datasource.InternalHeroProvider::_root_' -> '[Factory: 'com.motorola.motoaccount.pf1',binds:com.motorola.data.datasource.InternalHeroProvider]'
09-18 07:27:21.911 17067 17067 W [Koin]  : (+) override index 'com.motorola.data.datasource.InternalFeaturesProvider::_root_' -> '[Factory: 'com.motorola.motoaccount.k45',binds:com.motorola.data.datasource.InternalFeaturesProvider]'
09-18 07:27:21.911 17067 17067 W [Koin]  : (+) override index 'com.motorola.data.datasource.InternalFamilyProvider::_root_' -> '[Factory: 'com.motorola.motoaccount.z73',binds:com.motorola.data.datasource.InternalFamilyProvider]'
09-18 07:27:21.913 17067 17067 W [Koin]  : (+) override index 'com.motorola.motoaccount.sn1::_root_' -> '[Factory: 'com.motorola.motoaccount.m54',binds:com.motorola.motoaccount.sn1,com.motorola.motoaccount.eo1,com.motorola.motoaccount.fo1]'
09-18 07:27:21.913 17067 17067 W [Koin]  : (+) override index 'com.motorola.motoaccount.eo1::_root_' -> '[Factory: 'com.motorola.motoaccount.m54',binds:com.motorola.motoaccount.sn1,com.motorola.motoaccount.eo1,com.motorola.motoaccount.fo1]'
09-18 07:27:21.913 17067 17067 W [Koin]  : (+) override index 'com.motorola.motoaccount.fo1::_root_' -> '[Factory: 'com.motorola.motoaccount.m54',binds:com.motorola.motoaccount.sn1,com.motorola.motoaccount.eo1,com.motorola.motoaccount.fo1]'
09-18 07:27:21.913 17067 17067 W [Koin]  : (+) override index 'com.motorola.motoaccount.dn2::_root_' -> '[Factory: 'com.motorola.motoaccount.wn2',binds:com.motorola.motoaccount.dn2]'
09-18 07:27:21.913 17067 17067 W [Koin]  : (+) override index 'com.motorola.motoaccount.co1::_root_' -> '[Factory: 'com.motorola.motoaccount.jl1',binds:com.motorola.motoaccount.co1]'
09-18 07:27:21.914 17067 17067 W [Koin]  : (+) override index 'com.motorola.motoaccount.sn1::_root_' -> '[Factory: 'com.motorola.motoaccount.o54',binds:com.motorola.motoaccount.sn1,com.motorola.motoaccount.eo1]'
09-18 07:27:21.914 17067 17067 W [Koin]  : (+) override index 'com.motorola.motoaccount.eo1::_root_' -> '[Factory: 'com.motorola.motoaccount.o54',binds:com.motorola.motoaccount.sn1,com.motorola.motoaccount.eo1]'
09-18 07:27:21.922 17067 17067 D WM-WrkMgrInitializer: Initializing WorkManager with default configuration.
09-18 07:27:21.928 17067 17067 D WM-PackageManagerHelper: Skipping component enablement for androidx.work.impl.background.systemjob.SystemJobService
09-18 07:27:21.928 17067 17067 D WM-Schedulers: Created SystemJobScheduler and enabled SystemJobService
09-18 07:27:21.929 17067 17079 D WM-ForceStopRunnable: The default process name was not specified.
09-18 07:27:21.930 17067 17079 D WM-ForceStopRunnable: Performing cleanup operations.
09-18 07:27:21.933 17067 17067 I MM.MotoApp: MotoApp started, version: 9.0.745.23, flavor = release
09-18 07:27:21.935 17067 17077 E MM.MotoApp: Not found flag com.motorola.sensi.theme
09-18 07:27:21.943 17067 17077 E MM.MotoApp: Error on getSupportVersionInMotorolaSettings null
09-18 07:27:21.946  2153  5187 E DatabaseUtils: Writing exception to parcel
09-18 07:27:21.946  2153  5187 E DatabaseUtils: java.lang.SecurityException: Permission denial: writing to settings requires:com.motorola.permission.WRITE_SECURE_SETTINGS
09-18 07:27:21.946  2153  5187 E DatabaseUtils: 	at com.motorola.android.providers.settings.MotorolaSettingsProvider.enforceWritePermission(MotorolaSettingsProvider.java:1171)
09-18 07:27:21.946  2153  5187 E DatabaseUtils: 	at com.motorola.android.providers.settings.MotorolaSettingsProvider.mutateGlobalSetting(MotorolaSettingsProvider.java:742)
09-18 07:27:21.946  2153  5187 E DatabaseUtils: 	at com.motorola.android.providers.settings.MotorolaSettingsProvider.insertGlobalSetting(MotorolaSettingsProvider.java:712)
09-18 07:27:21.946  2153  5187 E DatabaseUtils: 	at com.motorola.android.providers.settings.MotorolaSettingsProvider.call(MotorolaSettingsProvider.java:248)
09-18 07:27:21.946  2153  5187 E DatabaseUtils: 	at android.content.ContentProvider.call(ContentProvider.java:2730)
09-18 07:27:21.946  2153  5187 E DatabaseUtils: 	at android.content.ContentProvider$Transport.call(ContentProvider.java:640)
09-18 07:27:21.946  2153  5187 E DatabaseUtils: 	at android.content.ContentProviderNative.onTransact(ContentProviderNative.java:307)
09-18 07:27:21.946  2153  5187 E DatabaseUtils: 	at android.os.Binder.execTransactInternal(Binder.java:1380)
09-18 07:27:21.946  2153  5187 E DatabaseUtils: 	at android.os.Binder.execTransact(Binder.java:1310)
09-18 07:27:21.947 17067 17077 E MM.MotoApp: Error on updateSupportVersionInMotorolaSettings Permission denial: writing to settings requires:com.motorola.permission.WRITE_SECURE_SETTINGS
09-18 07:27:21.956 17067 17067 E MM.MotoApp: Not found flag com.motorola.sensi.theme
09-18 07:27:21.957 17067 17067 E MM.MotoApp: Error on getSupportVersionInMotorolaSettings null
09-18 07:27:21.957  2153  5002 E DatabaseUtils: Writing exception to parcel
09-18 07:27:21.957  2153  5002 E DatabaseUtils: java.lang.SecurityException: Permission denial: writing to settings requires:com.motorola.permission.WRITE_SECURE_SETTINGS
09-18 07:27:21.957  2153  5002 E DatabaseUtils: 	at com.motorola.android.providers.settings.MotorolaSettingsProvider.enforceWritePermission(MotorolaSettingsProvider.java:1171)
09-18 07:27:21.957  2153  5002 E DatabaseUtils: 	at com.motorola.android.providers.settings.MotorolaSettingsProvider.mutateGlobalSetting(MotorolaSettingsProvider.java:742)
09-18 07:27:21.957  2153  5002 E DatabaseUtils: 	at com.motorola.android.providers.settings.MotorolaSettingsProvider.insertGlobalSetting(MotorolaSettingsProvider.java:712)
09-18 07:27:21.957  2153  5002 E DatabaseUtils: 	at com.motorola.android.providers.settings.MotorolaSettingsProvider.call(MotorolaSettingsProvider.java:248)
09-18 07:27:21.957  2153  5002 E DatabaseUtils: 	at android.content.ContentProvider.call(ContentProvider.java:2730)
09-18 07:27:21.957  2153  5002 E DatabaseUtils: 	at android.content.ContentProvider$Transport.call(ContentProvider.java:640)
09-18 07:27:21.957  2153  5002 E DatabaseUtils: 	at android.content.ContentProviderNative.onTransact(ContentProviderNative.java:307)
09-18 07:27:21.957  2153  5002 E DatabaseUtils: 	at android.os.Binder.execTransactInternal(Binder.java:1380)
09-18 07:27:21.957  2153  5002 E DatabaseUtils: 	at android.os.Binder.execTransact(Binder.java:1310)
09-18 07:27:21.957 17067 17067 E MM.MotoApp: Error on updateSupportVersionInMotorolaSettings Permission denial: writing to settings requires:com.motorola.permission.WRITE_SECURE_SETTINGS
09-18 07:27:21.959  2153  5002 D CompatibilityChangeReporter: Compat change id reported: 161145287; UID 10224; state: ENABLED
09-18 07:27:21.960 17067 17067 I Typeface: updateThemeFont new=RobotoSlab-Regular;old=sans-serif;new=RobotoSlab-Stacked;old=
09-18 07:27:21.960  2153  5002 I ActivityManager: Flag disabled. Ignoring finishAttachApplication from uid: 10224. pid: 17067
09-18 07:27:21.968 17067 17079 D CompatibilityChangeReporter: Compat change id reported: 160794467; UID 10224; state: ENABLED
09-18 07:27:21.975  2153  2802 I DataStallMonitor: TcpDataFromSnmp:2,2,0,0
09-18 07:27:21.983 17067 17086 D WM-PackageManagerHelper: Skipping component enablement for androidx.work.impl.background.systemalarm.RescheduleReceiver
09-18 07:27:22.157 15273 15273 D BoundBrokerSvc: onUnbind: Intent { act=com.google.android.gms.safetynet.service.START pkg=com.google.android.gms }
09-18 07:27:22.798 17087 17087 W bash    : type=1400 audit(0.0:101612): avc:  granted  { execute } for  name="rish" dev="dm-55" ino=2401523 scontext=u:r:untrusted_app_27:s0:c139,c257,c512,c768 tcontext=u:object_r:app_data_file:s0:c139,c257,c512,c768 tclass=file app=com.termux.tasker
09-18 07:27:22.814 17087 17087 W sh      : type=1400 audit(0.0:101613): avc:  granted  { execute } for  path="/data/data/com.termux/files/usr/lib/libtermux-exec-ld-preload.so" dev="dm-55" ino=2367477 scontext=u:r:untrusted_app_27:s0:c139,c257,c512,c768 tcontext=u:object_r:app_data_file:s0:c139,c257,c512,c768 tclass=file app=com.termux.tasker
09-18 07:27:22.822 17088 17088 W sh      : type=1400 audit(0.0:101614): avc:  granted  { execute } for  name="coreutils" dev="dm-55" ino=2364226 scontext=u:r:untrusted_app_27:s0:c139,c257,c512,c768 tcontext=u:object_r:app_data_file:s0:c139,c257,c512,c768 tclass=file app=com.termux.tasker
09-18 07:27:22.822 17088 17088 W sh      : type=1400 audit(0.0:101615): avc:  granted  { execute } for  name="coreutils" dev="dm-55" ino=2364226 scontext=u:r:untrusted_app_27:s0:c139,c257,c512,c768 tcontext=u:object_r:app_data_file:s0:c139,c257,c512,c768 tclass=file app=com.termux.tasker
09-18 07:27:22.822 17088 17088 W sh      : type=1400 audit(0.0:101616): avc:  granted  { execute } for  name="coreutils" dev="dm-55" ino=2364226 scontext=u:r:untrusted_app_27:s0:c139,c257,c512,c768 tcontext=u:object_r:app_data_file:s0:c139,c257,c512,c768 tclass=file app=com.termux.tasker
09-18 07:27:22.826 17088 17088 W sh      : type=1400 audit(0.0:101617): avc:  granted  { execute_no_trans } for  path="/data/data/com.termux/files/usr/bin/coreutils" dev="dm-55" ino=2364226 scontext=u:r:untrusted_app_27:s0:c139,c257,c512,c768 tcontext=u:object_r:app_data_file:s0:c139,c257,c512,c768 tclass=file app=com.termux.tasker
09-18 07:27:22.826 17088 17088 W dirname : type=1400 audit(0.0:101618): avc:  granted  { execute } for  path="/data/data/com.termux/files/usr/bin/coreutils" dev="dm-55" ino=2364226 scontext=u:r:untrusted_app_27:s0:c139,c257,c512,c768 tcontext=u:object_r:app_data_file:s0:c139,c257,c512,c768 tclass=file app=com.termux.tasker
09-18 07:27:22.830 17088 17088 W dirname : type=1400 audit(0.0:101619): avc:  denied  { search } for  name="tests" dev="dm-55" ino=114 scontext=u:r:untrusted_app_27:s0:c139,c257,c512,c768 tcontext=u:object_r:shell_test_data_file:s0 tclass=dir permissive=0 app=com.termux.tasker
09-18 07:27:22.830 17088 17088 W dirname : type=1400 audit(0.0:101620): avc:  denied  { search } for  name="tests" dev="dm-55" ino=114 scontext=u:r:untrusted_app_27:s0:c139,c257,c512,c768 tcontext=u:object_r:shell_test_data_file:s0 tclass=dir permissive=0 app=com.termux.tasker
09-18 07:27:23.135  1026  2352 I slpi    : STK3A5X ALS_OC: lux:6.984000, last_ps:0[317], CH0:18, CH2:0, CH4:0, AWAIT:127, ACRL:49, AGAIN:49, INT1:9, INT2:0, PS:114, LED:128, flag:65, state:7, scale:194.378
09-18 07:27:23.137 17090 17090 D AndroidRuntime: >>>>>> START com.android.internal.os.RuntimeInit uid 10395 <<<<<<
09-18 07:27:23.146 15890 15896 W riersettingsext: userfaultfd: MOVE ioctl seems unsupported: Connection timed out
09-18 07:27:23.157 17090 17090 I rish    : MMAP_TRYLOCK is supported in uffd errno:2 addr:0x77adca1000 size:4096
09-18 07:27:23.158 17090 17090 I AndroidRuntime: Using default boot image
09-18 07:27:23.158 17090 17090 I AndroidRuntime: Leaving lock profiling enabled
09-18 07:27:23.159 17090 17090 W libc    : Access denied finding property "odsign.verification.success"
09-18 07:27:23.166 17090 17090 W rish    : ART APEX data files are untrusted.
09-18 07:27:23.167 17090 17090 I rish    : Using CollectorTypeCMC GC.
09-18 07:27:23.167 17090 17090 E rish    : Error reading named image component header for /system/framework/boot.art, error: Image header from "/system/framework/arm64/boot.art" is invalid
09-18 07:27:23.167 17090 17090 E rish    : Could not create image space with image file '/system/framework/boot.art!/apex/com.android.art/etc/boot-image.prof!/system/etc/boot-image.prof:/system/framework/boot-framework-adservices.art'. Attempting to fall back to imageless running. Error was: Image header from "/system/framework/arm64/boot.art" is invalid
09-18 07:27:23.168 17090 17090 W rish    : Bump pointer space is not aligned to 2048KB. This can lead to longer stop-the-world pauses for compaction
09-18 07:27:23.835 17090 17090 D nativeloader: InitDefaultPublicLibraries for_preload=1: libandroid.so:libaaudio.so:libamidi.so:libbinder_ndk.so:libc.so:libcamera2ndk.so:libdl.so:libEGL.so:libGLESv1_CM.so:libGLESv2.so:libGLESv3.so:libicu.so:libicui18n.so:libicuuc.so:libjnigraphics.so:liblog.so:libmediandk.so:libm.so:libnativehelper.so:libnativewindow.so:libOpenMAXAL.so:libOpenSLES.so:libRS.so:libstdc++.so:libsync.so:libvulkan.so:libwebviewchromium_plat_support.so:libz.so
09-18 07:27:23.853 17090 17090 D nativeloader: Load libicu_jni.so using APEX ns com_android_art for caller /apex/com.android.art/javalib/core-oj.jar: ok
09-18 07:27:23.854 17090 17090 D rish    : Time zone APEX ICU file found: /apex/com.android.tzdata/etc/icu/icu_tzdata.dat
09-18 07:27:23.854 17090 17090 D rish    : I18n APEX ICU file found: /apex/com.android.i18n/etc/icu/icudt72l.dat
09-18 07:27:23.856 17090 17090 D nativeloader: Load libjavacore.so using APEX ns com_android_art for caller /apex/com.android.art/javalib/core-oj.jar: ok
09-18 07:27:23.859 17090 17090 D nativeloader: Load libopenjdk.so using APEX ns com_android_art for caller /apex/com.android.art/javalib/core-oj.jar: ok
09-18 07:27:23.903 17090 17090 I rish    : Priority-to-niceness mapping: 19, 16, 13, 10, 0, -2, -4, -5, -6, -8
09-18 07:27:23.976 17090 17090 W libc    : Access denied finding property "ro.product.name_for_attestation"
09-18 07:27:23.977 17090 17090 W libc    : Access denied finding property "ro.product.brand_for_attestation"
09-18 07:27:23.977 17090 17090 W libc    : Access denied finding property "ro.product.model_for_attestation"
09-18 07:27:23.970 17090 17090 W main    : type=1400 audit(0.0:101642): avc:  denied  { read } for  name="u:object_r:build_attestation_prop:s0" dev="tmpfs" ino=115 scontext=u:r:untrusted_app_27:s0:c139,c257,c512,c768 tcontext=u:object_r:build_attestation_prop:s0 tclass=file permissive=0 app=com.termux.tasker
09-18 07:27:23.974 17090 17090 W main    : type=1400 audit(0.0:101643): avc:  denied  { read } for  name="u:object_r:build_attestation_prop:s0" dev="tmpfs" ino=115 scontext=u:r:untrusted_app_27:s0:c139,c257,c512,c768 tcontext=u:object_r:build_attestation_prop:s0 tclass=file permissive=0 app=com.termux.tasker
09-18 07:27:23.974 17090 17090 W main    : type=1400 audit(0.0:101644): avc:  denied  { read } for  name="u:object_r:build_attestation_prop:s0" dev="tmpfs" ino=115 scontext=u:r:untrusted_app_27:s0:c139,c257,c512,c768 tcontext=u:object_r:build_attestation_prop:s0 tclass=file permissive=0 app=com.termux.tasker
09-18 07:27:24.143  2581  2581 D wpa_supplicant: wlan0: Control interface command 'ASSOCFREQ'
09-18 07:27:24.144  2581  2581 D wpa_supplicant: wlan0: ASSOCFREQ reply=5180,len=4
09-18 07:27:24.145  2581  2581 D wpa_supplicant: wlan0: Control interface command 'DRIVER SETTXPOWER 8'
09-18 07:27:24.243 17090 17090 D nativeloader: Load libframework-connectivity-tiramisu-jni.so using APEX ns com_android_tethering for caller /apex/com.android.tethering/javalib/framework-connectivity-t.jar: ok
09-18 07:27:24.245 17090 17090 D AndroidRuntime: Calling main entry rikka.shizuku.shell.ShizukuShellLoader
09-18 07:27:24.305  2153  2217 D CompatibilityChangeReporter: Compat change id reported: 135634846; UID 10594; state: DISABLED
09-18 07:27:24.305  2153  2217 D CompatibilityChangeReporter: Compat change id reported: 177438394; UID 10594; state: DISABLED
09-18 07:27:24.305  2153  2217 D CompatibilityChangeReporter: Compat change id reported: 135772972; UID 10594; state: DISABLED
09-18 07:27:24.306  2153  2217 D CompatibilityChangeReporter: Compat change id reported: 135754954; UID 10594; state: ENABLED
09-18 07:27:24.306  2153  2218 D CompatibilityChangeReporter: Compat change id reported: 143937733; UID 10594; state: ENABLED
09-18 07:27:24.316   977   977 D Zygote  : Forked child process 17100
09-18 07:27:24.317  2153  2218 I ActivityManager: Start proc 17100:moe.shizuku.privileged.api/u0a594 for broadcast {moe.shizuku.privileged.api/moe.shizuku.manager.receiver.ShizukuReceiver}
09-18 07:27:24.338 17100 17100 I .privileged.api: Using CollectorTypeCMC GC.
09-18 07:27:24.340  2581  2581 D wpa_supplicant: wlan0: Control interface command 'ASSOCFREQ'
09-18 07:27:24.341  2581  2581 D wpa_supplicant: wlan0: ASSOCFREQ reply=5180,len=4
09-18 07:27:24.341  2581  2581 D wpa_supplicant: wlan0: Control interface command 'DRIVER SETTXPOWER 8'
09-18 07:27:24.348 17100 17100 D nativeloader: Load libframework-connectivity-tiramisu-jni.so using APEX ns com_android_tethering for caller /apex/com.android.tethering/javalib/framework-connectivity-t.jar: ok
09-18 07:27:24.358  2153  3231 D CompatibilityChangeReporter: Compat change id reported: 168419799; UID 10594; state: DISABLED
09-18 07:27:24.358  2153  3231 D CompatibilityChangeReporter: Compat change id reported: 273564678; UID 10594; state: DISABLED
09-18 07:27:24.367  2153  2382 D CompatibilityChangeReporter: Compat change id reported: 265195908; UID 10594; state: ENABLED
09-18 07:27:24.367 12066 24440 V BinderSender: Uid 10594 starts
09-18 07:27:24.368 17100 17100 D CompatibilityChangeReporter: Compat change id reported: 171979766; UID 10594; state: ENABLED
09-18 07:27:24.368 17100 17100 D CompatibilityChangeReporter: Compat change id reported: 242716250; UID 10594; state: ENABLED
09-18 07:27:24.372 12066 24440 V Service : Add 0:moe.shizuku.privileged.api to power save temp whitelist for 30s
09-18 07:27:24.373  2153  5002 D CompatibilityChangeReporter: Compat change id reported: 170503758; UID 10594; state: ENABLED
09-18 07:27:24.402 17100 17100 D nativeloader: Configuring clns-4 for other apk /data/app/~~Dv4T6BEpk_s45bmUYlyQbA==/moe.shizuku.privileged.api-rTGD72UrVmX7eUpLfWFR4w==/base.apk. target_sdk_version=36, uses_libraries=, library_path=/data/app/~~Dv4T6BEpk_s45bmUYlyQbA==/moe.shizuku.privileged.api-rTGD72UrVmX7eUpLfWFR4w==/lib/arm64:/data/app/~~Dv4T6BEpk_s45bmUYlyQbA==/moe.shizuku.privileged.api-rTGD72UrVmX7eUpLfWFR4w==/base.apk!/lib/arm64-v8a, permitted_path=/data:/mnt/expand:/data/user/0/moe.shizuku.privileged.api
09-18 07:27:24.421 17100 17100 D nativeloader: Load libframework-connectivity-jni.so using APEX ns com_android_tethering for caller /apex/com.android.tethering/javalib/framework-connectivity.jar: ok
09-18 07:27:24.425 17100 17100 V GraphicsEnvironment: Currently set values for:
09-18 07:27:24.426 17100 17100 V GraphicsEnvironment:   angle_gl_driver_selection_pkgs=[]
09-18 07:27:24.426 17100 17100 V GraphicsEnvironment:   angle_gl_driver_selection_values=[]
09-18 07:27:24.426 17100 17100 V GraphicsEnvironment: ANGLE GameManagerService for moe.shizuku.privileged.api: false
09-18 07:27:24.426 17100 17100 V GraphicsEnvironment: moe.shizuku.privileged.api is not listed in per-application setting
09-18 07:27:24.427 17100 17100 V GraphicsEnvironment: Neither updatable production driver nor prerelease driver is supported.
09-18 07:27:24.434 17100 17100 W .privileged.api: Unsupported class loader: java.lang.Class<rikka.shizuku.R7>
09-18 07:27:24.534 17100 17100 W .privileged.api: Unsupported class loader: java.lang.Class<rikka.shizuku.R7>
09-18 07:27:24.534 17100 17100 W .privileged.api: Unsupported class loader: java.lang.Class<rikka.shizuku.R7>
09-18 07:27:24.541 17100 17100 D nativeloader: Load /data/app/~~Dv4T6BEpk_s45bmUYlyQbA==/moe.shizuku.privileged.api-rTGD72UrVmX7eUpLfWFR4w==/lib/arm64/libadb.so using class loader ns clns-4 (caller=/data/app/~~Dv4T6BEpk_s45bmUYlyQbA==/moe.shizuku.privileged.api-rTGD72UrVmX7eUpLfWFR4w==/base.apk): ok
09-18 07:27:24.556 17100 17100 I Typeface: updateThemeFont new=RobotoSlab-Regular;old=sans-serif;new=RobotoSlab-Stacked;old=
09-18 07:27:24.557 17100 17111 I ShizukuApplication: attachApplication
09-18 07:27:24.557 12066 24440 I Service : send binder to user app moe.shizuku.privileged.api in user 0
09-18 07:27:24.558  2153  5187 I ActivityManager: Flag disabled. Ignoring finishAttachApplication from uid: 10594. pid: 17100
09-18 07:27:24.560 12066 24440 V BinderSender: Uid 10594 already starts
09-18 07:27:24.560 17090 17090 W rish    : Unsupported class loader: java.lang.Class<dalvik.system.BaseDexClassLoader>
09-18 07:27:24.562  2153  5002 I ActivityManager: Killing 16203:android.process.media/u0a122 (adj 920, setSvc -10000): empty #13
09-18 07:27:24.569  2153  2235 I libprocessgroup: Successfully killed process cgroup uid 10122 pid 16203 in 5ms
09-18 07:27:24.583 17090 17090 W rish    : Unsupported class loader: java.lang.Class<dalvik.system.BaseDexClassLoader>
09-18 07:27:24.588  2153  5187 I ActivityManager: appDiedLocked: app=ProcessRecord{c6a62fa 16203:android.process.media/u0a122} thread=android.os.BinderProxy@4841dd2 fromBinderDied=true isKilledByAm=true reason=null
09-18 07:27:24.588   977   977 I Zygote  : Process 16203 exited due to signal 9 (Killed)
09-18 07:27:24.590  2153  5187 D ActivityTaskManager: handleAppDied: uid=10122,diedCount=1,lastDiedTime=95726738,forceStopUids=false
09-18 07:27:24.613 17090 17090 D nativeloader: InitApexLibraries:
09-18 07:27:24.613 17090 17090 D nativeloader:   com_android_art: libnativehelper.so
09-18 07:27:24.613 17090 17090 D nativeloader:   com_android_i18n: libicui18n.so:libicuuc.so:libicu.so
09-18 07:27:24.613 17090 17090 D nativeloader:   com_android_neuralnetworks: libneuralnetworks.so
09-18 07:27:24.613 17090 17090 D nativeloader: InitDefaultPublicLibraries for_preload=0: libandroid.so:libaaudio.so:libamidi.so:libbinder_ndk.so:libc.so:libcamera2ndk.so:libclang_rt.hwasan-aarch64-android.so:libdl.so:libEGL.so:libGLESv1_CM.so:libGLESv2.so:libGLESv3.so:libjnigraphics.so:liblog.so:libmediandk.so:libm.so:libnativewindow.so:libOpenMAXAL.so:libOpenSLES.so:libRS.so:libstdc++.so:libsync.so:libvulkan.so:libwebviewchromium_plat_support.so:libz.so
09-18 07:27:24.613 17090 17090 D nativeloader: Configuring clns-1 for other apk . target_sdk_version=0, uses_libraries=ALL, library_path=/data/app/~~Dv4T6BEpk_s45bmUYlyQbA==/moe.shizuku.privileged.api-rTGD72UrVmX7eUpLfWFR4w==/lib/arm64:/system/lib64:/system_ext/lib64, permitted_path=/data:/mnt/expand
09-18 07:27:24.614 17090 17090 D nativeloader: InitExtendedPublicLibraries: libbinauralrenderer_wrapper.qti.so:libhoaeffects.qti.so:libQOC.qti.so:libimgTuner_jni.motoimagetuner.so:libparamupdater_jni.motoparamupdater.so:libupdateprof.qti.so:libQOC.qti.so:libdiag_system.qti.so:libqape.qti.so:libqesdk_ndk_platform.qti.so:liblistenjni.qti.so
09-18 07:27:24.614 17090 17090 D nativeloader: Extending system_exposed_libraries: libbinauralrenderer_wrapper.qti.so:libhoaeffects.qti.so:libQOC.qti.so:libimgTuner_jni.motoimagetuner.so:libparamupdater_jni.motoparamupdater.so:libupdateprof.qti.so:libQOC.qti.so:libdiag_system.qti.so:libqape.qti.so:libqesdk_ndk_platform.qti.so:liblistenjni.qti.so
09-18 07:27:24.616 17090 17090 D nativeloader: InitApexLibraries:
09-18 07:27:24.616 17090 17090 D nativeloader:   
09-18 07:27:24.617 17090 17090 D nativeloader: InitVendorPublicLibraries: libportrait_repair_ppl3_ocl.so:libqti-perfd-client.so:libadsprpc.so:libcdsprpc.so:libsdsprpc.so:libfastcvopt.so:libOpenCL.so:libqmi_cci.so:libqmi_common_so.so:libqmiservices.so:libqmimotext.so:libiqi_bridge.so
09-18 07:27:24.617 17090 17090 D nativeloader: InitProductPublicLibraries: 
09-18 07:27:24.617 17090 17090 D nativeloader: Load /data/app/~~Dv4T6BEpk_s45bmUYlyQbA==/moe.shizuku.privileged.api-rTGD72UrVmX7eUpLfWFR4w==/lib/arm64/librish.so using isolated ns clns-1 (caller=/data/app/~~Dv4T6BEpk_s45bmUYlyQbA==/moe.shizuku.privileged.api-rTGD72UrVmX7eUpLfWFR4w==/base.apk): ok
09-18 07:27:24.627 17090 17090 I ShizukuApplication: attachApplication
09-18 07:27:24.633 17090 17090 D RISH    : istty stdin 1 stdout 0 stderr 1
09-18 07:27:24.635 12066 24440 D RISH    : ptmx 65
09-18 07:27:24.635 12066 24440 D RISH    : istty stdin 1 stdout 0 stderr 1
09-18 07:27:24.635 12066 24440 D RISH    : arg0=/system/bin/sh
09-18 07:27:24.635 12066 24440 D RISH    : arg1=-c
09-18 07:27:24.635 12066 24440 D RISH    : arg2=logcat -d -v threadtime
09-18 07:27:24.635 12066 24440 D RISH    : arg3=(null)
09-18 07:27:24.647 17113 17113 D RISH    : attempt to chdir /data/data/com.termux/files/home/b-k-aarch64
09-18 07:27:24.647 17113 17113 E RISH    : access /data/data/com.termux/files/home/b-k-aarch64 failed with 13: Permission denied
09-18 07:27:24.647 17113 17113 D RISH    : pts 52
09-18 07:27:24.647 17113 17113 D RISH    : pts -> in
09-18 07:27:24.647 17113 17113 D RISH    : pipe -> out
09-18 07:27:24.647 17113 17113 D RISH    : pts -> err
09-18 07:27:24.647 17113 17113 D RISH    : istty stdin 1 stdout 0 stderr 1
09-18 07:27:24.664 12066 24440 D RISH    : setWindowSize 28 44 704 840
09-18 07:27:24.681 10964 10964 W Finsky  : [2] STU: Failed to get storage stats for package 'com.google.android.adbd' (1601: Error getting stats: android.content.pm.PackageManager.NameNotFoundException)
09-18 07:27:24.711  1532  2365 D BufferPoolAccessor2.0: evictor expired: 1, evicted: 0
09-18 07:27:24.712 11459 11675 D BufferPoolAccessor2.0: evictor expired: 1, evicted: 0
09-18 07:27:24.714 10964 10964 W Finsky  : [2] STU: Failed to get storage stats for package 'com.android.i18n' (1601: Error getting stats: android.content.pm.PackageManager.NameNotFoundException)
